VehId,Trip,window_id,duration_s,sample_count,mean_speed_kmh,max_speed_kmh,std_speed_kmh,mean_pos_accel_ms2,max_pos_accel_ms2,mean_neg_accel_ms2,min_neg_accel_ms2,hard_braking_events,hard_braking_rate_min,rapid_accel_events,rapid_accel_rate_min,high_jerk_events,idle_ratio,mean_power_kw,total_energy_kwh
10,1558,0,107.2,129,35.55,54.63,16.47,1.118,6.0,-1.291,-8.0,8,4.48,9,5.04,29,0.062,4.5,0.1238
10,1561,0,120.1,133,21.47,53.05,16.17,1.025,6.0,-1.184,-6.037,8,4.0,7,3.5,35,0.105,9.1,0.2521
10,1561,1,120.8,131,26.16,47.44,15.62,1.497,6.0,-1.69,-7.648,18,8.94,10,4.97,36,0.084,4.85,0.1513
10,1561,2,119.4,143,21.13,44.01,14.48,1.582,6.0,-2.187,-8.0,15,7.54,15,7.54,48,0.119,4.12,0.1388
10,1561,3,101.1,127,23.13,51.04,16.99,1.084,5.815,-1.782,-8.0,9,5.34,10,5.93,37,0.087,5.33,0.1416
10,1567,0,120.2,121,20.49,36.93,12.87,1.011,5.981,-0.909,-4.398,4,2.0,7,3.49,27,0.149,7.0,0.2034
10,1567,1,120.6,142,24.94,41.83,12.23,1.082,6.0,-1.165,-6.537,10,4.98,7,3.48,41,0.056,4.87,0.1656
10,1567,2,117.3,89,10.08,37.4,12.92,1.828,6.0,-1.843,-6.861,9,4.6,7,3.58,29,0.371,5.03,0.1231
10,1568,0,120.9,176,37.02,49.09,9.2,0.854,6.0,-0.869,-4.769,5,2.48,7,3.47,38,0.0,5.9,0.1987
10,1568,1,119.2,67,4.28,28.08,6.45,0.996,2.741,-1.384,-4.676,7,3.52,3,1.51,20,0.448,1.62,0.0579
10,1568,2,74.6,41,16.74,42.29,17.41,1.191,5.917,-0.954,-2.944,1,0.8,2,1.61,7,0.317,5.77,0.0705
10,1572,0,120.4,132,29.69,58.74,16.33,1.213,6.0,-1.216,-4.37,8,3.99,8,3.99,34,0.098,9.64,0.2365
10,1572,1,111.3,140,26.81,47.68,13.81,1.026,6.0,-1.345,-8.0,16,8.63,8,4.31,35,0.079,2.41,0.0633
10,1572,2,119.7,144,16.58,48.12,14.89,1.655,6.0,-1.736,-8.0,15,7.52,19,9.52,57,0.16,6.76,0.1825
10,1572,3,22.7,32,22.12,47.81,16.37,1.742,6.0,-2.193,-4.657,4,10.57,8,21.15,13,0.094,12.72,0.0841
10,1578,0,119.6,223,25.54,42.92,14.06,1.713,6.0,-1.781,-8.0,28,14.05,26,13.04,108,0.112,4.95,0.1494
10,1578,1,114.6,201,14.72,34.95,11.13,1.496,6.0,-1.196,-5.75,11,5.76,18,9.42,66,0.219,4.82,0.1234
10,1582,0,54.3,122,25.82,38.82,10.35,1.311,5.204,-1.365,-8.0,10,11.05,10,11.05,46,0.0,2.82,0.0408
10,1585,0,120.5,125,29.36,73.92,32.11,0.487,1.222,-2.155,-8.0,14,6.97,0,0.0,31,0.496,1.47,0.0456
10,1585,1,120.2,223,31.06,62.19,17.6,1.735,6.0,-1.834,-8.0,26,12.98,29,14.48,101,0.099,6.25,0.1844
10,1599,0,119.3,195,42.17,65.98,22.73,0.423,1.009,-1.051,-7.944,13,6.54,0,0.0,39,0.128,2.06,0.0647
10,1599,1,118.0,207,23.58,51.58,16.47,1.512,6.0,-1.621,-8.0,20,10.17,21,10.68,95,0.184,7.68,0.2006
10,1599,2,123.2,200,27.42,52.19,17.16,1.677,6.0,-1.568,-7.111,19,9.25,23,11.2,85,0.155,5.77,0.1463
10,1599,3,120.4,149,16.02,50.72,16.53,1.543,6.0,-1.607,-8.0,9,4.49,10,4.98,48,0.356,2.15,0.0502
10,1599,4,53.4,108,21.55,42.13,13.88,1.657,6.0,-1.904,-7.185,22,24.72,12,13.48,60,0.12,2.28,0.0363
10,1601,0,120.8,231,27.29,50.83,17.44,1.557,6.0,-1.613,-6.324,32,15.89,24,11.92,115,0.177,8.51,0.2537
10,1601,1,87.2,156,22.1,42.36,15.03,1.627,6.0,-1.911,-8.0,18,12.39,19,13.07,83,0.179,6.35,0.1335
10,1602,0,77.8,165,30.84,43.64,12.28,0.817,6.0,-0.829,-5.093,6,4.63,8,6.17,47,0.036,3.43,0.0775
10,1615,0,120.8,214,31.01,64.79,21.71,1.506,6.0,-1.622,-7.231,23,11.42,21,10.43,95,0.14,6.61,0.1941
10,1625,0,107.9,210,51.92,67.99,17.84,0.785,5.833,-1.16,-6.12,16,8.9,8,4.45,60,0.062,7.24,0.1919
10,1625,1,113.3,216,35.22,56.58,16.22,1.281,6.0,-1.636,-8.0,22,11.65,22,11.65,93,0.083,7.43,0.2169
10,1625,2,115.4,163,22.91,45.11,16.28,1.731,6.0,-2.382,-8.0,19,9.88,20,10.4,73,0.215,3.49,0.0778
10,1625,3,76.8,130,20.57,41.61,13.28,2.558,6.0,-2.579,-8.0,18,14.06,32,25.0,73,0.162,6.42,0.0973
10,1629,0,120.3,258,29.19,50.34,13.77,1.169,6.0,-0.774,-5.491,11,5.49,13,6.48,68,0.035,7.74,0.255
10,1629,1,120.4,214,20.22,50.37,17.31,1.534,6.0,-1.855,-8.0,28,13.95,23,11.46,98,0.196,2.24,0.0763
10,1629,2,74.6,127,23.05,43.7,14.14,1.3,6.0,-1.861,-8.0,12,9.65,15,12.06,58,0.142,4.21,0.0689
10,1638,0,120.9,198,43.7,67.43,25.87,0.486,1.528,-1.5,-8.0,11,5.46,0,0.0,46,0.217,4.46,0.1283
10,1638,1,119.8,230,32.71,52.64,15.52,1.59,6.0,-1.475,-8.0,20,10.02,30,15.03,112,0.113,10.5,0.3117
10,1638,2,120.2,228,20.41,43.04,15.04,1.188,6.0,-1.73,-8.0,24,11.98,17,8.49,90,0.105,2.02,0.0733
10,1638,3,119.7,191,24.4,48.89,14.89,1.447,6.0,-1.734,-7.417,18,9.02,19,9.52,83,0.168,5.97,0.1596
10,1644,0,120.9,254,40.13,65.0,19.81,1.379,6.0,-1.713,-8.0,23,11.41,24,11.91,128,0.051,6.8,0.2233
10,1644,1,120.0,221,43.06,72.35,20.53,1.116,6.0,-1.768,-8.0,18,9.0,24,12.0,88,0.072,9.97,0.2643
10,1644,2,119.7,137,23.52,57.77,20.5,1.59,6.0,-1.455,-8.0,9,4.51,14,7.02,49,0.343,4.76,0.0917
10,1644,3,120.2,256,49.5,66.5,11.78,0.943,4.102,-1.279,-8.0,22,10.98,10,4.99,105,0.02,3.78,0.1221
10,1644,4,120.0,197,41.28,55.31,15.88,1.302,6.0,-1.106,-8.0,7,3.5,12,6.0,71,0.091,5.5,0.1537
10,1644,5,119.4,134,7.29,29.97,9.31,1.807,6.0,-2.101,-8.0,15,7.54,12,6.03,52,0.478,1.74,0.0423
10,1644,6,120.3,194,31.52,50.32,16.46,1.445,6.0,-1.798,-8.0,10,4.99,19,9.48,77,0.139,8.31,0.1939
10,1644,7,93.0,143,26.14,50.28,16.27,1.659,6.0,-2.085,-8.0,24,15.48,12,7.74,79,0.175,0.55,0.0212
10,1674,0,118.4,203,36.57,64.95,22.92,1.537,6.0,-1.951,-8.0,25,12.67,20,10.14,96,0.143,11.13,0.3036
10,1674,1,121.9,91,6.55,46.01,13.53,2.853,6.0,0.0,0.0,0,0.0,11,5.41,17,0.758,5.63,0.1025
10,1674,2,120.6,160,45.98,67.3,20.95,1.21,6.0,-1.875,-8.0,19,9.45,16,7.96,66,0.075,13.2,0.5565
10,1674,3,119.1,39,55.19,55.19,0.0,0.0,0.0,0.0,0.0,0,0.0,0,0.0,0,0.0,26.96,0.8921
10,1707,0,120.1,246,29.74,48.42,14.72,1.771,6.0,-2.096,-8.0,36,17.99,36,17.99,133,0.073,9.67,0.3274
10,1707,1,120.7,227,27.39,55.9,16.28,2.409,6.0,-1.983,-8.0,39,19.39,40,19.88,133,0.062,5.26,0.1607
10,1707,2,118.2,231,40.44,66.89,26.48,1.206,6.0,-1.816,-8.0,25,12.69,15,7.61,90,0.113,8.33,0.2495
10,1707,3,72.8,128,25.88,46.89,17.73,1.368,6.0,-2.248,-8.0,11,9.07,11,9.07,50,0.188,9.53,0.1637
10,1712,0,120.5,261,47.42,67.45,12.66,0.69,4.731,-1.113,-6.204,19,9.46,4,1.99,76,0.0,7.17,0.2435
10,1712,1,120.4,189,21.7,53.15,18.45,1.567,6.0,-1.525,-8.0,19,9.47,13,6.48,83,0.222,6.65,0.1553
10,1712,2,117.1,170,9.35,22.56,6.85,1.139,6.0,-0.883,-5.315,10,5.12,8,4.1,48,0.247,1.26,0.0363
10,1712,3,122.7,193,16.02,37.96,12.92,1.408,6.0,-1.654,-8.0,17,8.31,19,9.29,77,0.218,2.05,0.0585
10,1712,4,112.3,234,23.38,51.58,13.25,1.679,6.0,-1.505,-6.963,26,13.89,32,17.1,125,0.06,4.18,0.1346
10,1721,0,120.1,268,49.17,79.88,19.31,1.271,6.0,-1.581,-8.0,26,12.99,24,11.99,126,0.026,11.05,0.3531
10,1721,1,120.0,179,21.74,54.81,18.53,1.815,6.0,-1.754,-8.0,24,12.0,18,9.0,81,0.274,7.11,0.196
10,1721,2,120.8,209,15.43,45.96,11.46,1.498,6.0,-1.631,-8.0,14,6.95,21,10.43,76,0.153,3.13,0.1046
10,1721,3,119.0,212,21.91,46.45,15.28,2.277,6.0,-2.287,-8.0,33,16.64,38,19.16,123,0.151,7.49,0.2111
10,1725,0,120.7,219,36.19,58.11,19.47,1.167,6.0,-1.445,-8.0,15,7.46,14,6.96,74,0.146,11.14,0.3077
10,1725,1,119.7,212,28.08,52.23,16.97,1.466,6.0,-1.736,-8.0,20,10.03,20,10.03,85,0.142,4.53,0.1325
10,1725,2,25.8,57,35.89,43.61,6.37,1.11,3.574,-1.121,-7.324,4,9.3,6,13.95,21,0.0,2.95,0.0303
10,1727,0,120.9,228,20.88,46.97,16.53,1.484,6.0,-1.467,-8.0,18,8.93,25,12.41,96,0.18,5.05,0.1507
10,1727,1,81.4,118,25.92,42.72,15.09,1.082,6.0,-1.164,-5.62,5,3.69,10,7.37,36,0.186,11.01,0.1967
10,1728,0,120.3,205,33.58,52.14,17.91,1.255,6.0,-2.119,-8.0,21,10.47,15,7.48,89,0.127,3.98,0.1112
10,1728,1,16.7,35,24.24,40.98,15.74,2.088,6.0,-1.855,-8.0,6,21.56,5,17.96,19,0.171,0.44,0.0014
10,1737,0,120.3,253,27.92,47.54,14.51,1.471,6.0,-1.993,-8.0,31,15.46,31,15.46,129,0.099,12.45,0.3941
10,1737,1,120.1,180,16.6,52.78,16.55,1.792,6.0,-2.065,-8.0,27,13.49,18,8.99,81,0.328,6.78,0.2138
10,1737,2,120.3,187,20.08,52.14,19.67,1.743,6.0,-1.838,-8.0,18,8.98,20,9.98,78,0.342,7.41,0.2362
10,1737,3,120.2,270,51.83,77.32,19.22,0.943,5.87,-0.84,-4.556,9,4.49,14,6.99,79,0.03,15.22,0.4964
10,1737,4,120.0,250,29.41,48.34,16.6,1.325,6.0,-1.811,-8.0,27,13.5,26,13.0,114,0.076,13.34,0.4337
10,1737,5,82.5,167,26.03,45.5,13.78,1.684,6.0,-2.055,-8.0,22,16.0,21,15.27,100,0.078,8.33,0.1846
10,1756,0,120.3,171,20.85,50.36,21.37,1.202,4.296,-2.325,-8.0,14,6.98,11,5.49,48,0.421,8.55,0.2257
10,1756,1,120.6,116,0.0,0.0,0.0,0.492,0.492,0.0,0.0,0,0.0,0,0.0,0,1.0,3.82,0.1261
10,1756,2,119.5,250,19.94,49.19,13.16,1.718,6.0,-1.8,-8.0,30,15.06,36,18.08,108,0.104,8.11,0.2621
10,1756,3,29.2,53,22.03,38.46,14.49,2.169,6.0,-2.592,-8.0,12,24.66,5,10.27,35,0.226,7.24,0.0478
10,1761,0,120.0,222,17.91,41.04,12.42,0.99,6.0,-1.083,-7.148,14,7.0,7,3.5,74,0.153,5.6,0.17
10,1761,1,120.3,230,12.69,23.82,6.76,0.97,5.306,-0.972,-7.287,8,3.99,7,3.49,73,0.139,4.42,0.1387
10,1761,2,120.2,235,15.37,40.65,10.71,1.801,6.0,-1.803,-8.0,24,11.98,35,17.47,118,0.166,6.32,0.1914
10,1761,3,120.2,252,41.88,65.73,17.63,1.085,6.0,-0.962,-5.565,11,5.49,17,8.49,78,0.048,5.71,0.1798
10,1761,4,120.2,227,27.59,59.96,19.11,0.987,6.0,-0.885,-4.778,8,3.99,7,3.49,62,0.119,8.16,0.244
10,1761,5,120.0,247,30.62,51.0,16.04,1.344,6.0,-1.302,-5.88,18,9.0,21,10.5,108,0.069,9.13,0.2816
10,1761,6,117.2,222,26.02,43.34,15.37,1.413,6.0,-1.6,-8.0,27,13.82,16,8.19,88,0.126,4.05,0.126
10,1765,0,120.7,235,31.55,56.06,19.45,1.608,6.0,-2.017,-8.0,34,16.9,24,11.93,114,0.119,11.64,0.3569
10,1765,1,119.7,169,30.06,62.67,27.73,1.373,5.778,-0.637,-3.583,1,0.5,16,8.02,41,0.408,13.03,0.3238
10,1765,2,120.1,261,49.85,79.1,23.12,1.022,6.0,-1.628,-8.0,38,18.98,15,7.49,125,0.05,9.31,0.2979
10,1765,3,120.2,195,36.52,73.31,29.3,1.209,5.866,-1.846,-8.0,17,8.49,12,5.99,68,0.272,8.72,0.2353
10,1765,4,20.9,34,12.45,32.09,12.09,1.959,6.0,0.0,0.0,0,0.0,7,20.1,14,0.353,9.8,0.043
10,1769,0,120.6,210,42.01,65.16,23.8,1.193,6.0,-0.852,-4.426,8,3.98,8,3.98,45,0.143,7.4,0.2196
10,1769,1,119.9,227,29.53,58.46,19.7,1.358,6.0,-1.669,-8.0,26,13.01,18,9.01,91,0.128,8.47,0.2513
10,1769,2,119.0,257,36.09,53.05,13.75,0.955,5.801,-1.528,-8.0,27,13.61,15,7.56,87,0.027,7.52,0.2433
10,1769,3,51.2,44,9.23,25.82,10.97,2.022,5.935,-0.569,-0.981,0,0.0,6,7.03,12,0.523,4.18,0.0379
10,1771,0,120.8,272,44.28,74.52,21.42,1.54,6.0,-1.629,-8.0,34,16.89,28,13.91,148,0.015,6.72,0.2273
10,1771,1,119.6,110,8.64,40.85,15.38,1.77,6.0,-0.114,-0.114,0,0.0,7,3.51,16,0.727,6.48,0.1359
10,1771,2,120.5,225,28.3,68.99,18.61,1.932,6.0,-1.283,-6.944,20,9.96,21,10.46,92,0.124,8.79,0.2737
10,1771,3,118.3,203,10.92,40.2,10.19,1.358,6.0,-1.87,-8.0,21,10.65,16,8.11,82,0.153,2.44,0.0853
10,1771,4,120.8,174,17.6,40.42,14.58,1.909,6.0,-1.67,-8.0,18,8.94,18,8.94,88,0.23,2.74,0.0774
10,1771,5,106.8,174,20.24,40.81,14.28,1.7,6.0,-2.387,-8.0,17,9.55,28,15.73,91,0.195,5.66,0.1309
10,1778,0,120.9,275,41.06,64.08,14.63,1.437,6.0,-1.295,-8.0,36,17.87,21,10.42,142,0.0,4.67,0.1686
10,1778,1,119.7,224,34.77,57.67,16.63,1.806,6.0,-1.045,-6.62,17,8.52,28,14.04,91,0.094,8.79,0.2455
10,1778,2,120.0,216,27.24,45.52,15.64,1.779,6.0,-1.341,-8.0,16,8.0,22,11.0,86,0.153,4.0,0.1097
10,1778,3,34.3,78,24.7,37.49,7.69,1.432,5.778,-1.468,-5.139,8,13.99,9,15.74,40,0.0,5.08,0.0474
10,1781,0,120.6,234,15.55,29.97,8.1,0.921,6.0,-1.281,-7.722,19,9.45,14,6.97,78,0.098,8.33,0.2672
10,1781,1,120.0,176,13.11,27.21,9.61,0.863,6.0,-1.26,-8.0,12,6.0,4,2.0,45,0.284,6.69,0.2164
10,1781,2,119.9,109,0.4,6.32,1.45,2.012,5.796,-1.706,-4.509,1,0.5,2,1.0,5,0.927,5.4,0.1769
10,1781,3,120.1,201,10.21,29.16,8.29,1.327,6.0,-1.262,-5.056,15,7.49,21,10.49,74,0.254,7.59,0.2337
10,1781,4,42.8,83,15.58,29.31,9.05,1.581,6.0,-1.091,-4.037,9,12.62,4,5.61,29,0.169,7.48,0.0826
10,1793,0,120.8,226,43.37,71.05,26.46,1.203,6.0,-1.419,-8.0,12,5.96,14,6.95,66,0.15,11.81,0.3581
10,1793,1,119.9,198,24.56,45.38,16.97,1.627,6.0,-1.678,-8.0,17,8.51,17,8.51,83,0.207,11.49,0.3294
10,1793,2,119.6,238,20.68,40.76,12.19,1.093,6.0,-1.344,-8.0,26,13.04,13,6.52,83,0.097,8.33,0.2672
10,1793,3,119.7,214,16.64,38.54,9.69,1.423,6.0,-1.798,-8.0,23,11.53,24,12.03,95,0.154,7.79,0.2341
10,1793,4,120.4,144,4.18,25.42,7.28,1.574,6.0,-2.175,-8.0,8,3.99,7,3.49,32,0.694,4.96,0.1539
10,1793,5,119.7,114,0.0,0.0,0.0,0.0,0.0,0.0,0.0,0,0.0,0,0.0,0,1.0,3.8,0.1272
10,1793,6,119.8,111,0.0,0.0,0.0,0.0,0.0,0.0,0.0,0,0.0,0,0.0,0,1.0,3.48,0.1167
10,1793,7,120.8,115,0.0,0.0,0.0,0.0,0.0,0.0,0.0,0,0.0,0,0.0,0,1.0,3.3,0.1105
10,1793,8,119.7,108,0.0,0.0,0.0,0.0,0.0,0.0,0.0,0,0.0,0,0.0,0,1.0,3.09,0.1023
10,1793,9,119.8,117,0.0,0.0,0.0,0.0,0.0,0.0,0.0,0,0.0,0,0.0,0,1.0,2.99,0.099
10,1793,10,120.7,119,0.0,0.0,0.0,0.0,0.0,0.0,0.0,0,0.0,0,0.0,0,1.0,2.89,0.0968
10,1793,11,119.8,113,0.0,0.0,0.0,0.0,0.0,0.0,0.0,0,0.0,0,0.0,0,1.0,2.8,0.0928
10,1793,12,119.8,114,0.0,0.0,0.0,0.0,0.0,0.0,0.0,0,0.0,0,0.0,0,1.0,2.68,0.0897
10,1793,13,120.0,167,14.41,40.08,14.26,1.626,6.0,-2.218,-8.0,14,7.0,16,8.0,64,0.389,5.33,0.1494
10,1793,14,119.6,168,12.59,38.23,14.01,1.684,6.0,-1.936,-8.0,19,9.53,18,9.03,62,0.405,4.62,0.1276
10,1793,15,120.4,152,4.56,17.29,5.51,1.162,5.167,-1.028,-3.574,7,3.49,4,1.99,27,0.533,3.2,0.0995
10,1793,16,120.2,182,12.65,27.3,9.72,1.567,4.935,-1.308,-8.0,13,6.49,23,11.48,64,0.269,4.11,0.1218
10,1793,17,120.2,190,16.07,39.54,13.45,1.625,6.0,-1.989,-8.0,20,9.98,19,9.48,81,0.311,4.16,0.1228
10,1793,18,32.3,32,2.19,17.7,5.04,2.519,6.0,-2.023,-3.213,2,3.72,2,3.72,7,0.781,3.45,0.0253
10,1799,0,120.9,222,48.15,72.29,24.24,1.104,6.0,-1.226,-8.0,10,4.96,12,5.96,63,0.122,11.22,0.3074
10,1799,1,117.1,181,43.8,65.1,23.94,0.494,1.681,-0.988,-5.935,14,7.17,0,0.0,39,0.166,2.55,0.0829
10,1799,2,116.9,216,36.6,62.14,17.13,1.473,6.0,-1.391,-8.0,14,7.19,23,11.8,89,0.088,5.88,0.1674
10,1804,0,120.5,192,31.26,58.78,21.77,0.986,6.0,-1.385,-6.38,19,9.46,6,2.99,69,0.255,7.07,0.1959
10,1804,1,43.0,38,2.07,23.08,5.75,2.724,5.556,0.0,0.0,0,0.0,3,4.19,5,0.842,5.38,0.0462
10,1808,0,120.8,219,29.99,56.05,17.79,1.254,6.0,-1.696,-8.0,21,10.43,19,9.44,100,0.096,10.09,0.2833
10,1808,1,119.8,179,31.16,62.43,23.7,0.987,6.0,-1.256,-4.31,13,6.51,8,4.01,49,0.268,8.57,0.2231
10,1808,2,119.7,277,52.54,68.42,12.84,0.891,6.0,-0.94,-5.185,13,6.52,11,5.51,81,0.0,7.02,0.2413
10,1808,3,119.8,224,34.22,59.55,18.24,1.023,6.0,-1.199,-7.139,19,9.52,9,4.51,72,0.094,3.94,0.1301
10,1808,4,120.0,163,13.32,32.47,11.18,1.811,5.648,-2.024,-8.0,20,10.0,20,10.0,77,0.288,4.04,0.106
10,1808,5,120.7,75,0.0,0.0,0.0,0.0,0.0,0.0,0.0,0,0.0,0,0.0,0,1.0,1.21,0.0396
10,1808,6,119.2,189,14.64,34.67,10.45,1.644,6.0,-1.775,-8.0,21,10.57,21,10.57,89,0.196,4.03,0.1045
10,1808,7,120.7,219,30.84,58.42,18.22,1.643,6.0,-1.578,-8.0,32,15.91,22,10.94,120,0.1,4.9,0.1543
10,1808,8,120.2,225,44.77,75.59,25.73,1.39,6.0,-1.465,-8.0,15,7.49,25,12.48,104,0.084,9.35,0.256
10,1808,9,119.8,175,45.9,74.1,27.09,1.348,5.593,-1.501,-8.0,11,5.51,16,8.01,57,0.16,5.78,0.1325
10,1808,10,119.9,202,36.98,57.46,17.74,1.314,6.0,-1.466,-8.0,19,9.51,14,7.01,82,0.059,1.43,0.0502
10,1814,0,120.9,259,45.31,57.49,13.52,1.061,6.0,-0.721,-2.676,4,1.99,16,7.94,82,0.027,12.49,0.4125
10,1814,1,117.3,131,14.09,52.86,15.38,1.95,6.0,-2.553,-8.0,21,10.74,6,3.07,53,0.45,1.58,0.0512
10,1814,2,122.4,90,0.2,4.87,0.93,1.849,4.509,0.0,0.0,0,0.0,1,0.49,2,0.956,1.33,0.0438
10,1814,3,119.6,155,25.56,57.16,22.39,1.353,6.0,-1.371,-8.0,6,3.01,22,11.04,52,0.252,4.64,0.1034
10,1814,4,96.6,215,46.11,59.27,14.31,1.209,6.0,-0.803,-4.389,9,5.59,10,6.21,47,0.023,3.28,0.0892
10,1816,0,119.3,242,48.79,60.03,12.41,0.68,6.0,-1.35,-8.0,11,5.53,4,2.01,80,0.029,10.29,0.3454
10,1816,1,77.2,101,23.21,49.67,20.04,1.415,6.0,-1.957,-6.417,10,7.77,10,7.77,29,0.307,8.06,0.1135
10,1817,0,120.6,242,48.49,60.65,15.29,0.351,0.94,-0.948,-5.296,8,3.98,0,0.0,36,0.058,2.95,0.0997
10,1824,0,120.4,248,30.92,59.78,16.75,1.494,6.0,-1.681,-8.0,26,12.96,28,13.95,133,0.032,7.69,0.2332
10,1824,1,120.3,219,21.1,41.32,13.3,1.636,6.0,-1.435,-8.0,23,11.47,24,11.97,98,0.155,1.9,0.056
10,1824,2,73.0,101,21.89,41.98,16.13,1.163,6.0,-1.338,-3.759,10,8.22,4,3.29,37,0.228,0.66,0.0163
10,1831,0,120.7,210,33.43,58.65,20.2,1.266,6.0,-1.512,-8.0,18,8.95,14,6.96,73,0.171,10.71,0.3167
10,1831,1,119.8,209,22.47,44.47,14.66,1.437,6.0,-1.305,-5.287,20,10.02,16,8.01,81,0.191,2.78,0.0847
10,1831,2,112.1,168,16.14,39.3,13.41,1.471,6.0,-2.382,-8.0,23,12.31,15,8.03,86,0.238,2.82,0.0854
10,1835,0,120.8,195,19.78,56.95,17.62,2.273,6.0,-3.029,-8.0,33,16.39,29,14.4,114,0.277,5.48,0.1691
10,1835,1,119.8,193,14.09,46.57,13.58,1.592,6.0,-2.153,-8.0,21,10.52,14,7.01,86,0.259,3.63,0.1064
10,1835,2,120.0,198,40.99,71.22,27.23,1.153,6.0,-0.917,-4.083,7,3.5,21,10.5,72,0.237,8.67,0.2377
10,1835,3,120.3,236,35.82,56.88,17.05,1.588,6.0,-1.954,-8.0,36,17.96,22,10.97,130,0.097,9.9,0.2991
10,1835,4,120.0,248,30.42,49.51,16.28,1.551,6.0,-1.899,-8.0,31,15.5,30,15.0,126,0.093,7.91,0.2627
10,1835,5,65.0,89,19.91,47.76,16.99,2.225,6.0,-1.943,-7.199,9,8.31,14,12.92,40,0.258,4.42,0.0581
10,1838,0,120.7,214,24.47,53.21,14.55,1.398,6.0,-1.245,-7.065,20,9.94,10,4.97,89,0.145,6.0,0.181
10,1838,1,119.9,198,16.28,36.69,13.86,1.627,6.0,-1.691,-8.0,14,7.01,19,9.51,71,0.298,4.1,0.1197
10,1838,2,105.0,230,28.13,46.6,12.35,1.048,6.0,-1.175,-7.185,19,10.86,14,8.0,73,0.0,4.47,0.1404
10,1849,0,120.2,236,40.79,74.45,24.05,1.59,6.0,-1.917,-8.0,26,12.98,31,15.47,121,0.119,14.61,0.4454
10,1849,1,120.6,279,53.64,74.49,16.78,1.471,6.0,-1.46,-8.0,35,17.41,19,9.45,145,0.0,9.24,0.315
10,1849,2,120.1,261,28.16,44.81,12.79,1.13,6.0,-1.189,-8.0,15,7.49,17,8.49,91,0.061,7.0,0.227
10,1849,3,119.3,160,11.83,36.82,13.46,1.472,6.0,-2.777,-8.0,19,9.56,11,5.53,57,0.456,5.26,0.1434
10,1849,4,119.5,206,26.53,53.62,18.56,1.634,6.0,-1.96,-8.0,28,14.06,20,10.04,92,0.214,6.89,0.2051
10,1849,5,37.8,47,19.75,46.33,18.11,2.197,6.0,-1.91,-8.0,4,6.35,8,12.7,21,0.34,5.52,0.0475
10,1850,0,120.5,259,50.6,71.05,18.3,1.468,6.0,-1.815,-8.0,31,15.44,27,13.44,131,0.008,6.32,0.2096
10,1850,1,62.5,141,59.46,74.4,14.61,1.079,6.0,-1.236,-7.62,9,8.64,9,8.64,53,0.0,8.85,0.1522
10,1871,0,120.4,231,37.15,63.84,19.48,0.912,5.954,-1.208,-6.361,19,9.47,7,3.49,85,0.121,10.6,0.3225
10,1871,1,120.4,257,31.14,56.67,16.64,0.913,6.0,-1.024,-4.509,17,8.47,13,6.48,80,0.039,9.36,0.3097
10,1871,2,120.0,213,33.3,62.26,22.8,1.246,6.0,-1.153,-5.597,11,5.5,20,10.0,73,0.183,7.21,0.2232
10,1871,3,119.7,210,34.44,53.48,17.5,1.001,6.0,-1.149,-6.741,14,7.02,12,6.02,83,0.124,10.71,0.315
10,1871,4,120.3,230,33.07,59.88,20.75,1.071,5.125,-0.836,-3.519,11,5.49,14,6.98,59,0.152,10.22,0.3148
10,1871,5,120.0,275,34.98,50.8,11.17,1.31,6.0,-1.292,-7.361,27,13.5,25,12.5,125,0.018,5.4,0.1807
10,1871,6,16.6,36,23.27,40.98,11.61,2.375,6.0,-1.348,-3.657,5,18.07,9,32.53,24,0.0,13.83,0.0631
10,1875,0,120.9,260,40.24,57.75,14.23,1.227,6.0,-2.02,-8.0,25,12.41,23,11.41,135,0.023,10.94,0.3541
10,1875,1,69.7,157,37.83,51.97,12.3,1.538,6.0,-1.679,-8.0,15,12.91,18,15.49,67,0.0,5.73,0.1162
10,1878,0,120.5,114,0.41,15.45,2.22,0.0,0.0,-3.636,-7.954,3,1.49,0,0.0,4,0.965,3.21,0.1071
10,1878,1,19.8,33,23.53,55.04,20.1,2.083,6.0,0.0,0.0,0,0.0,8,24.24,16,0.303,20.03,0.0943
10,1897,0,120.1,243,56.78,75.68,22.54,0.385,1.069,-1.078,-6.31,17,8.49,0,0.0,44,0.091,7.58,0.2355
10,1897,1,120.0,150,16.51,51.66,20.81,2.587,6.0,-1.887,-8.0,12,6.0,12,6.0,45,0.533,4.42,0.1129
10,1897,2,120.4,267,48.89,64.99,15.83,1.137,6.0,-1.202,-8.0,14,6.98,17,8.47,104,0.034,6.42,0.2165
10,1914,0,120.9,267,31.96,54.08,11.14,1.35,6.0,-1.324,-8.0,30,14.89,21,10.42,131,0.0,6.34,0.2226
10,1914,1,85.7,190,26.48,40.94,10.47,1.259,6.0,-1.357,-7.185,16,11.2,20,14.0,89,0.026,6.51,0.1616
10,1920,0,120.7,256,32.42,50.59,13.69,1.25,6.0,-1.599,-7.704,23,11.43,25,12.43,112,0.062,11.75,0.3873
10,1920,1,119.7,261,26.89,49.06,12.36,1.575,6.0,-1.874,-8.0,33,16.54,31,15.54,125,0.027,7.43,0.2636
10,1920,2,119.7,152,11.33,39.12,13.64,2.165,6.0,-1.274,-5.38,9,4.51,13,6.52,48,0.507,7.05,0.2095
10,1920,3,120.8,215,44.33,73.53,27.21,1.027,6.0,-1.069,-4.764,10,4.97,9,4.47,49,0.186,12.92,0.3822
10,1920,4,119.3,269,39.12,60.23,12.92,1.085,6.0,-1.936,-8.0,28,14.08,19,9.56,110,0.015,14.98,0.5045
10,1920,5,114.7,233,26.35,45.84,14.04,1.804,6.0,-1.92,-8.0,27,14.12,31,16.22,136,0.069,9.05,0.2645
10,1928,0,120.8,257,23.71,44.42,13.36,1.42,6.0,-1.593,-8.0,32,15.89,25,12.42,141,0.062,9.45,0.3135
10,1928,1,119.5,254,26.29,58.99,13.57,1.756,6.0,-2.418,-8.0,36,18.08,38,19.08,159,0.055,11.3,0.3602
10,1928,2,120.5,163,11.53,45.85,15.7,2.015,6.0,-1.428,-4.759,14,6.97,15,7.47,49,0.46,5.45,0.1719
10,1928,3,119.8,190,8.38,25.97,7.79,1.227,6.0,-1.209,-7.62,11,5.51,11,5.51,62,0.295,5.69,0.1836
10,1928,4,119.8,201,32.07,54.62,21.29,0.883,6.0,-0.475,-1.361,0,0.0,9,4.51,43,0.259,10.85,0.3037
10,1928,5,120.0,236,29.96,51.32,16.47,0.928,6.0,-1.267,-7.954,14,7.0,10,5.0,81,0.11,9.55,0.3013
10,1928,6,119.9,256,25.41,45.96,13.57,1.05,6.0,-1.285,-8.0,16,8.01,15,7.51,88,0.059,9.67,0.3055
10,1928,7,120.5,258,23.95,55.05,16.58,1.587,6.0,-1.729,-8.0,31,15.44,34,16.93,145,0.101,7.15,0.2423
10,1936,0,120.6,250,34.1,86.37,18.91,1.674,6.0,-1.791,-8.0,31,15.42,30,14.93,111,0.072,10.56,0.3298
10,1936,1,52.5,92,22.53,43.4,16.18,1.259,4.593,-1.233,-5.602,4,4.57,11,12.57,26,0.25,5.33,0.0758
10,1949,0,120.7,268,30.62,46.8,11.1,1.583,6.0,-1.872,-8.0,35,17.4,28,13.92,140,0.03,10.56,0.3545
10,1949,1,118.9,230,19.68,46.18,13.74,1.895,6.0,-2.05,-8.0,38,19.18,34,17.16,142,0.152,5.52,0.1696
10,1949,2,121.2,171,18.31,50.19,16.76,1.766,6.0,-1.197,-7.222,11,5.45,15,7.43,57,0.287,3.69,0.1211
10,1949,3,119.2,131,5.52,38.82,11.79,1.224,2.833,-2.018,-5.921,8,4.03,3,1.51,17,0.794,2.35,0.0865
10,1949,4,120.1,227,43.48,61.07,21.81,1.402,6.0,-1.115,-7.069,9,4.5,18,8.99,56,0.119,12.83,0.3722
10,1949,5,120.8,268,37.46,59.82,14.57,1.228,6.0,-1.484,-8.0,29,14.4,22,10.93,119,0.0,11.36,0.3824
10,1949,6,73.0,162,35.76,50.0,13.13,1.401,6.0,-1.266,-6.102,13,10.68,16,13.15,66,0.031,6.88,0.1441
10,1951,0,119.4,169,11.65,45.74,13.62,1.387,5.306,-1.642,-8.0,14,7.04,12,6.03,54,0.355,3.17,0.0899
10,1951,1,120.8,107,0.78,4.66,1.56,1.073,3.185,-0.983,-4.046,2,0.99,2,0.99,11,0.794,2.27,0.0704
10,1951,2,120.5,243,43.21,64.96,23.87,0.992,6.0,-0.645,-4.148,2,1.0,17,8.46,70,0.045,6.61,0.2157
10,1951,3,120.1,235,38.15,65.86,20.55,1.234,6.0,-1.368,-7.75,24,11.99,17,8.49,109,0.072,6.5,0.1884
10,1951,4,103.3,232,31.7,53.0,14.26,0.688,3.046,-0.79,-4.028,8,4.65,5,2.9,49,0.0,5.45,0.1597
10,1954,0,114.9,232,33.41,61.27,16.5,1.334,6.0,-1.188,-5.926,23,12.01,17,8.88,101,0.056,3.37,0.1183
10,1962,0,120.8,208,28.77,54.57,17.82,1.172,6.0,-1.517,-8.0,20,9.93,14,6.95,86,0.091,1.17,0.0286
10,1962,1,120.1,199,56.99,76.92,23.44,1.262,6.0,-0.712,-4.046,3,1.5,18,8.99,57,0.09,14.13,0.3719
10,1962,2,43.0,104,49.29,65.7,11.04,0.937,2.981,-0.746,-8.0,3,4.19,2,2.79,26,0.0,8.47,0.1042
10,1996,0,120.9,258,39.56,55.73,14.13,1.102,5.917,-1.404,-8.0,16,7.94,18,8.93,105,0.054,9.09,0.3101
10,1996,1,119.6,256,36.2,63.0,17.37,1.21,6.0,-1.457,-8.0,22,11.04,19,9.53,117,0.051,6.77,0.2246
10,1996,2,119.5,240,42.37,83.74,28.21,1.772,6.0,-2.038,-8.0,30,15.06,30,15.06,125,0.113,15.76,0.4718
10,1996,3,120.7,258,44.64,71.08,18.92,1.577,6.0,-2.016,-8.0,34,16.9,33,16.4,138,0.043,10.4,0.3097
10,1996,4,42.7,95,74.76,84.44,12.71,0.659,3.213,-1.65,-8.0,8,11.24,1,1.41,30,0.0,22.58,0.2683
10,2002,0,120.8,257,29.45,63.71,15.42,1.29,6.0,-1.444,-8.0,25,12.42,26,12.91,121,0.023,4.24,0.1454
10,2002,1,119.9,139,10.48,31.13,12.03,1.468,6.0,-1.279,-5.676,8,4.0,6,3.0,34,0.525,6.29,0.1438
10,2002,2,120.2,263,51.21,74.51,20.72,1.201,6.0,-1.68,-8.0,29,14.48,23,11.48,103,0.042,10.39,0.3396
10,2002,3,119.8,243,25.82,52.72,15.6,1.6,6.0,-1.747,-8.0,32,16.03,27,13.52,128,0.099,5.04,0.1638
10,2002,4,100.4,201,41.11,75.78,27.43,1.913,6.0,-1.174,-7.704,15,8.96,22,13.15,94,0.05,11.72,0.3153
10,2010,0,120.5,266,46.61,62.64,15.56,1.148,6.0,-1.219,-8.0,13,6.47,15,7.47,101,0.026,7.5,0.234
10,2010,1,120.3,129,24.87,61.7,25.55,1.11,6.0,-2.976,-8.0,9,4.49,7,3.49,31,0.419,3.57,0.0811
10,2010,2,101.8,210,31.24,52.35,17.15,1.631,6.0,-1.388,-8.0,25,14.73,13,7.66,92,0.067,0.83,0.0263
10,2011,0,120.9,271,46.62,59.6,7.58,0.637,4.38,-0.65,-4.606,4,1.99,7,3.47,43,0.0,3.63,0.1237
10,2019,0,120.4,215,39.53,53.8,15.07,1.27,6.0,-1.344,-8.0,14,6.98,13,6.48,71,0.06,7.05,0.2098
10,2019,1,120.0,267,49.41,75.09,16.28,1.304,6.0,-1.574,-8.0,18,9.0,26,13.0,127,0.019,6.31,0.2405
10,2019,2,119.7,201,49.11,83.93,33.7,1.781,6.0,-2.383,-8.0,22,11.03,21,10.53,81,0.229,15.69,0.4056
10,2019,3,120.8,228,52.56,91.35,28.12,2.105,6.0,-2.007,-8.0,27,13.41,37,18.38,119,0.088,15.63,0.4298
10,2019,4,75.6,114,36.89,82.83,31.32,2.544,6.0,-1.283,-4.296,14,11.11,9,7.14,47,0.246,5.36,0.0864
10,2029,0,118.4,153,21.74,54.37,18.81,2.014,6.0,-2.739,-8.0,20,10.14,21,10.64,78,0.255,7.09,0.1574
10,2029,1,122.4,222,39.55,63.71,18.09,1.253,6.0,-0.919,-4.37,13,6.37,15,7.35,62,0.068,3.15,0.1024
10,2029,2,119.8,166,31.21,51.68,21.05,1.008,4.306,-1.812,-8.0,13,6.51,6,3.01,40,0.193,4.06,0.0906
10,2029,3,120.2,205,50.22,74.66,25.63,1.479,6.0,-2.344,-8.0,14,6.99,26,12.98,87,0.102,12.56,0.3314
10,2029,4,120.0,265,63.45,103.43,20.16,1.599,6.0,-1.1,-6.495,21,10.5,24,12.0,92,0.0,12.51,0.4176
10,2029,5,33.4,39,18.95,49.92,18.28,0.0,0.0,-1.991,-7.25,6,10.78,0,0.0,16,0.385,-4.87,-0.0215
10,2034,0,120.2,185,46.28,65.45,19.43,0.868,5.491,-1.225,-8.0,16,7.99,7,3.49,45,0.092,2.04,0.0503
10,2034,1,105.4,101,8.5,43.31,11.74,1.835,6.0,-2.39,-8.0,6,3.42,13,7.4,34,0.495,5.19,0.067
10,2034,2,120.5,264,57.18,76.08,18.75,1.256,6.0,-1.903,-8.0,23,11.45,23,11.45,101,0.023,11.4,0.3811
10,2034,3,119.3,244,36.97,55.54,16.68,1.461,6.0,-2.194,-8.0,34,17.1,25,12.57,136,0.041,6.33,0.2012
10,2034,4,53.5,41,5.99,28.08,10.28,1.941,6.0,0.0,0.0,0,0.0,4,4.49,6,0.707,3.17,0.0185
10,2035,0,116.6,178,47.28,67.49,24.62,0.643,3.125,-1.262,-4.806,14,7.2,4,2.06,35,0.152,3.4,0.0911
10,2035,1,124.1,187,27.12,52.52,18.52,2.189,6.0,-1.879,-8.0,20,9.67,28,13.54,90,0.176,3.85,0.0813
10,2035,2,119.2,223,37.68,62.55,21.37,1.628,6.0,-1.198,-8.0,21,10.57,17,8.56,89,0.099,7.41,0.2101
10,2035,3,75.4,150,28.31,45.6,13.37,1.626,6.0,-1.622,-8.0,13,10.34,22,17.51,76,0.08,4.49,0.0935
10,2079,0,109.4,163,21.29,47.71,15.64,1.635,6.0,-1.482,-8.0,15,8.23,14,7.68,76,0.178,4.12,0.0931
10,2079,1,119.0,242,18.63,39.23,11.6,1.469,6.0,-1.65,-8.0,24,12.1,27,13.61,127,0.045,3.86,0.1172
10,2079,2,120.8,148,31.93,62.52,24.81,1.406,6.0,-1.972,-8.0,10,4.97,16,7.95,61,0.216,4.15,0.0756
10,2079,3,119.7,238,40.39,62.89,17.8,1.447,6.0,-1.385,-8.0,24,12.03,25,12.53,124,0.042,6.92,0.198
10,2079,4,120.2,263,39.16,62.78,13.99,1.109,6.0,-1.255,-8.0,20,9.98,17,8.49,110,0.0,5.91,0.2021
10,2079,5,120.0,187,32.84,62.63,22.79,1.188,6.0,-1.929,-7.676,16,8.0,17,8.5,69,0.118,6.03,0.1455
10,2079,6,63.8,137,59.57,75.87,19.52,1.149,5.787,-0.746,-5.032,4,3.76,10,9.4,36,0.0,17.93,0.3183
10,2095,0,120.9,253,47.76,63.54,17.23,1.309,6.0,-1.889,-8.0,27,13.4,21,10.42,109,0.032,6.94,0.2353
10,2095,1,32.2,54,30.7,51.64,19.62,1.941,6.0,-2.528,-8.0,4,7.45,11,20.5,34,0.13,5.8,0.0402
10,2099,0,120.6,250,46.48,68.73,16.95,1.603,6.0,-1.488,-8.0,22,10.95,27,13.43,113,0.032,8.9,0.2902
10,2099,1,119.4,240,32.48,58.18,20.65,1.626,6.0,-1.973,-8.0,29,14.57,20,10.05,99,0.146,7.17,0.2329
10,2099,2,120.5,223,23.28,42.53,15.0,1.805,6.0,-1.516,-8.0,23,11.45,27,13.44,98,0.157,4.25,0.1219
10,2099,3,113.9,183,25.87,50.75,19.95,1.692,6.0,-2.396,-8.0,12,6.32,22,11.59,69,0.268,8.36,0.1959
10,2102,0,120.7,256,43.59,65.91,17.35,0.933,6.0,-1.021,-4.17,10,4.97,14,6.96,65,0.047,10.72,0.3461
10,2102,1,120.1,217,38.64,65.71,23.15,1.078,5.241,-1.265,-8.0,22,10.99,8,4.0,70,0.18,5.8,0.1754
10,2102,2,119.6,216,45.81,77.41,27.54,1.605,6.0,-1.641,-8.0,10,5.02,32,16.05,91,0.181,14.69,0.4034
10,2102,3,120.5,260,40.48,65.09,18.99,1.334,6.0,-1.507,-8.0,26,12.95,26,12.95,119,0.038,7.81,0.2632
10,2102,4,61.2,133,60.71,75.62,17.36,1.379,6.0,-1.149,-6.528,8,7.84,13,12.75,53,0.0,22.27,0.3786
10,2105,0,120.2,272,59.66,75.8,13.05,0.801,3.75,-1.091,-8.0,17,8.49,7,3.49,81,0.0,8.63,0.2782
10,2105,1,120.0,213,47.13,80.83,27.01,1.481,6.0,-1.842,-8.0,22,11.0,14,7.0,94,0.131,3.72,0.1042
10,2105,2,120.0,158,30.33,54.77,22.52,1.547,6.0,-1.218,-4.935,10,5.0,11,5.5,41,0.278,3.3,0.0758
10,2105,3,120.7,245,42.55,64.78,17.53,1.481,6.0,-1.314,-6.926,27,13.42,23,11.43,117,0.049,7.13,0.2384
10,2105,4,64.0,130,36.84,57.48,15.89,0.903,6.0,-2.23,-8.0,11,10.31,6,5.62,53,0.069,8.3,0.1355
10,2107,0,120.9,239,35.76,67.42,20.66,1.097,6.0,-1.228,-5.556,20,9.93,13,6.45,73,0.096,6.24,0.2062
10,2107,1,120.0,177,31.02,72.91,30.59,1.464,6.0,-2.208,-8.0,12,6.0,15,7.5,55,0.384,9.71,0.2382
10,2107,2,119.9,212,44.1,73.55,24.7,1.563,6.0,-1.68,-8.0,21,10.51,16,8.01,85,0.123,8.72,0.2517
10,2107,3,120.1,271,49.9,74.29,19.98,1.514,6.0,-1.849,-8.0,25,12.49,36,17.99,111,0.018,13.62,0.4462
10,2107,4,52.0,75,19.59,58.97,20.24,2.596,6.0,-1.869,-5.833,13,15.0,7,8.08,32,0.373,3.92,0.047
10,2112,0,120.2,268,51.81,68.5,12.05,1.026,6.0,-1.146,-7.537,17,8.49,18,8.99,106,0.0,16.7,0.5576
10,2112,1,120.4,244,49.55,65.35,16.1,1.228,5.361,-1.331,-8.0,22,10.96,12,5.98,103,0.041,7.31,0.2158
10,2112,2,97.1,107,5.85,30.02,10.86,2.283,5.657,-0.465,-1.185,0,0.0,6,3.71,11,0.729,4.0,0.0929
10,2121,0,120.6,226,28.95,53.97,16.39,1.904,6.0,-1.545,-8.0,22,10.95,25,12.44,106,0.128,7.68,0.216
10,2121,1,120.3,243,19.15,48.9,16.93,1.388,6.0,-1.458,-8.0,17,8.48,17,8.48,93,0.045,6.16,0.2008
10,2133,0,120.9,227,44.32,62.85,16.52,1.003,6.0,-0.854,-6.247,8,3.97,9,4.47,52,0.07,6.9,0.2282
10,2133,1,119.8,205,33.44,61.39,22.2,1.666,6.0,-1.513,-7.602,21,10.52,18,9.02,76,0.185,7.2,0.2028
10,2133,2,119.7,263,52.76,68.92,13.44,1.482,6.0,-1.19,-8.0,19,9.52,20,10.03,113,0.0,10.97,0.3708
10,2133,3,120.4,260,33.21,75.11,19.43,1.728,6.0,-2.212,-8.0,31,15.45,44,21.93,160,0.065,9.34,0.3022
10,2133,4,47.6,103,53.93,75.2,22.07,0.212,0.306,-1.522,-8.0,16,20.17,0,0.0,49,0.049,8.82,0.1235
10,2143,0,120.3,244,43.23,58.48,14.78,0.992,6.0,-0.962,-5.171,16,7.98,12,5.99,70,0.049,7.29,0.2282
10,2143,1,120.1,224,37.65,61.69,18.09,1.2,6.0,-1.234,-8.0,19,9.49,17,8.49,89,0.089,6.54,0.2026
10,2143,2,120.4,165,40.15,71.82,30.89,1.264,6.0,-1.8,-7.139,6,2.99,10,4.98,41,0.291,9.8,0.2376
10,2143,3,120.0,234,42.97,65.86,18.96,1.223,6.0,-1.569,-8.0,19,9.5,18,9.0,101,0.068,8.75,0.2639
10,2143,4,94.9,210,50.97,80.56,21.38,2.25,6.0,-1.842,-8.0,32,20.23,26,16.44,122,0.0,11.8,0.327
10,2144,0,120.9,261,52.42,75.01,18.25,0.944,5.657,-1.323,-8.0,23,11.41,13,6.45,90,0.015,4.49,0.1458
10,2144,1,119.3,173,27.59,61.83,23.04,1.949,6.0,-1.812,-7.157,18,9.05,20,10.06,74,0.26,8.14,0.1781
10,2144,2,120.7,241,34.51,61.83,19.25,1.726,6.0,-2.36,-8.0,36,17.9,28,13.92,135,0.058,5.44,0.162
10,2146,0,120.7,250,30.93,57.75,18.8,1.819,6.0,-1.736,-8.0,32,15.91,33,16.4,133,0.08,9.75,0.2983
10,2146,1,118.4,244,55.69,77.57,21.37,0.942,6.0,-1.435,-7.287,16,8.11,12,6.08,86,0.061,6.22,0.1956
10,2146,2,121.6,108,24.82,63.05,27.17,1.479,6.0,0.0,0.0,0,0.0,12,5.92,21,0.491,10.95,0.1782
10,2146,3,119.3,229,46.42,63.44,17.07,1.315,6.0,-1.419,-8.0,18,9.05,16,8.05,68,0.048,7.67,0.2308
10,2146,4,120.7,202,55.68,76.27,24.06,1.047,6.0,-1.555,-8.0,9,4.47,12,5.97,64,0.084,7.03,0.1859
10,2146,5,115.6,180,46.92,69.24,23.24,0.753,2.167,-1.468,-8.0,18,9.34,4,2.08,64,0.094,4.49,0.114
10,2146,6,124.4,151,40.95,76.95,25.05,1.522,6.0,-0.475,-1.769,0,0.0,23,11.09,49,0.212,9.47,0.1846
10,2150,0,117.5,231,17.51,38.3,11.53,1.598,6.0,-2.235,-8.0,32,16.34,29,14.81,128,0.147,4.76,0.1456
10,2150,1,123.0,156,14.26,48.63,15.19,1.577,6.0,-2.092,-8.0,12,5.85,18,8.78,62,0.308,2.12,0.0569
10,2150,2,119.8,153,21.52,48.88,18.4,2.146,6.0,-1.785,-8.0,16,8.01,16,8.01,69,0.307,1.09,0.0317
10,2150,3,120.6,267,53.71,74.71,16.93,1.603,6.0,-1.773,-8.0,30,14.93,35,17.41,158,0.0,10.12,0.337
10,2150,4,119.7,205,36.09,68.07,24.13,1.76,6.0,-2.632,-8.0,24,12.03,28,14.04,97,0.18,9.77,0.2568
10,2150,5,44.5,93,70.77,79.11,9.54,1.241,6.0,-1.062,-8.0,5,6.74,4,5.39,24,0.0,16.52,0.2007
10,2161,0,118.3,218,58.16,74.92,17.02,0.694,6.0,-1.097,-4.815,14,7.1,5,2.54,55,0.032,7.1,0.2024
10,2165,0,120.3,237,61.42,82.59,20.48,1.119,6.0,-1.658,-8.0,23,11.47,16,7.98,83,0.034,8.84,0.2685
10,2165,1,42.7,59,17.27,45.03,15.99,2.091,6.0,-2.603,-8.0,8,11.24,11,15.46,30,0.305,6.27,0.0554
10,2175,0,120.9,172,28.57,58.74,21.29,1.736,6.0,-2.354,-8.0,23,11.41,19,9.43,87,0.215,7.2,0.1719
10,2175,1,119.1,191,46.88,66.87,23.46,1.185,6.0,-1.691,-8.0,15,7.56,13,6.55,61,0.136,8.64,0.2161
10,2175,2,120.3,270,42.89,63.41,15.95,1.584,6.0,-1.928,-8.0,28,13.97,29,14.46,122,0.015,8.57,0.2797
10,2175,3,65.6,144,58.89,76.46,21.54,1.68,6.0,-0.916,-7.481,4,3.66,14,12.8,59,0.0,17.66,0.3157
10,2180,0,120.0,206,30.74,62.93,19.36,1.597,6.0,-1.963,-8.0,32,16.0,18,9.0,86,0.131,3.34,0.09
10,2180,1,53.7,104,27.63,45.59,15.85,2.001,6.0,-2.53,-8.0,11,12.29,18,20.11,53,0.106,8.29,0.1127
10,2200,0,95.0,186,19.64,38.52,12.78,1.788,6.0,-2.3,-8.0,30,18.95,25,15.79,119,0.113,4.14,0.1083
10,2213,0,120.9,251,50.55,70.35,16.94,0.998,6.0,-1.75,-8.0,20,9.93,16,7.94,92,0.044,8.06,0.2482
10,2213,1,119.3,243,53.48,69.2,20.05,1.115,6.0,-1.498,-8.0,20,10.06,12,6.04,76,0.049,12.88,0.3763
10,2213,2,120.2,186,42.64,80.52,24.14,2.075,6.0,-2.566,-8.0,16,7.99,33,16.47,99,0.145,15.74,0.3836
10,2213,3,41.7,92,70.66,77.97,2.41,0.41,0.694,-0.556,-3.0,1,1.44,0,0.0,22,0.0,17.58,0.1997
10,2219,0,120.7,226,45.97,83.23,26.97,1.636,6.0,-2.282,-8.0,30,14.91,33,16.4,126,0.084,7.16,0.2312
10,2219,1,119.8,191,44.53,78.22,32.78,1.166,6.0,-1.972,-8.0,22,11.02,7,3.51,65,0.236,4.87,0.1348
10,2219,2,50.4,67,33.76,77.63,29.77,1.855,6.0,0.0,0.0,0,0.0,16,19.05,32,0.313,19.04,0.1686
10,2220,0,120.8,276,58.74,81.04,17.51,1.488,6.0,-1.372,-7.741,29,14.4,26,12.91,123,0.0,10.82,0.3559
10,2220,1,118.9,242,53.05,75.97,19.79,1.012,6.0,-1.71,-8.0,28,14.13,16,8.07,113,0.066,5.27,0.1748
10,2220,2,118.8,159,17.96,46.29,14.63,1.574,6.0,-1.179,-6.694,11,5.56,12,6.06,59,0.289,3.0,0.0816
10,2220,3,90.0,53,0.0,0.0,0.0,0.0,0.0,0.0,0.0,0,0.0,0,0.0,0,1.0,1.25,0.0302
10,2220,4,88.7,42,0.0,0.0,0.0,0.0,0.0,0.0,0.0,0,0.0,0,0.0,0,1.0,1.08,0.0261
10,2220,5,109.0,60,0.85,4.67,1.72,0.602,1.801,-0.837,-2.162,1,0.55,0,0.0,5,0.8,1.25,0.0332
10,2220,6,92.4,48,0.0,0.0,0.0,0.0,0.0,0.0,0.0,0,0.0,0,0.0,0,1.0,1.03,0.0271
10,2220,7,120.7,71,0.27,3.9,0.99,2.579,3.611,-0.471,-0.713,0,0.0,2,0.99,4,0.93,1.13,0.0346
10,2220,8,120.9,138,7.64,19.4,6.6,1.006,4.648,-1.514,-6.204,10,4.96,6,2.98,43,0.355,1.88,0.0499
10,2220,9,119.6,175,19.65,48.47,15.56,1.795,6.0,-1.829,-8.0,23,11.54,21,10.54,100,0.177,3.79,0.0983
10,2220,10,108.1,82,0.73,6.27,1.64,1.656,4.278,-0.771,-2.88,1,0.56,2,1.11,7,0.829,1.23,0.0319
10,2220,11,105.2,80,1.09,7.35,2.3,1.505,3.278,-1.462,-4.778,4,2.28,3,1.71,10,0.8,1.36,0.0331
10,2220,12,118.5,58,0.63,6.1,1.72,1.257,2.764,-1.495,-4.037,1,0.51,2,1.01,3,0.879,1.07,0.0318
10,2220,13,120.9,68,0.51,3.36,1.17,0.986,3.111,-0.218,-0.326,0,0.0,1,0.5,2,0.838,1.06,0.0318
10,2220,14,109.2,128,12.09,40.37,13.35,1.788,6.0,-2.043,-8.0,15,8.24,15,8.24,56,0.352,4.6,0.0926
10,2220,15,118.5,115,20.14,50.85,19.1,1.061,4.306,-2.066,-8.0,11,5.57,4,2.03,39,0.4,2.44,0.0521
10,2220,16,111.0,50,0.0,0.0,0.0,0.0,0.0,0.0,0.0,0,0.0,0,0.0,0,1.0,0.97,0.0281
10,2220,17,121.4,75,0.36,5.07,1.22,1.765,4.056,-2.251,-3.917,2,0.99,1,0.49,5,0.92,1.12,0.0351
10,2220,18,119.7,197,38.75,69.48,24.65,1.239,6.0,-1.081,-8.0,5,2.51,16,8.02,66,0.117,6.48,0.1672
10,2220,19,64.7,150,37.01,56.5,14.41,1.782,6.0,-1.687,-8.0,24,22.26,19,17.62,87,0.0,2.42,0.0418
10,2253,0,120.4,201,40.3,67.9,21.13,1.017,6.0,-1.671,-8.0,24,11.96,13,6.48,65,0.119,10.59,0.2741
10,2253,1,119.7,203,47.63,67.8,24.26,1.28,6.0,-1.401,-8.0,11,5.51,14,7.02,80,0.138,7.28,0.2138
10,2253,2,67.3,112,37.64,64.45,22.91,1.244,5.685,-1.43,-5.414,5,4.46,12,10.7,41,0.17,8.08,0.1244
10,2255,0,120.8,264,40.54,57.48,12.56,0.977,6.0,-1.288,-8.0,19,9.44,14,6.95,104,0.015,5.74,0.2089
10,2255,1,119.0,251,36.14,61.46,15.13,1.42,6.0,-1.693,-8.0,30,15.13,24,12.1,131,0.032,4.65,0.1415
10,2255,2,121.1,186,47.82,72.91,26.62,1.309,6.0,-1.17,-7.093,12,5.95,11,5.45,48,0.151,9.45,0.2286
10,2255,3,119.9,221,46.27,62.24,17.01,0.993,6.0,-0.928,-6.389,9,4.5,11,5.5,54,0.05,8.59,0.2343
10,2255,4,84.6,180,46.33,74.99,25.45,1.434,6.0,-1.372,-8.0,16,11.35,16,11.35,68,0.0,12.39,0.2894
10,2259,0,108.7,224,33.14,55.63,14.07,1.425,6.0,-1.063,-6.12,11,6.07,26,14.35,93,0.058,8.02,0.2334
10,2259,1,120.3,243,36.31,65.82,21.29,1.484,6.0,-1.753,-8.0,22,10.97,24,11.97,113,0.107,5.98,0.1768
10,2259,2,120.0,220,44.86,74.29,25.23,1.407,6.0,-0.999,-5.12,17,8.5,15,7.5,73,0.132,8.76,0.2505
10,2259,3,120.1,191,38.93,65.13,24.06,0.983,4.546,-1.787,-8.0,18,8.99,7,3.5,68,0.225,6.53,0.1695
10,2259,4,120.0,255,46.98,69.08,18.51,1.389,6.0,-1.799,-8.0,18,9.0,33,16.5,120,0.0,11.47,0.3737
10,2259,5,25.1,54,39.28,66.73,20.94,2.248,6.0,-1.911,-8.0,11,26.29,4,9.56,35,0.0,3.34,0.0209
10,2265,0,120.8,246,30.81,50.92,15.86,1.31,6.0,-1.871,-8.0,25,12.42,22,10.93,99,0.085,6.25,0.1953
10,2265,1,120.1,208,32.19,62.03,20.7,1.003,6.0,-1.551,-8.0,20,9.99,10,5.0,68,0.173,3.0,0.0896
10,2265,2,119.5,256,37.66,70.83,20.24,1.149,6.0,-1.228,-8.0,15,7.53,21,10.54,102,0.043,8.03,0.2647
10,2265,3,120.4,240,34.4,65.78,17.61,1.212,6.0,-1.33,-8.0,24,11.96,13,6.48,106,0.05,5.75,0.1743
10,2265,4,118.0,199,34.59,62.17,21.53,1.131,6.0,-1.434,-6.38,16,8.14,7,3.56,70,0.156,5.51,0.1485
10,2265,5,91.2,181,43.47,73.6,27.47,1.923,6.0,-1.301,-4.694,14,9.21,27,17.76,67,0.116,13.23,0.3031
10,2272,0,118.5,156,18.29,50.3,14.29,1.916,6.0,-1.967,-8.0,26,13.16,18,9.11,85,0.224,2.98,0.0653
10,2272,1,109.5,207,39.14,56.24,15.59,0.945,6.0,-1.431,-8.0,11,6.03,9,4.93,60,0.082,1.95,0.0552
10,2272,2,122.9,194,33.66,56.31,17.36,1.156,6.0,-1.522,-8.0,18,8.79,14,6.83,88,0.103,4.98,0.1266
10,2272,3,120.3,157,44.03,69.95,28.12,1.469,6.0,-0.726,-3.5,1,0.5,14,6.98,44,0.236,8.65,0.1893
10,2272,4,114.5,201,29.55,55.31,19.05,1.17,4.671,-1.843,-8.0,31,16.24,17,8.91,93,0.095,4.88,0.1277
10,2272,5,125.7,220,27.09,56.2,19.11,1.625,6.0,-2.155,-8.0,27,12.89,30,14.32,116,0.15,3.95,0.1101
10,2272,6,75.8,160,54.07,70.78,17.61,1.623,6.0,-1.028,-8.0,5,3.96,19,15.04,65,0.0,15.27,0.3098
10,2297,0,120.9,219,46.0,66.82,20.05,1.045,6.0,-1.658,-8.0,20,9.93,16,7.94,89,0.068,8.11,0.2577
10,2297,1,120.0,189,44.35,83.05,31.73,2.282,6.0,-2.253,-8.0,21,10.5,23,11.5,87,0.217,13.47,0.3529
10,2320,0,120.7,226,16.23,44.58,12.57,1.238,6.0,-1.259,-5.602,18,8.95,23,11.43,99,0.097,3.39,0.1088
10,2321,0,120.9,196,20.2,45.0,15.05,1.443,6.0,-1.202,-7.625,17,8.44,22,10.92,79,0.143,3.46,0.0896
10,2321,1,15.9,34,24.07,37.49,9.76,0.942,3.417,-1.658,-4.227,7,26.42,2,7.55,18,0.0,4.97,0.0234
10,2326,0,120.1,169,47.85,74.84,26.39,1.127,6.0,-1.622,-8.0,18,8.99,7,3.5,62,0.166,2.26,0.052
10,2326,1,119.1,171,27.52,53.34,18.82,1.598,6.0,-1.941,-8.0,13,6.55,20,10.08,78,0.199,1.73,0.0375
10,2326,2,109.8,95,5.91,30.82,9.81,2.251,5.407,-1.322,-4.648,4,2.19,6,3.28,15,0.674,0.93,0.0085
10,2326,3,121.9,126,17.76,57.35,20.19,2.104,6.0,-2.046,-6.227,7,3.45,17,8.37,42,0.437,6.84,0.1051
10,2326,4,119.7,222,32.43,60.61,18.8,1.528,6.0,-2.055,-8.0,30,15.04,20,10.03,112,0.104,3.15,0.1002
10,2326,5,95.5,142,23.4,49.48,15.48,2.165,6.0,-2.219,-8.0,18,11.31,21,13.19,80,0.155,4.36,0.0763
10,2328,0,120.3,210,35.42,55.5,16.25,1.324,6.0,-1.536,-6.014,14,6.98,24,11.97,73,0.076,7.96,0.2157
10,2328,1,119.3,248,51.56,67.57,16.53,0.864,5.213,-1.325,-8.0,19,9.56,8,4.02,62,0.024,2.54,0.0881
10,2328,2,99.8,158,55.08,74.58,22.32,1.638,6.0,-1.158,-8.0,6,3.61,18,10.82,64,0.07,10.0,0.1991
10,2332,0,120.2,257,54.94,73.93,15.3,1.457,6.0,-1.826,-8.0,28,13.98,36,17.97,148,0.0,8.08,0.2657
10,2332,1,120.7,206,49.68,66.94,19.58,1.234,6.0,-1.568,-8.0,20,9.94,13,6.46,87,0.044,3.94,0.1025
10,2332,2,119.5,207,24.39,46.54,14.66,1.478,6.0,-1.512,-8.0,24,12.05,18,9.04,86,0.077,1.33,0.0341
10,2332,3,95.3,83,10.38,35.47,12.95,1.831,6.0,-2.057,-5.718,7,4.41,7,4.41,31,0.494,2.91,0.0426
10,2332,4,104.6,133,37.1,62.75,22.58,1.6,6.0,-1.733,-8.0,10,5.74,20,11.47,56,0.128,11.51,0.1905
10,2332,5,120.0,189,22.17,61.0,16.53,1.675,6.0,-1.858,-8.0,28,14.0,20,10.0,87,0.148,3.39,0.0894
10,2332,6,65.8,121,21.45,46.77,13.34,1.307,5.167,-1.122,-6.704,8,7.29,13,11.85,51,0.058,4.23,0.0632
10,2338,0,115.5,252,44.28,70.56,20.06,1.136,6.0,-1.534,-6.981,35,18.18,16,8.31,128,0.028,1.95,0.0723
10,2338,1,113.4,86,7.68,30.56,10.07,2.244,6.0,-2.194,-8.0,11,5.82,8,4.23,33,0.5,1.87,0.0247
10,2338,2,83.1,70,12.54,30.19,11.73,1.86,6.0,-1.193,-6.806,3,2.17,6,4.33,20,0.414,2.43,0.0236
10,2338,3,117.8,181,34.67,59.42,21.38,1.424,6.0,-1.251,-5.407,11,5.6,18,9.17,74,0.149,8.38,0.1806
10,2338,4,114.8,188,24.41,55.43,15.08,1.734,6.0,-1.666,-8.0,27,14.11,15,7.84,89,0.112,2.99,0.0765
10,2338,5,102.6,199,28.47,52.66,14.96,1.523,6.0,-1.776,-6.491,26,15.2,23,13.45,100,0.075,3.66,0.0973
10,2350,0,85.6,142,19.94,38.39,13.46,1.904,6.0,-2.022,-8.0,22,15.42,18,12.62,79,0.148,3.17,0.0589
10,2350,2,93.9,170,14.33,29.97,10.04,1.352,6.0,-1.841,-8.0,18,11.5,15,9.58,78,0.182,2.2,0.0502
10,2350,3,117.2,248,36.88,65.49,16.68,1.549,6.0,-1.485,-8.0,22,11.26,27,13.82,128,0.012,3.56,0.1094
10,2350,4,111.4,107,25.7,52.93,19.09,2.446,6.0,-3.006,-8.0,19,10.23,19,10.23,60,0.262,10.68,0.1362
10,2350,5,112.0,237,53.61,79.0,25.82,0.985,4.995,-1.468,-8.0,18,9.64,14,7.5,66,0.025,8.98,0.2828
10,2350,6,94.8,192,36.82,52.25,14.49,1.223,6.0,-1.551,-8.0,10,6.33,18,11.39,79,0.026,5.15,0.1185
10,2350,7,85.6,180,46.03,79.9,25.79,1.779,6.0,-1.845,-8.0,28,19.63,21,14.72,95,0.044,9.47,0.2147
10,2382,0,120.0,270,67.25,83.26,14.46,0.874,6.0,-1.283,-8.0,14,7.0,11,5.5,83,0.0,7.42,0.2487
10,2382,1,39.7,84,40.16,70.47,18.4,1.61,6.0,-2.595,-8.0,9,13.6,13,19.65,46,0.0,5.05,0.0597
10,2384,0,120.1,265,57.92,78.62,20.42,0.919,5.546,-1.272,-8.0,15,7.49,14,6.99,85,0.0,6.35,0.2245
10,2384,1,120.8,262,47.19,59.54,6.38,0.742,5.204,-1.076,-7.194,13,6.46,7,3.48,81,0.0,1.55,0.0491
10,2391,0,120.4,218,30.4,46.62,13.74,1.444,6.0,-1.671,-8.0,19,9.47,20,9.97,97,0.073,6.98,0.1945
10,2391,1,77.1,171,41.53,54.4,8.11,0.889,6.0,-0.924,-3.324,7,5.45,10,7.78,64,0.0,6.31,0.1354
10,2395,0,100.9,218,38.05,50.7,8.19,0.819,5.5,-1.313,-8.0,17,10.11,8,4.76,75,0.0,6.74,0.1878
10,2397,0,120.7,271,34.37,51.58,14.46,1.748,6.0,-1.735,-8.0,34,16.9,33,16.4,146,0.018,5.1,0.1764
10,2397,1,119.5,245,34.34,47.95,13.25,0.956,4.917,-1.328,-8.0,22,11.05,12,6.03,98,0.045,1.84,0.0666
10,2397,2,88.8,141,28.04,43.55,12.78,1.69,6.0,-1.886,-8.0,14,9.46,21,14.19,79,0.085,3.51,0.0649
10,2400,0,120.6,145,21.57,40.65,14.67,1.519,6.0,-2.262,-8.0,15,7.46,18,8.96,67,0.193,4.32,0.0791
10,2401,0,120.8,184,34.85,59.29,19.52,1.202,6.0,-1.167,-8.0,13,6.46,11,5.46,51,0.152,2.99,0.0755
10,2401,1,120.0,176,19.88,53.14,16.13,1.68,6.0,-1.3,-8.0,15,7.5,20,10.0,65,0.256,4.68,0.1108
10,2401,2,118.2,230,54.35,63.08,13.11,0.487,1.917,-1.533,-8.0,14,7.11,0,0.0,63,0.026,6.65,0.1974
10,2401,3,111.4,181,34.49,63.15,22.99,1.616,6.0,-2.14,-8.0,17,9.16,25,13.46,89,0.144,5.69,0.1398
10,2401,4,119.4,169,47.86,76.9,28.65,1.809,6.0,-1.732,-8.0,14,7.04,16,8.04,67,0.166,11.33,0.245
10,2402,0,115.4,226,45.45,75.52,25.11,1.328,6.0,-1.398,-8.0,26,13.52,13,6.76,91,0.062,4.66,0.1417
10,2402,1,125.1,205,28.72,48.92,17.22,1.534,6.0,-1.287,-6.324,16,7.67,23,11.03,78,0.185,8.84,0.2361
10,2402,2,120.2,215,23.43,47.62,13.34,1.877,6.0,-2.301,-8.0,34,16.97,29,14.48,127,0.079,2.05,0.061
10,2410,0,120.9,235,32.76,54.11,15.67,1.3,6.0,-1.526,-8.0,21,10.42,23,11.41,105,0.064,3.79,0.1136
10,2410,1,118.6,239,44.6,61.74,15.14,1.147,6.0,-1.667,-8.0,27,13.66,15,7.59,110,0.033,1.37,0.049
10,2410,2,121.0,127,35.93,70.96,29.65,1.39,6.0,-0.304,-0.778,0,0.0,14,6.94,37,0.339,7.62,0.1292
10,2410,3,119.8,219,41.51,68.89,22.37,1.49,6.0,-1.671,-8.0,25,12.52,20,10.02,97,0.064,4.7,0.1352
10,2410,4,120.2,264,46.42,74.06,22.47,1.492,6.0,-1.667,-8.0,25,12.48,35,17.47,130,0.03,8.73,0.2879
10,2410,5,94.8,98,25.03,63.59,26.08,2.413,6.0,-2.405,-8.0,13,8.23,3,1.9,35,0.429,1.85,0.0252
10,2428,0,95.1,186,40.54,65.25,21.88,1.664,6.0,-1.889,-8.0,20,12.62,20,12.62,79,0.091,13.28,0.3307
10,2437,0,120.7,189,39.46,65.4,26.4,0.913,4.056,-1.395,-7.157,19,9.44,10,4.97,68,0.169,1.17,0.0351
10,2437,1,120.2,236,31.62,56.5,15.73,1.304,6.0,-1.363,-6.231,18,8.99,24,11.98,104,0.051,4.69,0.131
10,2437,2,114.5,171,33.92,66.94,22.91,1.291,6.0,-1.689,-8.0,17,8.91,12,6.29,75,0.152,5.95,0.1364
10,2437,3,69.5,128,33.89,50.24,10.44,1.329,6.0,-0.948,-4.944,5,4.32,14,12.09,49,0.031,5.87,0.0999
10,2438,0,110.2,246,47.52,57.25,13.47,0.623,3.699,-1.017,-6.481,15,8.17,2,1.09,53,0.041,1.58,0.05
10,2438,1,119.7,165,45.7,69.68,27.22,1.399,6.0,-0.287,-1.06,0,0.0,16,8.02,34,0.212,8.78,0.1852
10,2438,2,111.1,181,43.41,69.0,20.98,1.229,6.0,-1.595,-8.0,15,8.1,14,7.56,74,0.127,5.67,0.1273
10,2438,3,119.8,249,40.47,70.41,22.4,1.187,6.0,-1.619,-8.0,25,12.52,17,8.51,111,0.032,6.2,0.191
10,2438,4,44.7,90,39.77,67.72,23.37,2.483,6.0,-1.3,-6.037,12,16.11,9,12.08,37,0.089,5.3,0.0674
10,2444,0,120.3,243,37.44,59.87,14.29,1.231,6.0,-1.092,-8.0,17,8.48,21,10.47,82,0.021,4.19,0.1293
10,2444,1,120.6,240,35.59,61.82,18.81,1.258,5.741,-1.282,-8.0,17,8.46,23,11.44,82,0.042,4.75,0.1467
10,2444,2,51.3,56,12.37,47.85,17.47,0.0,0.0,-2.318,-8.0,10,11.7,0,0.0,18,0.589,-0.87,-0.006
10,2444,3,91.4,37,0.0,0.0,0.0,0.0,0.0,0.0,0.0,0,0.0,0,0.0,0,1.0,0.53,0.0142
10,2444,4,72.0,35,0.82,7.14,2.3,2.83,6.0,0.0,0.0,0,0.0,2,1.67,4,0.886,1.1,0.0063
10,2444,5,114.0,244,56.41,71.76,17.16,1.109,6.0,-0.965,-7.028,9,4.74,14,7.37,62,0.033,8.42,0.2702
10,2444,6,115.6,168,34.83,65.62,25.29,1.186,6.0,-1.904,-8.0,10,5.19,11,5.71,66,0.238,4.54,0.101
10,2444,7,109.3,217,41.06,73.03,25.96,1.958,6.0,-1.613,-8.0,21,11.53,26,14.27,89,0.078,8.7,0.226
10,2464,0,94.9,149,51.39,69.72,21.39,0.527,2.398,-1.709,-8.0,17,10.75,1,0.63,57,0.074,2.19,0.0503
10,2464,1,103.8,172,25.5,54.12,18.11,1.723,6.0,-1.459,-8.0,17,9.83,20,11.56,75,0.116,3.15,0.0675
10,2464,2,102.4,87,6.45,23.0,7.92,1.543,5.815,-1.156,-4.315,4,2.34,5,2.93,25,0.437,2.1,0.0366
10,2464,3,120.8,154,36.04,63.89,20.87,1.597,6.0,-0.758,-4.389,6,2.98,13,6.46,49,0.182,7.61,0.1681
10,2464,4,118.8,202,27.94,47.99,13.08,1.508,6.0,-1.525,-8.0,21,10.61,21,10.61,98,0.079,2.84,0.0694
10,2467,0,120.9,238,38.84,55.83,15.69,0.952,6.0,-1.428,-8.0,19,9.43,12,5.96,86,0.055,2.26,0.081
10,2467,1,120.0,239,34.5,59.28,17.1,1.336,6.0,-2.245,-8.0,35,17.5,26,13.0,126,0.079,5.37,0.1689
10,2467,2,119.9,273,44.92,58.98,8.83,1.033,6.0,-1.26,-8.0,18,9.01,22,11.01,105,0.0,11.25,0.37
10,2467,3,119.5,242,37.93,56.33,16.84,1.207,6.0,-1.474,-8.0,25,12.55,16,8.03,103,0.07,1.77,0.0606
10,2467,4,90.7,96,17.36,41.11,14.69,1.705,6.0,-2.169,-8.0,8,5.29,11,7.28,44,0.323,0.97,0.018
10,2471,0,110.5,188,21.72,45.75,14.4,1.882,6.0,-2.164,-8.0,23,12.49,25,13.57,103,0.176,5.4,0.1215
10,2471,1,119.6,204,30.68,56.12,14.7,1.314,6.0,-1.738,-8.0,23,11.54,21,10.54,93,0.078,2.49,0.0731
10,2471,2,108.4,205,47.49,66.6,16.94,0.85,6.0,-1.656,-8.0,18,9.96,7,3.87,78,0.054,1.51,0.0458
10,2471,3,111.4,223,56.58,69.44,15.65,1.298,6.0,-0.973,-8.0,5,2.69,20,10.77,87,0.027,11.17,0.3055
10,2471,4,102.4,176,37.97,61.75,17.74,1.084,6.0,-1.642,-8.0,22,12.89,9,5.27,72,0.057,1.27,0.0306
10,2471,5,108.2,219,40.39,69.26,24.83,1.42,6.0,-1.291,-8.0,18,9.98,19,10.54,82,0.046,8.31,0.2312
10,2471,6,44.4,30,11.82,44.01,16.0,2.41,6.0,-1.555,-2.87,1,1.35,7,9.46,11,0.567,10.92,0.0387
10,2478,0,120.7,173,36.89,69.18,24.28,1.39,6.0,-2.512,-8.0,15,7.46,20,9.94,71,0.162,7.33,0.1779
10,2478,1,117.8,205,42.68,68.42,22.27,1.146,6.0,-1.893,-8.0,25,12.73,12,6.11,79,0.117,4.37,0.1197
10,2478,2,122.3,173,35.06,60.73,19.89,1.321,6.0,-1.693,-8.0,11,5.4,18,8.83,64,0.139,5.07,0.1152
10,2478,3,89.5,177,49.42,75.52,23.75,2.103,6.0,-1.213,-6.273,17,11.4,16,10.73,72,0.056,10.42,0.2279
10,2481,0,120.0,176,48.74,71.51,25.58,0.98,6.0,-1.811,-8.0,14,7.0,7,3.5,65,0.153,4.97,0.1334
10,2481,1,120.0,151,29.88,51.57,20.3,1.07,4.704,-2.161,-8.0,10,5.0,8,4.0,55,0.212,3.8,0.0938
10,2481,2,120.2,152,32.18,63.12,22.69,1.916,6.0,-1.678,-8.0,11,5.49,17,8.49,63,0.211,9.57,0.2236
10,2481,3,120.4,239,30.8,55.48,12.9,1.629,6.0,-1.874,-8.0,33,16.45,29,14.45,130,0.033,3.89,0.1138
10,2485,0,120.7,257,52.78,73.17,18.82,1.047,6.0,-1.353,-8.0,19,9.44,16,7.95,86,0.027,6.69,0.225
10,2485,1,118.7,253,46.52,72.79,21.72,1.055,6.0,-1.343,-8.0,26,13.14,13,6.57,88,0.043,2.63,0.099
10,2485,2,79.0,138,29.72,48.49,18.22,1.292,6.0,-1.391,-8.0,7,5.32,7,5.32,45,0.145,3.24,0.0639
10,2485,3,119.5,224,36.96,61.66,19.48,1.685,6.0,-1.756,-8.0,28,14.06,22,11.05,109,0.071,7.0,0.2088
10,2485,4,102.6,181,33.08,50.62,14.8,1.265,6.0,-1.615,-8.0,13,7.6,16,9.36,77,0.077,6.06,0.147
10,2533,0,120.0,244,34.48,53.05,15.15,1.345,6.0,-1.602,-7.468,29,14.5,24,12.0,109,0.029,5.08,0.1705
10,2533,1,120.7,224,45.42,63.3,16.17,1.13,6.0,-0.59,-3.917,1,0.5,16,7.95,55,0.062,7.56,0.223
10,2533,2,116.9,244,58.97,79.97,20.66,0.335,1.472,-0.992,-4.477,13,6.67,0,0.0,42,0.037,4.84,0.157
10,2533,3,99.6,146,44.02,74.49,26.8,1.183,6.0,-1.589,-6.306,6,3.61,15,9.04,55,0.171,4.31,0.0865
10,2533,4,120.4,254,44.55,64.67,15.83,1.184,6.0,-1.386,-8.0,26,12.96,17,8.47,123,0.028,3.02,0.1086
10,2533,5,119.9,188,35.86,58.81,20.35,1.088,5.111,-1.173,-6.0,11,5.5,14,7.01,63,0.09,3.23,0.0829
10,2533,6,120.0,264,26.45,39.5,9.51,1.429,6.0,-1.455,-8.0,28,14.0,29,14.5,146,0.0,3.14,0.111
10,2533,7,118.2,65,2.11,14.24,4.42,0.232,0.232,-1.583,-5.556,5,2.54,0,0.0,10,0.785,0.55,0.0249
10,2533,9,56.8,31,0.0,0.0,0.0,0.0,0.0,0.0,0.0,0,0.0,0,0.0,0,1.0,0.88,0.0132
10,2533,10,119.4,252,25.83,43.73,11.76,1.122,4.528,-1.37,-6.468,23,11.56,23,11.56,103,0.032,3.23,0.1024
10,2533,11,104.8,179,36.03,57.1,20.32,1.117,6.0,-1.081,-4.81,13,7.44,10,5.73,58,0.112,4.26,0.1057
10,2533,12,94.6,190,55.17,71.45,18.83,1.241,6.0,-0.648,-2.991,4,2.54,15,9.51,64,0.037,9.1,0.2147
10,2533,13,119.8,270,48.95,64.37,14.06,0.972,6.0,-1.152,-7.333,21,10.52,12,6.01,104,0.0,6.12,0.2054
10,2533,14,96.5,159,26.46,52.97,19.6,1.142,6.0,-1.612,-8.0,21,13.06,4,2.49,70,0.113,1.2,0.0317
10,2533,15,100.1,50,0.0,0.0,0.0,0.0,0.0,0.0,0.0,0,0.0,0,0.0,0,1.0,0.54,0.0146
10,2533,16,75.6,33,0.0,0.0,0.0,0.0,0.0,0.0,0.0,0,0.0,0,0.0,0,1.0,0.58,0.0121
10,2533,17,120.0,64,0.0,0.0,0.0,0.0,0.0,0.0,0.0,0,0.0,0,0.0,0,1.0,0.51,0.0158
10,2533,18,89.5,38,0.0,0.0,0.0,0.0,0.0,0.0,0.0,0,0.0,0,0.0,0,1.0,0.79,0.0188
10,2533,19,120.0,73,0.0,0.0,0.0,0.0,0.0,0.0,0.0,0,0.0,0,0.0,0,1.0,0.87,0.0288
10,2533,20,120.5,60,0.0,0.0,0.0,0.0,0.0,0.0,0.0,0,0.0,0,0.0,0,1.0,0.88,0.0298
10,2533,21,87.0,41,0.0,0.0,0.0,0.0,0.0,0.0,0.0,0,0.0,0,0.0,0,1.0,0.86,0.021
10,2533,22,98.2,34,0.0,0.0,0.0,0.0,0.0,0.0,0.0,0,0.0,0,0.0,0,1.0,0.87,0.0237
10,2533,24,120.0,67,0.0,0.0,0.0,0.0,0.0,0.0,0.0,0,0.0,0,0.0,0,1.0,0.87,0.0293
10,2533,25,120.0,63,0.0,0.0,0.0,0.0,0.0,0.0,0.0,0,0.0,0,0.0,0,1.0,0.88,0.0301
10,2533,26,109.4,62,0.0,0.0,0.0,0.0,0.0,0.0,0.0,0,0.0,0,0.0,0,1.0,0.86,0.0264
10,2533,27,100.4,48,0.0,0.0,0.0,0.0,0.0,0.0,0.0,0,0.0,0,0.0,0,1.0,0.87,0.0245
10,2533,28,119.4,87,2.31,11.12,3.77,0.954,5.509,-1.526,-5.87,2,1.01,1,0.5,9,0.69,1.21,0.0349
10,2533,29,110.2,189,45.27,59.13,19.83,0.762,3.995,-0.353,-2.713,1,0.54,10,5.44,23,0.09,7.62,0.2033
10,2533,30,119.9,238,30.43,54.41,13.23,1.645,6.0,-1.509,-8.0,32,16.01,25,12.51,114,0.067,2.16,0.0748
10,2533,31,119.8,153,23.99,50.12,18.19,1.876,6.0,-2.415,-8.0,25,12.52,15,7.51,83,0.229,3.73,0.084
10,2533,32,37.5,83,27.1,40.34,12.24,1.816,6.0,-2.194,-6.833,12,19.2,14,22.4,50,0.072,6.29,0.0725
10,2536,0,120.9,275,51.41,67.76,15.4,0.71,4.944,-0.881,-5.731,11,5.46,7,3.47,72,0.0,5.39,0.1819
10,2536,1,87.1,80,7.01,25.96,8.61,1.57,3.102,-0.952,-5.213,4,2.76,4,2.76,18,0.475,1.14,0.0252
10,2536,2,89.9,81,2.94,10.12,4.05,1.288,6.0,-0.633,-2.213,1,0.67,2,1.33,10,0.642,0.72,0.0113
10,2536,3,114.7,55,0.44,4.99,1.27,0.471,0.949,-2.884,-4.62,2,1.05,0,0.0,3,0.891,0.41,0.0103
10,2536,4,121.3,165,32.97,66.3,24.75,1.02,6.0,-0.787,-5.991,2,0.99,14,6.92,43,0.139,5.1,0.11
10,2536,5,120.0,262,53.97,74.26,17.97,0.942,6.0,-0.911,-4.491,15,7.5,10,5.0,70,0.0,5.02,0.1628
10,2536,6,119.9,204,32.46,53.11,15.88,1.751,6.0,-1.455,-8.0,18,9.01,21,10.51,94,0.093,3.25,0.0943
10,2536,7,68.7,83,28.44,50.77,22.06,1.182,5.852,-3.296,-8.0,9,7.86,4,3.49,25,0.289,1.9,0.0226
10,2545,0,119.0,183,47.83,67.01,21.23,1.153,6.0,-1.549,-8.0,14,7.06,10,5.04,60,0.098,4.44,0.1123
10,2545,1,121.2,147,21.66,51.12,18.87,1.525,6.0,-1.864,-8.0,16,7.92,12,5.94,64,0.252,2.12,0.0484
10,2545,2,94.9,98,6.67,22.48,6.78,1.665,4.394,-0.636,-3.009,1,0.63,5,3.16,16,0.337,1.62,0.0298
10,2545,3,117.0,116,8.38,22.74,8.69,1.339,6.0,-0.701,-3.167,2,1.03,5,2.56,21,0.466,2.13,0.0413
10,2545,4,91.6,138,31.09,61.7,21.85,1.926,6.0,-1.225,-6.435,8,5.24,21,13.76,55,0.174,10.53,0.1981
10,2545,5,119.4,240,36.38,55.94,13.04,0.701,3.324,-0.92,-5.593,15,7.54,4,2.01,57,0.042,3.46,0.0988
10,2545,6,56.0,57,18.7,50.56,20.15,2.305,6.0,0.0,0.0,0,0.0,12,12.86,23,0.421,9.48,0.0698
10,2548,0,99.7,205,45.06,65.14,15.93,1.442,6.0,-1.328,-8.0,20,12.04,19,11.43,94,0.044,10.44,0.2627
10,2548,1,70.8,101,25.14,49.2,17.92,1.632,6.0,-1.659,-7.417,13,11.02,13,11.02,49,0.158,7.41,0.0964
10,2556,0,97.8,217,50.07,80.9,22.84,1.3,6.0,-1.659,-8.0,26,15.95,24,14.72,105,0.028,9.12,0.2451
10,2574,0,111.3,225,59.24,74.3,17.65,0.859,6.0,-1.336,-8.0,15,8.09,6,3.23,70,0.04,9.12,0.2591
10,2574,1,113.2,190,24.19,52.92,19.74,1.322,6.0,-1.472,-8.0,16,8.48,14,7.42,87,0.105,4.17,0.1123
10,2574,2,103.9,171,11.62,47.62,10.93,1.965,6.0,-1.735,-8.0,21,12.13,23,13.28,82,0.152,3.0,0.0757
10,2574,3,46.0,98,72.91,84.81,9.98,1.215,6.0,-0.614,-2.046,1,1.3,6,7.83,30,0.0,18.49,0.2397
10,2581,0,120.7,210,39.02,59.29,18.03,1.656,6.0,-1.279,-6.694,14,6.96,25,12.43,85,0.067,7.86,0.2044
10,2581,1,105.1,221,48.78,62.08,16.25,1.205,6.0,-1.734,-8.0,19,10.85,13,7.42,78,0.018,2.53,0.0692
10,2581,2,110.7,211,44.72,68.41,21.75,1.113,6.0,-0.975,-4.074,12,6.5,13,7.05,59,0.071,7.36,0.2017
10,2581,3,118.1,142,27.47,56.05,18.32,0.875,3.435,-2.048,-7.602,15,7.62,6,3.05,54,0.169,3.27,0.0742
10,2581,4,111.5,220,41.49,72.68,22.44,1.688,6.0,-1.972,-8.0,19,10.22,34,18.3,120,0.086,9.62,0.2758
10,2581,5,84.0,118,42.82,70.47,27.29,1.955,6.0,-1.274,-8.0,15,10.71,5,3.57,39,0.178,6.34,0.0983
10,2584,0,120.8,208,36.59,65.87,22.96,1.699,6.0,-1.875,-8.0,18,8.94,24,11.92,90,0.139,8.44,0.2355
10,2584,1,120.0,174,27.32,52.4,18.18,1.374,5.241,-1.466,-6.472,17,8.5,17,8.5,76,0.126,4.61,0.12
10,2584,2,120.0,187,16.24,40.87,13.21,1.664,6.0,-1.993,-8.0,28,14.0,17,8.5,89,0.225,3.35,0.1026
10,2584,3,103.3,123,10.74,41.73,10.56,1.707,6.0,-1.289,-6.176,6,3.48,15,8.71,51,0.285,5.3,0.1064
10,2589,0,120.8,183,27.61,51.62,16.66,1.833,6.0,-1.863,-8.0,19,9.44,27,13.41,90,0.137,6.54,0.1685
10,2589,1,118.3,212,42.42,58.94,13.78,0.516,2.125,-1.201,-8.0,12,6.09,2,1.01,45,0.047,0.43,0.0114
10,2589,2,121.3,161,19.73,42.98,13.57,1.966,6.0,-2.094,-8.0,15,7.42,21,10.39,77,0.205,3.88,0.0831
10,2589,3,120.1,114,21.61,48.18,18.81,1.977,6.0,-2.574,-8.0,17,8.49,15,7.49,55,0.307,5.06,0.0746
10,2589,4,120.4,226,50.52,73.92,22.42,1.282,6.0,-1.43,-6.657,14,6.98,18,8.97,78,0.066,9.05,0.2684
10,2589,5,119.5,269,39.04,57.11,13.85,1.376,6.0,-2.077,-8.0,31,15.56,27,13.56,141,0.0,8.55,0.2858
10,2589,6,61.1,124,24.32,48.38,14.69,1.996,6.0,-1.922,-8.0,23,22.59,16,15.71,74,0.081,0.01,-0.0021
10,2591,0,120.6,256,43.07,71.68,17.03,1.011,6.0,-1.534,-7.199,20,9.95,16,7.96,102,0.039,6.5,0.2076
10,2591,1,120.2,173,29.18,51.46,18.39,1.237,6.0,-1.206,-8.0,12,5.99,8,3.99,60,0.185,7.68,0.193
10,2591,2,106.5,97,9.35,29.01,9.91,1.57,6.0,-1.529,-6.481,12,6.76,5,2.82,26,0.361,1.0,0.039
10,2591,3,108.8,89,7.36,25.02,8.23,1.39,5.741,-1.254,-5.25,6,3.31,6,3.31,28,0.416,1.63,0.0442
10,2591,4,79.1,114,10.38,24.26,7.71,1.599,6.0,-1.385,-8.0,8,6.07,10,7.59,46,0.228,1.47,0.0301
10,2591,5,126.0,167,12.78,33.17,8.33,1.47,6.0,-1.206,-8.0,13,6.19,15,7.14,69,0.138,2.73,0.0718
10,2591,6,58.7,123,28.06,48.08,9.77,1.652,6.0,-1.153,-6.38,8,8.18,19,19.42,60,0.0,6.18,0.0879
10,2610,0,50.6,104,27.49,43.91,13.09,1.632,6.0,-1.803,-8.0,16,18.97,18,21.34,63,0.048,5.19,0.066
10,2612,0,120.8,216,36.67,51.18,12.95,1.096,6.0,-1.05,-6.194,9,4.47,15,7.45,72,0.046,6.97,0.2158
10,2612,1,116.7,218,47.73,63.55,18.38,0.78,5.491,-1.25,-7.361,16,8.23,6,3.08,47,0.064,3.06,0.1036
10,2612,2,103.1,206,49.26,68.48,18.74,1.343,6.0,-1.118,-7.231,11,6.4,25,14.55,83,0.034,11.68,0.3113
10,2612,3,119.8,257,43.94,70.03,14.07,1.34,6.0,-1.987,-8.0,29,14.52,22,11.02,132,0.0,8.91,0.2899
10,2612,4,120.1,196,29.8,57.55,16.67,1.699,6.0,-2.561,-8.0,27,13.49,26,12.99,108,0.122,3.43,0.1094
10,2612,5,119.2,185,23.79,41.61,13.07,1.088,6.0,-1.609,-8.0,26,13.09,13,6.54,88,0.124,3.35,0.1033
10,2612,6,115.9,129,18.09,45.5,15.54,1.396,6.0,-0.953,-3.657,5,2.59,12,6.21,37,0.271,5.88,0.1207
10,2612,8,84.5,39,0.0,0.0,0.0,0.0,0.0,0.0,0.0,0,0.0,0,0.0,0,1.0,1.26,0.0299
10,2612,9,81.6,39,0.0,0.0,0.0,0.0,0.0,0.0,0.0,0,0.0,0,0.0,0,1.0,1.15,0.0265
10,2612,10,106.2,53,0.0,0.0,0.0,0.0,0.0,0.0,0.0,0,0.0,0,0.0,0,1.0,1.12,0.0325
10,2612,11,88.7,50,0.0,0.0,0.0,0.0,0.0,0.0,0.0,0,0.0,0,0.0,0,1.0,1.26,0.0313
10,2612,12,121.7,49,0.0,0.0,0.0,0.0,0.0,0.0,0.0,0,0.0,0,0.0,0,1.0,1.27,0.0433
10,2612,13,100.0,42,0.0,0.0,0.0,0.0,0.0,0.0,0.0,0,0.0,0,0.0,0,1.0,1.23,0.0337
10,2612,14,85.0,39,0.0,0.0,0.0,0.0,0.0,0.0,0.0,0,0.0,0,0.0,0,1.0,1.07,0.026
10,2612,15,79.8,38,0.0,0.0,0.0,0.0,0.0,0.0,0.0,0,0.0,0,0.0,0,1.0,1.08,0.0251
10,2612,16,111.4,50,0.0,0.0,0.0,0.0,0.0,0.0,0.0,0,0.0,0,0.0,0,1.0,1.05,0.0326
10,2612,17,93.2,42,0.0,0.0,0.0,0.0,0.0,0.0,0.0,0,0.0,0,0.0,0,1.0,1.07,0.0284
10,2612,18,100.9,51,0.0,0.0,0.0,0.0,0.0,0.0,0.0,0,0.0,0,0.0,0,1.0,1.15,0.0328
10,2612,19,119.7,57,0.0,0.0,0.0,0.0,0.0,0.0,0.0,0,0.0,0,0.0,0,1.0,1.1,0.0361
10,2612,20,95.8,42,0.0,0.0,0.0,0.0,0.0,0.0,0.0,0,0.0,0,0.0,0,1.0,1.08,0.0293
10,2612,21,74.5,47,0.0,0.0,0.0,0.0,0.0,0.0,0.0,0,0.0,0,0.0,0,1.0,1.11,0.0225
10,2612,22,120.8,49,0.0,0.0,0.0,0.0,0.0,0.0,0.0,0,0.0,0,0.0,0,1.0,1.25,0.0426
10,2612,23,110.3,57,0.0,0.0,0.0,0.0,0.0,0.0,0.0,0,0.0,0,0.0,0,1.0,1.28,0.0395
10,2612,24,120.8,58,0.0,0.0,0.0,0.0,0.0,0.0,0.0,0,0.0,0,0.0,0,1.0,1.28,0.0426
10,2612,25,105.6,65,0.25,3.23,0.86,2.136,2.991,-1.364,-2.796,1,0.57,2,1.14,3,0.923,1.61,0.0442
10,2612,26,94.8,48,0.0,0.0,0.0,0.0,0.0,0.0,0.0,0,0.0,0,0.0,0,1.0,1.67,0.044
10,2612,27,120.5,199,14.17,31.1,9.47,1.299,6.0,-1.09,-7.074,15,7.47,16,7.97,74,0.156,2.43,0.0765
10,2612,28,120.6,158,17.53,33.7,12.27,1.142,4.528,-1.72,-8.0,9,4.48,13,6.47,53,0.222,6.03,0.1484
10,2612,29,116.1,182,32.3,74.34,22.55,1.861,6.0,-2.083,-8.0,30,15.5,20,10.34,107,0.132,8.48,0.1984
10,2612,30,123.9,138,16.03,45.34,15.64,1.972,6.0,-1.415,-4.315,14,6.78,17,8.23,55,0.355,4.89,0.1076
10,2612,31,119.5,246,45.63,68.91,20.58,1.079,6.0,-1.585,-8.0,22,11.05,12,6.03,107,0.045,3.68,0.1142
10,2612,32,62.1,83,9.27,22.41,6.47,0.93,4.741,-1.166,-6.0,8,7.73,4,3.86,27,0.193,2.2,0.0331
10,2612,33,74.9,31,0.0,0.0,0.0,0.0,0.0,0.0,0.0,0,0.0,0,0.0,0,1.0,1.38,0.0288
10,2612,36,103.0,170,48.58,75.96,27.2,1.563,6.0,-0.708,-2.796,3,1.75,18,10.49,58,0.088,5.57,0.1516
10,2612,37,106.7,187,44.04,67.25,17.4,1.008,6.0,-1.175,-8.0,17,9.56,8,4.5,58,0.037,4.28,0.126
10,2612,38,101.5,169,33.92,49.96,15.1,1.11,6.0,-1.07,-5.574,10,5.91,14,8.28,54,0.083,3.24,0.0812
10,2612,39,31.1,68,32.69,50.54,16.72,1.544,6.0,-2.168,-8.0,13,25.08,9,17.36,35,0.059,12.18,0.0987
10,2628,0,120.8,194,26.25,54.39,16.71,1.484,6.0,-1.196,-8.0,16,7.95,15,7.45,71,0.134,3.3,0.1066
10,2628,1,74.9,110,25.04,43.16,14.34,1.981,6.0,-2.261,-8.0,14,11.21,19,15.22,59,0.145,6.28,0.0817
10,2629,0,119.9,161,40.58,57.36,12.54,0.788,6.0,-0.888,-4.694,5,2.5,6,3.0,27,0.0,4.99,0.1853
10,2629,1,119.2,134,34.04,57.36,14.04,0.63,2.569,-0.85,-4.866,4,2.01,3,1.51,19,0.06,2.4,0.0762
10,2629,2,121.1,103,22.22,64.51,26.32,1.923,6.0,-3.008,-5.667,1,0.5,16,7.93,29,0.505,7.19,0.0899
10,2629,3,119.9,129,46.88,64.03,20.13,1.461,6.0,-3.015,-8.0,12,6.01,12,6.01,45,0.085,7.04,0.2179
10,2629,4,120.6,198,37.48,66.57,20.51,1.622,6.0,-2.262,-8.0,16,7.96,31,15.42,103,0.096,7.09,0.1837
10,2629,5,62.0,134,49.13,77.38,24.17,1.627,6.0,-1.23,-8.0,14,13.55,9,8.71,59,0.03,8.04,0.141
10,2654,0,120.9,265,50.49,72.7,17.95,1.468,6.0,-1.778,-8.0,33,16.38,30,14.89,146,0.015,4.84,0.1722
10,2654,1,110.6,210,44.08,67.41,18.57,1.163,6.0,-1.207,-7.324,17,9.22,21,11.39,74,0.043,4.08,0.1104
10,2654,2,109.5,102,31.71,67.24,28.79,0.632,2.194,-1.86,-8.0,15,8.22,1,0.55,28,0.373,0.95,0.0295
10,2654,3,116.2,171,26.98,54.26,19.93,1.715,6.0,-2.773,-8.0,25,12.91,24,12.39,92,0.181,4.79,0.1178
10,2654,4,114.0,164,31.71,55.57,19.78,1.695,6.0,-1.262,-8.0,9,4.74,19,10.0,58,0.128,7.11,0.1668
10,2654,5,98.8,181,30.72,50.38,14.19,1.287,6.0,-1.251,-6.046,21,12.75,9,5.47,71,0.099,2.58,0.0761
10,2663,0,66.7,138,30.33,43.08,8.28,0.916,4.463,-1.064,-4.056,6,5.4,10,9.0,46,0.0,4.35,0.0797
10,2668,0,108.8,191,51.64,76.49,24.91,1.4,6.0,-1.081,-4.407,14,7.72,18,9.93,81,0.063,8.42,0.2214
10,2673,0,99.6,109,27.68,51.73,20.57,1.374,6.0,-2.056,-8.0,13,7.83,5,3.01,46,0.284,4.04,0.0696
10,2673,1,116.8,201,50.0,74.87,24.47,1.482,6.0,-1.694,-8.0,16,8.22,25,12.84,85,0.08,10.99,0.2833
10,2673,2,119.9,240,45.46,66.46,19.85,1.552,6.0,-1.831,-8.0,31,15.51,27,13.51,124,0.037,6.06,0.1984
10,2673,3,91.1,154,48.85,75.85,26.76,1.624,6.0,-1.762,-8.0,17,11.2,14,9.22,69,0.11,11.22,0.2309
10,2702,0,118.8,250,49.06,64.38,13.56,0.583,3.546,-1.452,-8.0,17,8.59,4,2.02,66,0.028,4.63,0.1604
10,2702,1,78.9,126,30.14,47.1,12.38,1.44,6.0,-1.568,-8.0,11,8.37,18,13.69,64,0.056,4.91,0.0884
10,2710,0,120.6,265,55.95,71.94,10.2,0.625,2.167,-0.717,-2.796,8,3.98,2,1.0,58,0.0,5.09,0.1717
10,2710,1,120.3,173,36.06,64.78,23.24,1.259,5.556,-0.993,-4.366,10,4.99,13,6.48,57,0.179,7.76,0.1925
10,2710,2,119.5,180,28.22,51.19,15.28,1.392,6.0,-1.27,-8.0,16,8.03,14,7.03,68,0.111,3.55,0.1047
10,2710,3,83.4,119,29.8,46.59,17.76,1.359,6.0,-1.797,-8.0,12,8.63,10,7.19,55,0.185,8.32,0.1427
10,2744,0,120.0,237,56.09,87.12,26.98,1.254,6.0,-1.823,-7.778,22,11.0,29,14.5,96,0.046,11.34,0.3896
10,2744,1,120.2,259,51.38,68.83,17.11,1.013,6.0,-1.525,-8.0,26,12.98,8,3.99,104,0.027,3.38,0.1169
10,2744,2,120.7,220,43.11,58.87,15.64,0.763,6.0,-0.915,-8.0,8,3.98,7,3.48,40,0.064,2.49,0.0734
10,2744,3,38.5,82,40.84,44.27,2.33,0.442,1.269,-0.505,-1.389,0,0.0,0,0.0,12,0.0,2.71,0.0302
10,2759,0,107.0,206,39.81,63.5,20.55,1.186,6.0,-1.985,-8.0,25,14.02,18,10.09,102,0.068,3.58,0.0916
10,2759,1,108.0,172,27.05,52.6,15.95,1.244,6.0,-1.998,-8.0,23,12.78,16,8.89,85,0.128,3.11,0.0772
10,2759,2,121.9,182,33.43,63.97,20.89,1.622,6.0,-1.554,-8.0,14,6.89,23,11.32,91,0.115,8.39,0.2196
10,2759,3,118.4,214,24.8,53.33,14.73,1.368,5.907,-1.847,-8.0,33,16.72,23,11.66,103,0.093,2.59,0.0668
10,2759,4,91.0,140,24.54,43.64,15.2,1.243,6.0,-1.697,-6.204,10,6.59,18,11.87,59,0.136,6.55,0.1252
10,2763,0,110.2,198,39.22,64.14,20.06,1.759,6.0,-2.646,-8.0,19,10.34,32,17.42,108,0.106,6.88,0.1737
10,2763,1,118.7,223,44.35,71.8,22.44,1.047,6.0,-1.36,-8.0,24,12.13,10,5.05,92,0.04,3.28,0.1021
10,2763,2,100.4,73,3.88,17.75,5.58,0.996,3.509,-1.624,-8.0,2,1.2,2,1.2,15,0.616,2.1,0.048
10,2763,3,107.0,86,7.15,22.39,8.69,1.529,4.676,-1.442,-4.852,7,3.93,4,2.24,22,0.512,2.4,0.0507
10,2763,4,96.0,80,14.24,40.37,15.55,2.295,6.0,-1.906,-7.87,9,5.62,9,5.62,35,0.4,4.33,0.0697
10,2763,5,118.4,104,10.84,39.72,13.46,1.592,6.0,-1.861,-8.0,9,4.56,7,3.55,31,0.529,3.32,0.0691
10,2763,6,121.6,177,31.66,58.24,22.96,1.146,6.0,-1.503,-8.0,15,7.4,11,5.43,62,0.119,6.44,0.1616
10,2763,7,119.2,192,25.77,50.22,15.13,1.222,6.0,-1.54,-8.0,12,6.04,17,8.56,78,0.12,5.19,0.1209
10,2763,8,70.6,103,28.36,51.22,19.69,1.504,6.0,-1.796,-8.0,11,9.35,8,6.8,44,0.155,3.74,0.0543
10,2775,0,107.8,131,20.22,50.7,16.29,1.685,6.0,-1.813,-8.0,22,12.24,8,4.45,64,0.214,2.03,0.0439
10,2775,1,120.3,168,15.6,41.27,9.64,1.806,6.0,-1.755,-8.0,16,7.98,28,13.97,83,0.179,3.46,0.0864
10,2775,2,119.7,252,39.21,55.85,14.25,1.2,6.0,-1.361,-6.731,26,13.03,17,8.52,89,0.016,5.25,0.177
10,2775,3,120.3,251,54.94,67.89,17.13,1.12,6.0,-1.12,-8.0,11,5.49,16,7.98,80,0.016,8.79,0.2938
10,2775,4,119.9,220,37.25,59.36,19.13,1.66,6.0,-2.068,-8.0,28,14.01,28,14.01,112,0.082,6.65,0.1828
10,2775,5,76.9,166,49.7,71.21,20.49,1.693,6.0,-1.804,-8.0,15,11.7,20,15.6,89,0.0,10.87,0.2268
10,2776,0,71.4,135,25.1,41.73,12.41,0.955,4.37,-1.887,-7.889,15,12.61,7,5.88,53,0.081,3.69,0.0699
10,2780,0,105.4,210,54.0,77.13,21.5,1.062,6.0,-1.671,-8.0,21,11.95,17,9.68,90,0.052,4.26,0.1233
10,2780,1,120.4,220,37.39,61.14,18.58,1.613,6.0,-1.928,-8.0,30,14.95,25,12.46,116,0.073,0.73,0.0243
10,2789,0,120.9,206,35.6,53.88,16.74,1.2,6.0,-1.439,-6.537,20,9.93,16,7.94,85,0.073,4.43,0.1045
10,2789,1,109.1,193,50.9,69.46,20.95,1.297,6.0,-1.105,-7.019,9,4.95,14,7.7,76,0.057,8.97,0.2494
10,2789,2,107.6,142,38.78,65.65,24.43,1.319,6.0,-2.5,-8.0,16,8.92,10,5.58,63,0.176,4.4,0.0906
10,2789,3,117.3,258,48.9,68.86,19.25,1.381,6.0,-2.018,-8.0,35,17.9,18,9.21,138,0.012,6.74,0.2073
10,2789,4,50.5,40,9.48,42.84,14.89,3.648,6.0,0.0,0.0,0,0.0,9,10.69,10,0.65,8.36,0.0405
10,2790,0,76.9,148,54.43,71.83,21.4,0.677,6.0,-1.399,-7.861,12,9.36,4,3.12,33,0.054,4.18,0.0893
10,2790,1,96.1,188,36.88,54.51,12.49,1.539,6.0,-1.548,-8.0,16,9.99,24,14.98,97,0.043,10.41,0.2528
10,2790,2,99.4,166,22.12,45.21,13.72,1.917,6.0,-1.859,-8.0,30,18.11,22,13.28,100,0.102,-0.78,-0.006
10,2790,3,96.1,145,14.84,33.45,11.0,1.408,6.0,-1.901,-8.0,16,9.99,12,7.49,62,0.152,0.56,0.0178
10,2790,4,88.8,159,24.81,43.36,12.87,1.725,6.0,-1.221,-5.565,14,9.46,19,12.84,76,0.094,3.49,0.0835
10,2790,5,95.2,168,25.81,53.77,13.89,1.563,6.0,-1.902,-8.0,23,14.5,17,10.71,90,0.054,2.2,0.0441
10,2790,8,75.9,35,3.09,10.97,4.04,1.706,6.0,-2.607,-8.0,1,0.79,4,3.16,9,0.6,1.38,0.008
10,2790,9,47.8,102,27.0,39.72,10.11,1.755,6.0,-2.577,-8.0,13,16.32,16,20.08,65,0.0,6.2,0.0821
10,2806,0,108.3,161,21.16,44.28,13.99,1.635,6.0,-1.664,-8.0,18,9.97,18,9.97,77,0.193,7.39,0.162
10,2814,0,119.0,237,31.21,46.07,12.81,1.421,6.0,-1.756,-8.0,26,13.11,24,12.1,106,0.051,3.21,0.0921
10,2814,1,88.9,145,12.98,30.07,9.67,1.431,6.0,-1.607,-8.0,13,8.77,13,8.77,63,0.186,2.23,0.0432
10,2814,2,112.1,61,1.65,12.49,3.89,1.758,6.0,-0.252,-0.336,0,0.0,3,1.61,8,0.836,0.69,0.0122
10,2814,3,120.2,261,36.11,58.13,12.61,0.884,6.0,-1.298,-8.0,12,5.99,15,7.49,73,0.0,4.79,0.1552
10,2814,4,112.8,188,30.37,52.56,18.1,1.302,6.0,-1.584,-8.0,20,10.64,12,6.38,64,0.186,3.67,0.0859
10,2814,5,73.1,130,54.09,69.3,21.48,1.441,6.0,-0.666,-2.769,1,0.82,14,11.49,40,0.085,9.29,0.1558
10,2814,6,118.7,261,48.8,68.86,13.99,0.725,3.287,-1.57,-8.0,22,11.12,6,3.03,104,0.011,5.82,0.1761
10,2814,7,102.4,194,45.69,74.79,26.18,1.969,6.0,-1.239,-8.0,10,5.86,27,15.82,86,0.088,12.42,0.3196
10,2820,0,96.6,50,1.79,15.57,4.23,0.0,0.0,-1.065,-3.556,1,0.62,0,0.0,3,0.84,0.96,0.0273
10,2820,1,40.9,57,10.13,30.23,8.97,2.059,6.0,-1.836,-8.0,3,4.4,11,16.14,31,0.246,5.72,0.0438
10,2831,0,111.3,201,37.92,76.98,21.15,1.893,6.0,-1.29,-5.731,18,9.7,34,18.33,115,0.065,8.67,0.2384
10,2831,1,119.2,209,35.18,77.85,25.53,0.84,3.356,-1.666,-8.0,25,12.58,8,4.03,83,0.096,2.71,0.0837
10,2831,2,119.7,65,0.0,0.0,0.0,0.0,0.0,0.0,0.0,0,0.0,0,0.0,0,1.0,0.87,0.0291
10,2831,3,120.6,59,0.0,0.0,0.0,0.0,0.0,0.0,0.0,0,0.0,0,0.0,0,1.0,0.87,0.0284
10,2831,4,120.5,250,27.49,71.53,18.9,1.239,6.0,-1.215,-5.407,19,9.46,26,12.95,102,0.036,6.38,0.2167
10,2831,5,120.0,205,45.19,71.68,23.17,1.22,6.0,-1.039,-3.773,13,6.5,11,5.5,61,0.107,3.17,0.0901
10,2848,0,120.5,233,33.65,53.21,11.84,1.188,6.0,-1.557,-8.0,16,7.97,21,10.46,101,0.034,2.9,0.0979
10,2848,1,119.8,211,42.41,61.36,17.51,1.345,6.0,-1.497,-8.0,16,8.01,13,6.51,93,0.085,4.36,0.1223
10,2848,2,120.5,234,57.69,69.55,16.75,0.69,5.657,-1.798,-8.0,15,7.47,5,2.49,60,0.034,8.22,0.244
10,2848,3,110.1,152,35.6,61.12,22.67,1.228,6.0,-1.444,-8.0,11,5.99,12,6.54,55,0.197,4.95,0.0982
10,2848,4,78.4,172,53.18,72.88,19.15,1.864,6.0,-0.902,-6.778,6,4.59,21,16.07,66,0.012,13.29,0.2906
10,2849,0,120.2,238,52.63,70.42,15.8,1.08,6.0,-1.643,-8.0,22,10.98,15,7.49,104,0.029,4.31,0.13
10,2849,1,120.3,207,31.17,57.38,16.85,1.598,6.0,-1.164,-6.685,19,9.48,25,12.47,94,0.068,3.92,0.1224
10,2849,2,119.8,228,46.04,61.32,17.11,0.928,6.0,-1.19,-7.389,13,6.51,14,7.01,74,0.039,8.87,0.2699
10,2849,3,110.9,189,25.52,49.71,14.96,1.721,6.0,-1.714,-8.0,26,14.07,22,11.9,99,0.122,4.62,0.1223
10,2849,4,118.2,82,6.39,19.86,6.34,1.172,6.0,-1.58,-8.0,9,4.57,2,1.02,27,0.415,0.48,0.0257
10,2849,5,102.5,115,10.2,23.94,8.61,1.956,5.907,-1.156,-6.602,12,7.02,11,6.44,45,0.278,1.18,0.0306
10,2849,6,108.1,153,14.78,33.19,9.74,1.723,6.0,-1.701,-8.0,13,7.22,21,11.66,69,0.183,2.84,0.0689
10,2849,7,66.2,127,28.49,41.28,12.46,1.147,6.0,-1.47,-8.0,12,10.88,9,8.16,52,0.055,4.02,0.0707
10,2856,0,120.6,255,54.99,92.76,28.92,1.588,6.0,-2.072,-8.0,34,16.92,32,15.92,137,0.039,11.14,0.3515
10,2856,1,110.7,215,55.13,80.38,23.39,1.683,6.0,-1.76,-8.0,23,12.47,12,6.5,90,0.06,5.46,0.1449
10,2856,2,120.3,215,49.0,65.38,16.9,1.196,6.0,-0.525,-2.458,1,0.5,15,7.48,56,0.06,4.13,0.122
10,2856,3,42.9,95,47.44,51.61,3.5,0.373,1.185,-0.565,-2.194,1,1.4,0,0.0,16,0.0,0.47,0.0055
10,2870,0,109.0,130,35.27,55.47,19.42,0.772,2.472,-1.712,-8.0,14,7.71,3,1.65,50,0.169,5.53,0.111
10,2870,1,85.2,168,53.43,68.08,16.66,0.933,6.0,-0.573,-4.241,2,1.41,9,6.34,41,0.018,13.6,0.3093
10,2871,0,76.5,157,46.64,57.95,8.9,0.958,4.556,-1.236,-8.0,10,7.84,7,5.49,65,0.0,4.26,0.082
10,2874,0,119.9,238,27.75,62.74,15.56,1.631,6.0,-2.185,-8.0,28,14.01,37,18.52,136,0.055,9.13,0.2785
10,2874,1,108.9,195,39.53,60.83,21.28,1.032,6.0,-0.852,-8.0,5,2.75,9,4.96,38,0.077,1.92,0.0526
10,2874,2,120.6,249,43.5,70.1,21.29,1.322,6.0,-1.165,-5.833,16,7.96,27,13.43,97,0.024,10.27,0.331
10,2874,3,119.7,271,59.08,68.49,4.12,0.616,3.25,-0.701,-6.0,4,2.01,4,2.01,75,0.0,8.76,0.3044
10,2874,4,119.6,254,36.19,54.75,14.53,1.696,6.0,-1.701,-8.0,30,15.05,20,10.03,132,0.012,3.03,0.0993
10,2874,5,104.6,49,0.0,0.0,0.0,0.0,0.0,0.0,0.0,0,0.0,0,0.0,0,1.0,0.88,0.0259
10,2874,6,104.0,46,0.0,0.0,0.0,0.0,0.0,0.0,0.0,0,0.0,0,0.0,0,1.0,0.88,0.0259
10,2874,7,118.9,48,0.0,0.0,0.0,0.0,0.0,0.0,0.0,0,0.0,0,0.0,0,1.0,0.87,0.03
10,2874,8,122.4,53,0.0,0.0,0.0,0.0,0.0,0.0,0.0,0,0.0,0,0.0,0,1.0,0.88,0.0304
10,2874,9,108.4,58,0.0,0.0,0.0,0.0,0.0,0.0,0.0,0,0.0,0,0.0,0,1.0,0.88,0.0268
10,2874,10,95.6,57,0.0,0.0,0.0,0.0,0.0,0.0,0.0,0,0.0,0,0.0,0,1.0,0.89,0.0232
10,2874,11,120.7,59,0.0,0.0,0.0,0.0,0.0,0.0,0.0,0,0.0,0,0.0,0,1.0,0.89,0.0297
10,2874,12,120.1,206,38.13,65.5,21.01,1.333,6.0,-1.609,-6.5,16,7.99,24,11.99,88,0.068,8.56,0.2597
10,2874,13,119.5,260,53.85,67.69,17.45,1.147,6.0,-1.712,-8.0,22,11.05,15,7.53,84,0.012,5.08,0.186
10,2874,14,59.3,133,62.24,75.81,14.86,1.184,6.0,-2.284,-8.0,8,8.09,11,11.13,52,0.0,10.84,0.18
10,2886,0,120.7,199,25.93,45.64,12.2,1.558,6.0,-1.438,-8.0,16,7.95,23,11.43,95,0.09,7.28,0.1928
10,2886,1,120.1,227,40.48,62.86,16.16,1.449,6.0,-1.813,-8.0,21,10.49,27,13.49,111,0.053,3.47,0.1169
10,2886,2,117.5,188,37.85,66.36,21.62,1.37,6.0,-1.636,-8.0,25,12.77,6,3.06,75,0.17,2.23,0.0545
10,2886,3,122.2,139,53.33,76.88,29.32,1.316,6.0,-0.355,-0.981,0,0.0,10,4.91,27,0.18,12.29,0.238
10,2886,4,91.8,142,41.52,71.03,25.9,1.043,6.0,-1.354,-8.0,13,8.5,4,2.61,44,0.155,4.01,0.0837
10,2886,5,120.0,262,50.71,75.29,20.51,1.294,6.0,-1.615,-8.0,19,9.5,25,12.5,109,0.011,9.69,0.3034
10,2886,6,99.7,161,42.15,65.63,19.61,1.505,6.0,-1.456,-8.0,21,12.64,12,7.22,63,0.062,7.46,0.1653
10,2886,7,105.7,199,52.61,76.47,24.74,0.959,5.583,-1.144,-6.093,11,6.24,14,7.95,56,0.055,7.24,0.191
10,2886,8,116.0,192,45.22,75.22,25.91,1.378,6.0,-1.765,-8.0,18,9.31,19,9.83,83,0.078,6.27,0.1658
10,2898,0,111.8,228,36.67,55.25,12.81,0.957,6.0,-1.113,-7.972,10,5.37,11,5.9,61,0.035,4.72,0.1356
10,2898,1,120.0,265,46.05,71.24,18.57,1.148,6.0,-1.262,-8.0,19,9.5,24,12.0,121,0.0,6.22,0.2078
10,2898,2,107.9,223,42.08,66.57,21.57,1.399,6.0,-1.806,-8.0,28,15.57,19,10.57,107,0.067,9.42,0.2625
10,2898,3,119.4,235,43.03,68.37,20.69,1.55,6.0,-1.804,-8.0,26,13.07,30,15.08,121,0.047,7.46,0.2335
10,2898,4,120.6,265,53.54,73.64,13.06,1.325,6.0,-1.317,-7.583,24,11.94,27,13.43,126,0.0,7.02,0.2282
10,2898,5,65.5,119,52.12,78.77,27.76,1.995,6.0,-1.994,-8.0,10,9.16,19,17.4,57,0.084,11.81,0.1799
10,2902,0,120.8,238,47.6,71.63,20.85,1.064,6.0,-1.132,-5.0,17,8.44,23,11.42,79,0.046,6.6,0.2175
10,2902,1,119.6,259,55.06,68.43,10.52,0.786,6.0,-0.857,-6.139,12,6.02,9,4.52,66,0.0,4.14,0.1315
10,2902,2,120.2,150,24.67,46.9,17.57,1.124,5.806,-1.326,-5.69,6,3.0,11,5.49,48,0.247,3.39,0.0807
10,2902,3,119.8,236,42.44,61.06,14.48,1.125,6.0,-1.01,-6.324,15,7.51,14,7.01,67,0.042,7.84,0.2363
10,2902,4,119.5,175,22.16,45.47,14.74,1.805,6.0,-1.743,-8.0,24,12.05,17,8.54,85,0.149,3.63,0.0869
10,2902,5,35.7,72,26.17,36.0,9.42,1.491,6.0,-0.865,-3.269,4,6.72,10,16.81,37,0.028,4.67,0.0432
10,2908,0,120.7,226,56.13,71.69,18.99,0.972,6.0,-1.194,-7.616,11,5.47,9,4.47,65,0.022,11.61,0.3589
10,2908,1,33.0,62,29.52,64.43,18.68,2.347,6.0,-2.223,-8.0,19,34.55,5,9.09,47,0.097,-2.93,-0.0238
10,2909,0,119.6,273,50.4,70.42,18.99,1.048,6.0,-1.815,-8.0,33,16.56,12,6.02,108,0.018,4.22,0.1274
10,2909,1,108.8,212,47.48,60.96,13.7,1.26,6.0,-0.936,-8.0,7,3.86,20,11.03,79,0.042,3.75,0.0928
10,2909,2,117.7,248,37.4,54.62,16.59,1.263,6.0,-1.582,-8.0,25,12.74,17,8.67,93,0.048,0.96,0.0405
10,2919,0,120.8,251,37.92,61.14,17.09,1.608,6.0,-1.53,-8.0,24,11.92,30,14.9,126,0.064,5.43,0.1671
10,2919,1,110.9,231,33.94,58.84,17.18,1.735,6.0,-2.123,-8.0,39,21.1,28,15.15,120,0.074,3.59,0.1133
10,2919,2,129.2,230,57.21,71.0,20.01,1.03,6.0,-1.488,-7.074,15,6.97,10,4.64,57,0.043,9.61,0.3004
10,2919,3,93.1,172,39.03,62.66,18.5,1.699,6.0,-2.256,-8.0,20,12.89,26,16.76,91,0.07,5.07,0.1217
10,2919,4,109.1,159,50.66,82.01,28.35,2.226,6.0,-1.381,-8.0,13,7.15,15,8.25,50,0.145,14.52,0.2787
10,2922,0,117.9,242,49.17,64.71,16.82,0.461,2.759,-0.956,-6.509,10,5.09,1,0.51,46,0.066,9.25,0.2923
10,2922,1,111.5,174,28.59,62.99,19.28,1.424,6.0,-1.653,-6.62,11,5.92,19,10.22,67,0.149,9.66,0.2368
10,2922,2,78.0,155,65.68,82.56,4.19,1.006,6.0,-0.678,-5.463,2,1.54,5,3.85,32,0.0,9.62,0.2063
10,2931,0,120.9,220,30.93,49.47,13.32,1.451,6.0,-1.741,-8.0,23,11.41,21,10.42,112,0.068,5.47,0.1558
10,2931,1,119.3,245,40.09,61.09,14.6,1.165,6.0,-1.451,-8.0,19,9.56,17,8.55,115,0.008,1.64,0.0475
10,2931,2,111.3,110,25.09,50.64,22.72,0.948,4.213,-2.415,-8.0,8,4.31,3,1.62,20,0.409,5.1,0.0838
10,2931,3,92.5,46,0.0,0.0,0.0,0.0,0.0,0.0,0.0,0,0.0,0,0.0,0,1.0,0.7,0.0169
10,2931,4,119.9,238,53.94,74.8,17.49,1.071,6.0,-1.306,-7.009,14,7.01,17,8.51,92,0.025,9.45,0.2882
10,2931,5,119.8,259,38.25,53.73,11.66,1.457,6.0,-1.764,-8.0,33,16.53,25,12.52,138,0.0,7.4,0.2414
10,2931,6,58.5,101,24.85,46.87,15.49,2.057,6.0,-2.712,-8.0,16,16.41,14,14.36,65,0.129,0.09,0.0027
10,2949,0,120.6,178,21.49,39.68,14.14,1.774,6.0,-1.828,-8.0,19,9.45,19,9.45,77,0.191,3.63,0.0985
10,2949,1,119.7,169,17.07,40.32,13.18,2.109,6.0,-2.379,-8.0,23,11.53,26,13.03,104,0.195,3.94,0.1047
10,2949,2,89.4,44,0.0,0.0,0.0,0.0,0.0,0.0,0.0,0,0.0,0,0.0,0,1.0,0.69,0.0174
10,2949,3,120.2,194,18.75,44.45,12.95,1.751,6.0,-1.563,-8.0,19,9.48,23,11.48,84,0.129,2.32,0.0685
10,2949,4,120.6,225,32.0,62.87,18.74,2.047,6.0,-2.085,-8.0,32,15.92,39,19.4,135,0.076,7.52,0.2244
10,2949,5,120.0,207,46.93,80.33,23.73,1.85,6.0,-2.138,-8.0,22,11.0,26,13.0,96,0.082,10.91,0.2971
10,2949,6,119.8,253,47.27,81.05,20.61,1.8,6.0,-2.041,-8.0,36,18.03,29,14.52,134,0.024,8.9,0.2997
10,2949,7,120.0,238,30.11,63.89,19.22,1.339,6.0,-2.109,-8.0,36,18.0,16,8.0,119,0.097,4.55,0.1477
10,2949,8,120.0,173,20.91,43.91,14.86,2.326,6.0,-2.378,-8.0,26,13.0,24,12.0,99,0.208,3.75,0.0904
10,2949,9,120.1,125,20.61,55.88,20.64,1.353,6.0,-1.968,-8.0,12,6.0,8,4.0,37,0.376,5.08,0.0992
10,2949,10,119.7,127,18.79,47.1,15.27,1.877,6.0,-2.112,-8.0,12,6.02,22,11.03,55,0.276,5.82,0.1043
10,2949,11,77.6,79,14.5,39.22,13.96,2.416,6.0,-2.519,-8.0,15,11.6,5,3.87,38,0.418,1.07,0.0213
10,2949,12,94.0,131,9.54,23.87,7.08,0.98,6.0,-1.63,-7.259,7,4.47,7,4.47,40,0.244,2.65,0.0552
10,2949,13,120.0,226,12.6,36.68,7.38,1.089,5.37,-0.525,-2.75,3,1.5,17,8.5,55,0.035,2.29,0.0688
10,2949,14,106.4,151,19.41,42.23,14.67,1.397,6.0,-2.734,-8.0,20,11.28,10,5.64,62,0.285,1.66,0.0398
10,2949,15,118.1,121,16.18,43.45,14.16,1.997,6.0,-2.011,-8.0,13,6.6,10,5.08,49,0.339,1.33,0.0313
10,2956,0,96.1,130,20.2,44.69,15.13,2.225,6.0,-1.733,-7.472,17,10.61,19,11.86,62,0.223,2.61,0.0458
10,2967,0,118.7,211,21.74,43.7,14.1,1.392,6.0,-1.945,-8.0,23,11.63,18,9.1,97,0.137,3.24,0.0948
10,2967,1,120.7,47,0.0,0.0,0.0,0.0,0.0,0.0,0.0,0,0.0,0,0.0,0,1.0,0.5,0.0162
10,2967,2,109.3,52,0.0,0.0,0.0,0.0,0.0,0.0,0.0,0,0.0,0,0.0,0,1.0,0.51,0.0148
10,2967,3,120.5,172,10.6,28.03,9.38,1.566,6.0,-2.134,-8.0,19,9.46,19,9.46,77,0.273,1.59,0.0488
10,2967,4,120.3,243,33.98,60.78,16.09,1.783,6.0,-1.965,-8.0,21,10.47,40,19.95,129,0.037,7.17,0.2137
10,2967,5,119.7,193,32.49,57.84,19.23,1.674,6.0,-1.98,-8.0,33,16.54,17,8.52,86,0.114,4.3,0.115
10,2967,6,109.6,199,50.98,76.31,26.1,1.498,6.0,-1.737,-8.0,14,7.66,20,10.95,78,0.101,9.41,0.2356
10,2967,7,109.8,206,40.48,61.73,17.28,1.084,6.0,-1.345,-8.0,19,10.38,18,9.84,90,0.073,6.72,0.1925
10,2967,8,118.2,218,43.44,77.97,25.6,1.714,6.0,-2.008,-8.0,36,18.27,19,9.64,123,0.06,6.98,0.1912
10,2973,0,120.7,250,44.54,56.38,7.44,0.484,3.861,-0.785,-4.389,6,2.98,1,0.5,45,0.0,8.68,0.2913
10,2973,1,110.4,137,19.89,45.52,17.55,1.197,6.0,-1.87,-8.0,18,9.78,7,3.8,55,0.314,4.53,0.0836
10,2973,2,120.0,236,50.88,71.97,16.55,0.835,5.264,-0.7,-2.741,4,2.0,11,5.5,68,0.038,8.97,0.2684
10,2973,3,16.7,37,61.01,62.9,0.95,0.608,1.352,-0.352,-0.843,0,0.0,0,0.0,6,0.0,5.29,0.0236
10,2999,0,120.9,266,56.27,73.82,15.46,1.264,6.0,-1.62,-8.0,22,10.92,25,12.41,121,0.0,6.09,0.2131
10,2999,1,107.4,200,42.55,67.74,21.12,1.308,6.0,-1.637,-8.0,24,13.41,20,11.17,90,0.05,4.68,0.1249
10,2999,2,103.7,178,25.79,60.5,17.5,1.502,6.0,-1.478,-7.083,21,12.15,20,11.57,88,0.14,3.66,0.0876
10,2999,3,120.7,187,28.15,58.0,17.92,1.494,6.0,-1.667,-8.0,24,11.93,13,6.46,92,0.118,6.86,0.1653
10,2999,4,119.3,178,20.24,41.84,14.94,1.414,6.0,-1.701,-8.0,21,10.56,17,8.55,72,0.163,1.89,0.0538
10,2999,5,120.4,188,15.57,35.91,11.44,1.863,6.0,-1.609,-8.0,20,9.97,22,10.96,85,0.207,1.15,0.0379
10,2999,6,120.0,152,21.09,47.29,16.83,1.938,6.0,-2.014,-8.0,18,9.0,23,11.5,80,0.27,5.73,0.1131
10,2999,7,28.1,60,20.44,51.38,18.04,0.998,4.046,-1.787,-8.0,8,17.08,3,6.41,35,0.0,0.49,-0.0009
10,3009,0,120.5,208,26.95,45.36,14.75,1.625,5.889,-1.946,-8.0,33,16.43,24,11.95,115,0.106,4.52,0.1275
10,3009,1,110.8,181,29.15,44.65,12.96,1.008,6.0,-1.19,-8.0,9,4.87,16,8.66,49,0.088,3.82,0.0982
10,3009,2,39.5,55,18.68,47.04,18.11,1.034,4.463,-2.057,-8.0,9,13.67,2,3.04,28,0.236,-3.04,-0.018
10,3011,0,120.9,173,26.49,46.68,17.09,1.975,6.0,-1.634,-8.0,24,11.91,16,7.94,85,0.145,6.08,0.1675
10,3011,1,114.6,201,30.89,50.77,14.32,1.797,6.0,-1.747,-8.0,29,15.18,27,14.14,113,0.045,6.41,0.1734
10,3011,2,125.4,221,29.23,48.87,14.52,1.447,6.0,-1.333,-8.0,18,8.61,20,9.57,93,0.068,6.05,0.1975
10,3011,3,119.6,200,20.81,36.52,10.32,1.018,6.0,-0.961,-8.0,14,7.02,7,3.51,64,0.075,1.31,0.0334
10,3011,4,120.4,256,27.45,44.84,11.17,1.499,6.0,-1.645,-8.0,17,8.47,31,15.45,124,0.0,7.13,0.2335
10,3011,5,119.9,149,20.15,41.07,14.1,1.377,6.0,-2.172,-8.0,19,9.51,15,7.51,75,0.208,0.48,0.0214
10,3011,6,120.0,200,24.74,41.06,13.05,1.654,6.0,-1.514,-7.741,20,10.0,26,13.0,99,0.095,4.32,0.1205
10,3011,7,106.3,194,29.2,42.55,10.83,1.087,6.0,-1.471,-8.0,18,10.16,9,5.08,82,0.057,0.64,0.0246
10,3017,0,116.4,264,66.73,86.24,14.05,0.99,6.0,-0.888,-8.0,14,7.22,10,5.15,79,0.0,11.11,0.3738
10,3018,0,120.5,270,51.76,75.22,18.19,1.429,6.0,-1.703,-8.0,26,12.95,35,17.43,148,0.0,6.27,0.206
10,3018,1,120.4,261,43.47,67.75,15.43,1.506,6.0,-1.875,-8.0,35,17.44,25,12.46,140,0.0,2.24,0.0805
10,3018,2,120.0,247,32.73,63.51,17.46,1.762,6.0,-1.349,-7.255,26,13.0,38,19.0,135,0.028,9.87,0.2985
10,3018,3,92.8,139,18.76,39.88,13.16,2.294,6.0,-2.222,-8.0,24,15.52,20,12.93,84,0.201,1.9,0.0423
10,3018,4,76.7,131,23.82,41.87,14.07,1.833,6.0,-2.373,-8.0,18,14.08,19,14.86,76,0.137,2.26,0.0462
10,3018,5,87.6,171,22.07,44.87,10.77,1.552,6.0,-1.603,-8.0,17,11.64,20,13.7,84,0.047,4.63,0.1181
10,3018,6,91.3,100,22.59,45.74,18.33,1.571,6.0,-2.87,-8.0,15,9.86,7,4.6,48,0.28,2.69,0.0547
10,3019,0,120.6,160,24.58,42.97,14.67,1.302,6.0,-1.693,-8.0,16,7.96,13,6.47,64,0.144,4.75,0.1037
10,3019,1,120.1,167,19.44,42.91,13.7,1.87,6.0,-1.814,-8.0,21,10.49,20,9.99,89,0.15,3.8,0.0848
10,3019,2,120.2,208,27.74,45.2,14.07,1.591,6.0,-1.779,-8.0,24,11.98,24,11.98,102,0.082,6.14,0.1622
10,3019,3,30.2,65,36.7,50.5,9.5,1.223,6.0,-1.597,-6.296,5,9.93,6,11.92,32,0.0,2.13,0.0208
10,3020,0,100.8,190,22.88,43.89,13.89,1.456,6.0,-1.332,-6.343,20,11.9,21,12.5,90,0.042,6.27,0.154
10,3020,1,120.2,234,32.76,45.88,11.92,1.347,6.0,-1.721,-8.0,30,14.98,24,11.98,118,0.043,4.98,0.1481
10,3020,2,78.0,148,32.54,48.34,13.48,1.138,6.0,-1.565,-7.111,17,13.08,10,7.69,69,0.068,0.91,0.0177
10,3025,0,107.8,197,57.64,72.64,16.32,0.454,1.62,-1.352,-8.0,14,7.79,0,0.0,41,0.036,7.87,0.2067
10,3025,1,121.6,177,44.31,71.91,27.01,1.607,6.0,-1.528,-8.0,14,6.91,17,8.39,68,0.164,10.54,0.2602
10,3025,2,119.9,250,44.41,62.16,16.91,1.431,6.0,-1.818,-8.0,29,14.51,29,14.51,132,0.032,7.22,0.2298
10,3025,3,24.9,51,24.68,44.89,8.43,0.957,2.477,-1.42,-7.884,6,14.46,1,2.41,14,0.0,-0.1,-0.002
10,3031,0,120.4,243,48.06,76.47,21.8,1.285,6.0,-1.876,-8.0,32,15.95,16,7.97,122,0.033,3.72,0.1077
10,3031,1,120.4,236,37.57,60.53,17.19,1.359,6.0,-1.587,-7.824,25,12.46,31,15.45,104,0.055,4.63,0.1558
10,3031,2,119.6,150,35.53,68.84,24.01,1.044,3.903,-1.468,-8.0,15,7.53,10,5.02,59,0.153,5.45,0.1367
10,3031,3,106.9,181,29.46,56.59,17.62,1.793,6.0,-2.058,-8.0,27,15.15,22,12.35,102,0.138,8.31,0.194
10,3031,4,120.3,209,19.66,43.29,12.37,1.261,6.0,-1.675,-8.0,21,10.47,19,9.48,100,0.081,2.13,0.0696
10,3031,5,118.8,208,18.37,42.3,11.9,1.413,6.0,-1.815,-8.0,28,14.14,19,9.6,106,0.13,1.05,0.0389
10,3031,6,82.7,98,14.48,37.18,13.17,2.091,6.0,-0.732,-3.588,2,1.45,10,7.26,32,0.306,4.97,0.0712
10,3037,0,120.5,173,33.79,66.7,23.35,1.444,6.0,-2.14,-8.0,22,10.95,18,8.96,84,0.133,5.14,0.1256
10,3056,0,120.8,265,28.5,50.13,13.42,1.339,6.0,-1.703,-8.0,30,14.9,28,13.91,135,0.019,5.5,0.1804
10,3056,1,120.0,258,26.46,52.77,12.7,1.882,6.0,-1.975,-8.0,35,17.5,50,25.0,169,0.039,5.48,0.1692
10,3056,2,100.2,129,23.36,53.99,18.28,1.893,6.0,-2.087,-8.0,25,14.97,8,4.79,67,0.217,-0.31,0.0014
10,3056,3,125.3,174,14.33,32.27,9.69,1.378,6.0,-1.187,-6.62,11,5.27,12,5.75,59,0.178,3.34,0.0844
10,3056,4,104.4,198,43.76,69.15,22.73,1.212,5.972,-1.065,-8.0,9,5.17,19,10.92,73,0.03,7.55,0.2053
10,3056,5,119.7,266,36.34,63.88,15.6,0.982,6.0,-1.052,-5.685,21,10.53,12,6.02,85,0.0,6.76,0.2353
10,3056,6,120.3,272,28.18,47.61,10.78,0.861,6.0,-1.234,-8.0,20,9.98,13,6.48,90,0.011,3.21,0.1023
10,3060,0,120.9,258,54.53,74.49,15.67,1.215,6.0,-1.972,-7.685,32,15.88,26,12.9,124,0.0,7.9,0.2625
10,3060,1,118.9,246,48.03,66.29,17.92,1.172,6.0,-1.281,-8.0,23,11.61,14,7.06,98,0.037,1.54,0.0553
10,3060,2,109.2,159,30.51,54.66,17.57,1.909,6.0,-1.969,-8.0,18,9.89,26,14.29,88,0.113,9.61,0.1951
10,3060,3,119.9,250,27.68,56.68,14.38,1.49,6.0,-1.866,-8.0,37,18.52,24,12.01,146,0.048,1.89,0.0669
10,3060,4,101.6,155,27.21,46.14,15.88,1.634,6.0,-1.572,-6.259,15,8.86,16,9.45,68,0.174,4.43,0.0954
10,3062,0,120.9,190,20.95,43.29,12.32,1.488,5.926,-1.329,-8.0,19,9.43,13,6.45,81,0.132,0.76,0.0211
10,3062,1,119.8,208,15.66,39.97,12.0,1.63,6.0,-1.767,-8.0,27,13.52,23,11.52,104,0.178,1.07,0.0395
10,3062,2,29.2,66,37.45,43.3,5.4,1.45,4.602,-1.16,-6.102,4,8.22,8,16.44,33,0.0,7.94,0.0656
10,3065,0,107.1,119,21.03,51.9,18.5,2.014,6.0,-2.114,-8.0,18,10.08,8,4.48,62,0.311,2.85,0.061
10,3065,1,112.3,200,37.44,54.59,17.17,1.502,6.0,-1.997,-8.0,19,10.15,22,11.75,94,0.055,6.03,0.1587
10,3065,2,104.3,123,30.33,52.14,20.91,1.214,6.0,-1.432,-5.949,11,6.33,8,4.6,33,0.252,4.45,0.0704
10,3065,3,116.1,229,46.95,62.13,16.05,1.429,6.0,-1.206,-8.0,9,4.65,23,11.89,86,0.031,9.4,0.2902
10,3065,4,120.1,192,50.54,77.32,23.64,0.994,6.0,-1.186,-8.0,15,7.49,8,4.0,57,0.094,3.9,0.1123
10,3065,5,115.0,237,32.45,52.05,16.74,1.553,6.0,-1.575,-8.0,29,15.13,27,14.09,119,0.076,5.09,0.1583
10,3066,0,88.6,190,61.11,68.42,5.14,0.81,4.602,-0.703,-2.528,3,2.03,8,5.42,47,0.0,9.64,0.2438
10,3072,0,120.4,250,39.75,60.73,15.62,1.252,6.0,-1.276,-8.0,16,7.97,24,11.96,109,0.056,6.31,0.2058
10,3072,1,120.5,178,24.36,61.03,23.33,1.062,6.0,-2.076,-8.0,12,5.98,9,4.48,51,0.371,3.33,0.0991
10,3072,2,119.2,242,63.25,82.94,24.61,1.018,6.0,-1.215,-7.662,19,9.56,13,6.54,63,0.058,15.96,0.4897
10,3072,3,120.4,253,51.69,67.93,18.2,0.824,6.0,-1.573,-8.0,14,6.98,9,4.49,90,0.043,9.63,0.3012
10,3072,4,89.7,79,3.27,30.43,8.28,2.189,6.0,0.0,0.0,0,0.0,5,3.34,7,0.848,3.92,0.0646
10,3080,0,120.3,253,57.82,75.18,13.88,1.43,6.0,-2.145,-8.0,27,13.47,30,14.96,137,0.0,7.43,0.2608
10,3080,1,108.8,185,40.07,74.21,23.15,1.504,6.0,-1.937,-8.0,21,11.58,18,9.93,86,0.114,3.52,0.0932
10,3080,2,112.8,88,32.06,66.68,29.44,0.305,0.625,-2.654,-8.0,16,8.51,0,0.0,27,0.375,0.5,0.0133
10,3080,3,106.8,179,21.29,48.48,17.44,1.744,6.0,-2.176,-8.0,24,13.48,16,8.99,87,0.173,6.73,0.1593
10,3080,4,117.7,207,24.36,45.7,14.1,1.551,6.0,-1.514,-6.287,21,10.71,22,11.21,94,0.121,4.26,0.12
10,3080,5,120.0,207,29.58,54.47,14.57,1.395,6.0,-2.048,-8.0,27,13.5,17,8.5,94,0.087,2.53,0.0866
10,3080,6,58.6,75,15.31,31.65,9.86,1.916,6.0,-1.951,-8.0,10,10.24,10,10.24,45,0.2,4.22,0.0445
10,3096,0,120.9,200,34.65,58.57,17.51,1.508,6.0,-2.197,-8.0,27,13.4,18,8.93,98,0.095,8.78,0.2608
10,3096,1,107.8,175,47.56,62.14,20.65,1.053,6.0,-0.788,-4.861,5,2.78,12,6.68,42,0.069,10.79,0.23
10,3096,2,118.7,189,54.72,69.37,20.9,0.519,1.741,-1.072,-6.931,11,5.56,0,0.0,41,0.09,4.08,0.0965
10,3096,3,70.1,107,33.84,59.05,19.27,2.279,6.0,-1.717,-7.009,13,11.13,16,13.69,54,0.121,6.23,0.0781
10,3097,0,120.4,256,43.62,68.41,18.79,1.329,6.0,-1.25,-6.769,21,10.47,28,13.95,126,0.023,6.77,0.2134
10,3097,1,119.8,200,43.39,72.73,24.61,1.259,6.0,-1.327,-8.0,15,7.51,13,6.51,84,0.125,2.47,0.0782
10,3097,2,38.5,86,53.67,57.83,2.61,0.525,2.259,-0.535,-1.481,0,0.0,1,1.56,16,0.0,4.77,0.0497
10,3130,0,116.3,240,47.69,61.31,11.16,0.612,3.731,-1.183,-8.0,12,6.19,4,2.06,66,0.017,8.37,0.2714
10,3130,1,124.6,254,55.17,73.52,17.41,0.906,5.444,-0.972,-8.0,3,1.44,15,7.22,73,0.008,10.93,0.3452
10,3130,2,58.6,82,33.6,68.35,27.19,2.673,6.0,-2.049,-8.0,14,14.33,9,9.22,38,0.207,-1.84,-0.0185
10,3131,0,107.8,230,58.54,77.55,18.81,1.033,6.0,-1.587,-7.472,22,12.24,13,7.24,94,0.017,7.59,0.235
10,3131,1,119.8,206,39.91,59.57,16.49,1.216,6.0,-1.088,-4.537,11,5.51,19,9.52,64,0.053,2.59,0.0711
10,3131,2,112.5,248,40.83,53.84,12.07,0.989,4.903,-1.005,-5.968,12,6.4,10,5.33,66,0.0,1.78,0.0594
10,3137,0,120.7,204,22.26,41.99,15.61,1.476,6.0,-1.741,-8.0,20,9.94,16,7.95,89,0.216,6.81,0.184
10,3137,1,120.0,235,42.48,64.3,20.93,1.123,6.0,-1.251,-7.903,7,3.5,18,9.0,54,0.089,5.22,0.1606
10,3137,2,85.1,161,40.58,61.18,18.06,1.493,6.0,-1.618,-6.44,17,11.99,16,11.28,63,0.075,6.78,0.1432
10,3137,3,119.9,252,47.73,63.38,14.21,0.745,5.324,-0.891,-5.889,11,5.5,6,3.0,43,0.0,6.49,0.219
10,3137,4,120.0,241,25.26,50.33,17.02,1.77,6.0,-1.839,-8.0,31,15.5,31,15.5,113,0.12,6.86,0.2261
10,3137,5,108.4,207,27.84,42.56,12.49,1.831,6.0,-1.309,-8.0,16,8.86,22,12.18,105,0.068,3.61,0.0983
10,3145,0,120.9,218,27.39,52.26,15.12,2.124,6.0,-1.781,-8.0,33,16.38,31,15.38,123,0.083,5.4,0.1471
10,3145,1,17.1,39,34.99,44.98,6.82,1.178,6.0,-1.273,-6.083,4,14.04,2,7.02,18,0.0,12.38,0.0559
10,3149,0,84.2,163,17.4,36.81,11.8,1.832,6.0,-2.313,-8.0,21,14.96,27,19.24,93,0.104,4.79,0.1121
10,3150,0,110.0,172,24.36,47.71,17.56,1.903,6.0,-1.94,-8.0,21,11.45,25,13.64,82,0.169,6.74,0.1544
10,3150,1,61.6,131,37.14,50.29,12.34,0.703,4.477,-1.217,-8.0,9,8.77,2,1.95,35,0.0,2.76,0.0475
10,3161,0,106.5,150,42.77,78.29,25.93,2.076,6.0,-1.875,-8.0,24,13.52,13,7.32,74,0.133,-1.23,-0.0018
10,3161,1,97.3,134,43.82,62.82,22.94,1.111,6.0,-0.538,-2.347,1,0.62,12,7.4,37,0.157,5.55,0.1003
10,3161,2,74.0,143,42.05,55.96,15.84,0.837,4.227,-1.965,-7.38,21,17.03,5,4.05,54,0.056,1.16,0.0192
10,3183,0,120.9,245,30.92,50.13,15.42,1.318,6.0,-1.707,-8.0,27,13.4,21,10.42,106,0.094,7.02,0.2273
10,3183,1,119.6,264,41.44,54.33,6.97,0.912,4.843,-0.928,-7.13,12,6.02,11,5.52,85,0.0,4.09,0.132
10,3183,2,120.1,146,19.24,64.06,21.76,1.907,6.0,-2.452,-8.0,13,6.49,13,6.49,52,0.473,7.18,0.1575
10,3183,3,119.9,244,50.04,74.43,21.59,0.979,6.0,-1.472,-8.0,21,10.51,11,5.5,86,0.07,8.86,0.2787
10,3183,4,119.8,158,24.87,60.25,22.15,1.135,6.0,-2.576,-8.0,9,4.51,13,6.51,53,0.342,6.75,0.1583
10,3183,5,120.2,236,43.74,88.09,28.33,2.257,6.0,-1.442,-8.0,19,9.48,22,10.98,103,0.11,10.87,0.3405
10,3211,0,120.7,258,33.57,53.29,13.61,1.649,6.0,-1.4,-8.0,26,12.92,25,12.43,120,0.039,6.03,0.1896
10,3211,1,120.1,271,45.84,66.96,13.53,1.009,4.315,-0.891,-8.0,12,6.0,14,6.99,76,0.0,5.1,0.1686
10,3211,2,119.9,273,50.69,65.78,12.5,0.831,4.139,-0.882,-4.634,14,7.01,9,4.5,84,0.0,7.33,0.2599
10,3211,3,120.2,260,28.92,53.61,18.0,0.969,6.0,-1.243,-3.838,21,10.48,19,9.48,97,0.054,4.32,0.1327
10,3211,4,41.8,95,28.52,41.25,8.52,0.752,4.495,-0.932,-3.088,3,4.31,5,7.18,27,0.0,4.46,0.0544
10,3215,0,98.5,148,32.03,61.03,18.74,1.339,6.0,-1.689,-6.778,20,12.18,12,7.31,63,0.135,4.26,0.0698
10,3215,1,99.7,39,0.0,0.0,0.0,0.0,0.0,0.0,0.0,0,0.0,0,0.0,0,1.0,-0.06,-0.003
10,3215,2,88.5,50,0.34,6.01,1.38,2.913,5.565,-0.577,-0.577,0,0.0,2,1.36,3,0.94,0.07,0.0001
10,3215,3,105.4,215,27.19,49.98,12.57,1.655,6.0,-1.646,-8.0,24,13.66,33,18.79,116,0.042,5.02,0.1452
10,3223,0,120.7,172,41.93,72.18,28.99,1.256,6.0,-1.689,-8.0,11,5.47,13,6.46,60,0.244,3.54,0.084
10,3223,1,120.2,274,48.48,71.98,16.26,1.456,6.0,-1.995,-8.0,34,16.97,31,15.47,157,0.0,7.36,0.2502
10,3223,2,119.5,175,37.69,67.17,26.08,1.574,6.0,-1.953,-8.0,22,11.05,12,6.03,64,0.194,3.99,0.0997
10,3223,3,120.0,227,42.44,64.2,19.69,1.275,6.0,-1.356,-4.704,16,8.0,22,11.0,90,0.093,12.18,0.3567
10,3223,4,67.5,142,45.4,53.94,8.84,0.641,3.431,-1.066,-4.301,10,8.89,3,2.67,35,0.0,-0.27,0.0008
10,3229,0,114.8,134,9.7,27.06,9.39,1.538,6.0,-1.49,-8.0,13,6.79,9,4.7,42,0.388,3.04,0.0719
10,3229,1,123.2,65,0.0,0.0,0.0,0.0,0.0,0.0,0.0,0,0.0,0,0.0,0,1.0,1.41,0.0488
10,3229,2,122.3,146,7.46,19.5,6.96,1.358,6.0,-1.32,-8.0,7,3.43,8,3.92,29,0.377,2.68,0.0759
10,3234,0,116.2,229,56.3,84.65,28.19,1.956,6.0,-1.533,-8.0,29,14.97,18,9.29,117,0.057,8.11,0.2361
10,3234,1,124.4,256,51.58,77.99,24.91,1.321,6.0,-2.596,-8.0,30,14.47,26,12.54,108,0.051,10.28,0.3305
10,3234,2,119.8,119,19.86,57.34,21.65,2.277,6.0,-1.606,-8.0,10,5.01,14,7.01,43,0.412,3.23,0.0572
10,3234,3,107.3,235,55.21,66.29,5.13,0.62,6.0,-0.413,-2.139,1,0.56,4,2.24,36,0.0,4.65,0.1468
10,3263,0,120.1,265,54.7,70.2,13.93,1.354,6.0,-1.834,-8.0,17,8.49,36,17.99,134,0.0,8.72,0.278
10,3263,1,120.5,236,42.39,67.9,21.91,1.81,6.0,-1.801,-8.0,32,15.93,32,15.93,116,0.076,4.74,0.1469
10,3263,2,119.7,278,34.0,63.59,15.05,1.75,6.0,-1.742,-8.0,44,22.06,28,14.04,164,0.014,6.54,0.2207
10,3263,3,119.0,193,5.74,19.19,4.92,1.359,6.0,-1.429,-8.0,21,10.59,10,5.04,76,0.269,1.2,0.0369
10,3263,4,120.0,125,5.29,16.93,6.12,1.194,6.0,-1.463,-7.306,5,2.5,6,3.0,35,0.448,1.1,0.0317
10,3263,5,93.0,90,3.78,14.41,5.3,1.849,5.556,-1.331,-5.181,3,1.94,6,3.87,19,0.589,1.05,0.0242
10,3263,6,120.4,125,7.75,25.77,7.28,1.156,4.509,-1.391,-8.0,7,3.49,10,4.98,37,0.328,1.17,0.0345
10,3263,7,99.5,137,14.2,34.41,11.08,1.329,6.0,-2.021,-8.0,14,8.44,15,9.05,63,0.219,2.24,0.0443
10,3263,8,109.6,181,18.11,36.05,12.06,1.077,6.0,-1.685,-8.0,15,8.21,11,6.02,62,0.204,2.4,0.0543
10,3263,9,46.5,64,17.99,40.59,16.35,2.017,6.0,-1.193,-3.491,3,3.87,7,9.03,24,0.359,4.95,0.0439
10,3271,0,120.5,208,24.42,66.37,18.01,1.935,6.0,-1.658,-8.0,33,16.43,21,10.46,117,0.154,5.42,0.1614
10,3271,1,120.2,276,56.89,71.7,10.13,1.132,5.713,-0.973,-5.352,18,8.99,17,8.49,110,0.0,13.99,0.4682
10,3271,2,119.6,223,42.42,62.08,20.04,1.408,6.0,-1.748,-8.0,27,13.55,15,7.53,95,0.112,6.6,0.199
10,3271,3,61.2,95,29.69,68.55,23.84,2.031,6.0,-1.701,-5.796,7,6.86,14,13.73,42,0.242,10.45,0.1301
455,554,0,119.8,160,46.2,65.54,20.27,0.653,6.0,-1.372,-8.0,13,6.51,4,2.0,33,0.081,-0.07,-0.0048
455,565,0,76.2,111,51.89,68.19,14.14,0.705,2.481,-1.197,-5.824,7,5.51,3,2.36,23,0.0,1.28,0.0287
455,568,0,117.2,150,33.94,51.46,14.0,1.019,5.046,-1.126,-8.0,9,4.61,8,4.1,28,0.047,2.29,0.0686
455,568,1,121.0,160,44.86,58.47,16.79,0.755,6.0,-0.917,-8.0,5,2.48,5,2.48,31,0.056,4.57,0.1327
455,568,2,122.7,125,39.04,63.38,19.63,1.204,6.0,-1.513,-8.0,6,2.93,11,5.38,28,0.096,8.08,0.2014
455,568,3,95.8,90,46.87,71.9,28.91,0.518,2.722,-1.017,-4.87,4,2.51,1,0.63,9,0.189,-1.03,-0.0166
455,568,4,122.0,176,44.7,63.5,15.75,0.973,6.0,-1.337,-8.0,7,3.44,7,3.44,35,0.011,6.0,0.1888
455,575,0,120.7,94,33.69,52.31,19.95,0.398,1.676,-1.017,-5.778,4,1.99,0,0.0,9,0.223,3.76,0.0909
455,575,1,119.9,146,38.95,51.44,10.96,0.841,6.0,-0.51,-2.255,1,0.5,6,3.0,18,0.021,7.46,0.2278
455,575,2,119.8,108,28.39,51.47,18.42,1.152,6.0,-1.622,-7.306,10,5.01,6,3.01,25,0.167,3.2,0.0809
455,575,3,119.7,126,27.68,45.18,14.34,0.778,6.0,-1.24,-8.0,8,4.01,6,3.01,21,0.127,4.36,0.1153
455,575,4,120.7,104,19.87,44.08,17.27,1.747,6.0,-1.544,-6.88,9,4.47,6,2.98,26,0.317,4.19,0.1023
455,575,5,119.9,160,43.18,61.37,14.39,0.712,6.0,-0.703,-4.056,3,1.5,3,1.5,27,0.025,2.82,0.0893
455,575,6,117.4,160,25.83,41.5,12.35,0.852,6.0,-1.602,-8.0,17,8.69,4,2.04,34,0.056,7.75,0.2469
455,575,7,122.7,72,15.39,34.15,13.75,1.114,4.5,-1.297,-6.833,2,0.98,4,1.96,11,0.361,2.06,0.0593
455,575,8,120.1,161,52.77,66.21,12.18,0.688,6.0,-0.38,-2.935,1,0.5,5,2.5,20,0.0,10.07,0.3294
455,575,9,119.8,162,54.01,65.46,10.27,0.786,6.0,-0.944,-8.0,6,3.01,6,3.01,25,0.0,8.43,0.2846
455,575,10,119.3,166,46.17,65.36,19.55,0.911,6.0,-1.266,-8.0,11,5.53,7,3.52,33,0.024,6.1,0.2157
455,575,11,120.6,166,56.68,67.12,12.63,0.411,1.662,-0.817,-7.074,5,2.49,0,0.0,16,0.012,3.15,0.1064
455,575,12,94.0,111,37.96,64.6,21.79,1.286,6.0,-1.521,-7.407,6,3.83,13,8.3,29,0.126,5.88,0.1395
455,575,13,44.7,59,47.17,75.1,29.1,1.25,6.0,-1.677,-6.509,6,8.05,3,4.03,14,0.119,4.51,0.0518
455,588,0,120.8,252,63.37,84.15,8.17,0.713,6.0,-0.864,-8.0,6,2.98,5,2.48,57,0.0,6.98,0.2433
455,588,1,119.7,248,52.97,71.46,21.08,0.816,5.787,-1.471,-8.0,21,10.53,10,5.01,65,0.044,1.67,0.044
455,588,2,120.4,112,19.49,56.1,22.82,1.793,6.0,-3.239,-8.0,11,5.48,10,4.98,33,0.509,4.15,0.0711
455,588,3,119.2,268,63.25,77.71,13.23,0.874,6.0,-0.484,-1.861,0,0.0,10,5.03,46,0.0,11.68,0.3926
455,588,4,103.9,184,25.33,75.95,23.82,1.927,6.0,-1.985,-8.0,30,17.32,15,8.66,91,0.239,0.22,0.0125
455,588,5,106.4,45,0.0,0.0,0.0,0.0,0.0,0.0,0.0,0,0.0,0,0.0,0,1.0,0.44,0.0102
455,588,6,120.5,231,49.15,66.62,18.58,1.269,6.0,-1.706,-8.0,16,7.97,20,9.96,81,0.052,8.02,0.2301
455,588,7,120.2,240,46.05,71.66,22.69,1.217,6.0,-1.353,-7.171,19,9.48,22,10.98,84,0.05,6.46,0.2006
455,588,8,45.9,102,58.16,64.66,3.43,0.469,1.907,-0.453,-1.417,0,0.0,0,0.0,12,0.0,7.72,0.0973
455,596,0,120.4,229,40.85,62.31,19.37,1.3,6.0,-2.184,-8.0,14,6.98,24,11.96,91,0.109,10.91,0.3326
455,596,1,120.2,239,56.53,75.4,21.44,1.036,6.0,-1.962,-8.0,20,9.98,16,7.99,106,0.05,11.11,0.3695
455,596,2,120.2,270,38.37,63.62,7.44,1.313,6.0,-1.622,-8.0,26,12.98,25,12.48,140,0.0,7.35,0.2397
455,596,3,120.0,263,75.4,117.86,31.44,1.253,6.0,-1.621,-8.0,13,6.5,30,15.0,121,0.0,19.4,0.6496
455,596,4,120.0,258,112.21,115.59,1.56,0.414,1.194,-0.481,-2.954,3,1.5,0,0.0,48,0.0,27.15,0.9058
455,596,5,117.0,256,65.05,106.57,24.99,1.907,6.0,-1.573,-8.0,37,18.97,23,11.79,134,0.0,6.82,0.2104
455,600,0,120.9,222,35.33,66.46,22.28,0.902,4.481,-1.469,-8.0,19,9.43,9,4.47,64,0.162,3.36,0.1047
455,600,1,119.0,72,0.0,0.0,0.0,0.0,0.0,0.0,0.0,0,0.0,0,0.0,0,1.0,1.1,0.0353
455,600,2,120.1,70,0.0,0.0,0.0,0.0,0.0,0.0,0.0,0,0.0,0,0.0,0,1.0,1.14,0.0377
455,600,3,118.1,79,0.0,0.0,0.0,0.0,0.0,0.0,0.0,0,0.0,0,0.0,0,1.0,1.11,0.0363
455,600,4,121.1,67,0.0,0.0,0.0,0.0,0.0,0.0,0.0,0,0.0,0,0.0,0,1.0,1.16,0.0391
455,600,5,120.9,86,0.0,0.0,0.0,0.0,0.0,0.0,0.0,0,0.0,0,0.0,0,1.0,1.21,0.0409
455,600,6,120.0,80,0.0,0.0,0.0,0.0,0.0,0.0,0.0,0,0.0,0,0.0,0,1.0,1.19,0.039
455,600,7,119.1,68,0.0,0.0,0.0,0.0,0.0,0.0,0.0,0,0.0,0,0.0,0,1.0,1.21,0.0395
455,600,8,121.0,93,0.0,0.0,0.0,0.0,0.0,0.0,0.0,0,0.0,0,0.0,0,1.0,1.29,0.0435
455,600,9,120.0,90,0.0,0.0,0.0,0.0,0.0,0.0,0.0,0,0.0,0,0.0,0,1.0,1.27,0.0421
455,600,10,119.9,83,0.0,0.0,0.0,0.0,0.0,0.0,0.0,0,0.0,0,0.0,0,1.0,1.34,0.044
455,600,11,119.9,175,11.64,34.16,9.66,1.109,6.0,-1.198,-5.204,11,5.5,11,5.5,43,0.269,4.23,0.1056
455,600,12,118.0,170,27.97,54.48,23.39,1.287,6.0,-1.339,-6.602,8,4.07,10,5.08,42,0.341,3.11,0.0817
455,600,13,122.1,217,39.97,60.3,21.73,1.042,6.0,-1.01,-6.231,10,4.91,11,5.41,56,0.138,3.42,0.1057
455,600,14,120.2,248,41.07,59.28,13.84,1.116,6.0,-1.18,-8.0,17,8.49,24,11.98,114,0.024,5.43,0.1761
455,600,15,58.3,132,31.17,43.26,8.99,1.257,6.0,-1.507,-8.0,14,14.41,10,10.29,71,0.0,3.77,0.0647
455,601,0,61.4,131,49.75,58.75,5.45,0.93,6.0,-1.129,-4.944,10,9.77,6,5.86,58,0.0,7.01,0.1257
455,603,0,120.0,267,53.97,63.63,7.38,0.803,3.694,-1.11,-6.741,16,8.0,7,3.5,98,0.0,2.86,0.0822
455,603,1,120.8,251,34.47,54.77,14.72,1.145,6.0,-1.376,-8.0,19,9.44,18,8.94,87,0.056,5.83,0.1868
455,603,2,74.1,174,23.05,34.12,7.18,1.043,6.0,-0.949,-5.005,9,7.29,11,8.91,63,0.0,4.9,0.0996
455,616,0,120.8,256,45.51,65.16,15.66,1.304,6.0,-1.157,-8.0,22,10.93,20,9.93,118,0.027,3.67,0.1266
455,616,1,104.9,182,30.31,52.41,16.78,1.434,6.0,-1.7,-8.0,22,12.58,17,9.72,86,0.132,5.0,0.1126
455,625,0,120.3,174,34.31,67.91,26.63,1.845,6.0,-1.937,-8.0,28,13.97,13,6.48,76,0.247,7.48,0.2143
455,625,1,120.6,225,31.77,53.31,18.45,1.044,6.0,-1.04,-8.0,8,3.98,19,9.45,57,0.164,8.19,0.2489
455,625,2,120.0,276,39.5,63.42,13.14,0.775,3.935,-1.34,-5.505,25,12.5,7,3.5,103,0.0,7.15,0.2435
455,625,3,102.8,174,23.39,42.11,16.14,1.801,6.0,-1.643,-7.824,13,7.59,20,11.67,75,0.247,5.8,0.1536
455,627,0,120.9,257,58.51,69.86,10.51,1.013,6.0,-1.298,-8.0,13,6.45,10,4.96,93,0.0,6.9,0.2191
455,630,0,120.2,119,6.14,36.07,10.42,1.613,5.046,-2.185,-8.0,9,4.49,3,1.5,22,0.681,2.66,0.0749
455,630,1,119.8,91,0.0,0.0,0.0,0.0,0.0,0.0,0.0,0,0.0,0,0.0,0,1.0,1.54,0.0501
455,630,2,119.4,80,0.0,0.0,0.0,0.0,0.0,0.0,0.0,0,0.0,0,0.0,0,1.0,1.4,0.0459
455,630,3,120.6,62,0.0,0.0,0.0,0.0,0.0,0.0,0.0,0,0.0,0,0.0,0,1.0,1.01,0.0316
455,630,4,120.9,118,12.15,34.52,12.54,1.511,6.0,-1.13,-4.778,6,2.98,14,6.95,41,0.356,3.59,0.0643
455,630,5,119.1,236,42.58,62.8,16.43,0.868,6.0,-1.64,-8.0,21,10.58,12,6.05,96,0.051,4.68,0.149
455,630,6,120.1,219,46.14,73.83,24.12,1.122,6.0,-1.24,-7.63,13,6.49,15,7.49,82,0.11,6.45,0.1884
455,630,7,120.2,185,40.03,69.42,25.77,1.396,6.0,-1.952,-8.0,14,6.99,19,9.48,71,0.168,7.08,0.1814
455,630,8,120.5,264,36.54,47.6,8.52,0.937,6.0,-1.421,-8.0,28,13.94,15,7.47,110,0.0,4.41,0.1582
455,630,9,120.1,198,56.78,121.84,35.42,1.5,6.0,-1.085,-4.981,8,4.0,27,13.49,79,0.157,19.63,0.5045
455,630,10,119.7,266,105.98,118.47,8.46,0.717,3.972,-1.261,-7.704,9,4.51,10,5.01,70,0.0,20.19,0.6697
455,630,11,113.4,247,83.47,118.19,35.55,1.029,4.708,-1.043,-8.0,15,7.94,13,6.88,80,0.0,9.08,0.2859
455,632,0,117.3,214,39.09,72.98,25.89,0.885,6.0,-1.458,-8.0,21,10.74,5,2.56,69,0.154,5.21,0.1453
455,632,1,123.2,165,14.79,45.26,16.43,2.079,6.0,-1.661,-8.0,9,4.38,21,10.23,64,0.43,6.32,0.1426
455,632,2,120.4,176,37.56,69.69,28.55,1.656,6.0,-2.013,-8.0,14,6.98,17,8.47,76,0.273,5.14,0.1446
455,632,3,120.0,198,48.55,69.48,24.29,0.616,5.972,-1.491,-8.0,13,6.5,4,2.0,40,0.177,6.42,0.179
455,632,4,119.9,270,61.95,74.6,12.52,1.243,6.0,-1.267,-8.0,14,7.01,24,12.01,103,0.0,6.15,0.1983
455,632,5,35.5,75,52.8,63.58,7.28,0.799,4.148,-1.175,-5.731,9,15.21,3,5.07,33,0.0,7.7,0.0727
455,635,0,120.3,277,54.83,67.35,11.14,1.023,5.824,-0.841,-7.412,8,3.99,19,9.48,101,0.0,7.39,0.2455
455,635,1,117.4,155,32.19,65.74,23.1,1.816,6.0,-2.228,-8.0,31,15.84,14,7.16,85,0.11,2.47,0.0612
455,635,2,123.1,237,35.78,68.4,21.08,1.22,6.0,-1.39,-6.204,20,9.75,23,11.21,102,0.025,6.02,0.1976
455,636,0,92.9,180,49.08,64.87,18.74,1.166,6.0,-1.303,-8.0,9,5.81,10,6.46,70,0.061,1.96,0.0556
455,636,1,120.7,274,45.06,62.82,13.73,1.311,6.0,-1.556,-8.0,22,10.94,22,10.94,127,0.0,5.63,0.1896
455,636,2,19.1,43,34.68,42.76,3.8,1.013,4.065,-0.982,-3.667,2,6.28,4,12.57,20,0.0,6.71,0.029
455,646,0,113.9,254,63.24,71.81,5.65,0.347,1.176,-0.415,-1.454,0,0.0,0,0.0,18,0.0,9.15,0.2957
455,658,0,120.8,252,52.64,69.38,20.16,1.445,6.0,-1.275,-8.0,18,8.94,26,12.91,83,0.052,7.53,0.2319
455,658,1,120.0,201,42.65,72.36,27.24,1.563,6.0,-1.69,-7.861,20,10.0,14,7.0,80,0.189,5.22,0.1514
455,658,2,120.1,274,31.81,48.74,11.88,0.77,4.602,-1.02,-8.0,20,9.99,12,6.0,86,0.0,4.84,0.156
455,658,3,119.9,282,71.79,116.98,34.66,1.138,6.0,-0.878,-3.75,10,5.0,24,12.01,89,0.0,16.36,0.5424
455,658,4,120.0,284,114.08,121.39,3.88,0.362,1.213,-0.287,-0.815,0,0.0,0,0.0,22,0.0,27.01,0.8986
455,658,5,119.0,263,70.7,119.96,32.59,2.114,6.0,-1.434,-8.0,34,17.14,23,11.6,107,0.049,5.43,0.1789
455,659,0,120.1,242,49.11,67.25,18.37,1.3,6.0,-1.252,-8.0,15,7.49,14,6.99,75,0.07,7.52,0.2267
455,659,1,120.6,217,39.03,71.47,21.31,1.244,6.0,-2.233,-8.0,26,12.94,21,10.45,114,0.092,4.77,0.1519
455,659,2,118.7,235,45.96,61.31,17.53,1.016,6.0,-1.504,-8.0,20,10.11,12,6.07,76,0.055,4.27,0.1273
455,659,3,121.4,205,42.73,69.69,21.95,0.994,6.0,-1.06,-8.0,8,3.95,11,5.44,51,0.098,1.94,0.049
455,659,4,119.4,186,21.07,44.49,11.99,1.391,6.0,-0.727,-4.296,6,3.02,10,5.03,47,0.108,4.32,0.1042
455,659,5,119.9,266,37.74,51.07,10.9,1.529,6.0,-1.855,-8.0,24,12.01,29,14.51,148,0.0,3.66,0.1126
455,659,6,120.5,231,34.43,59.5,18.8,1.914,6.0,-1.507,-8.0,16,7.97,31,15.44,94,0.117,7.28,0.2109
455,659,7,118.9,258,26.13,43.16,9.74,1.011,6.0,-1.604,-8.0,29,14.63,19,9.59,120,0.043,4.66,0.15
455,659,8,121.3,182,17.75,35.27,11.52,1.361,6.0,-1.65,-8.0,16,7.91,21,10.39,82,0.159,1.42,0.0402
455,659,9,120.0,249,24.6,48.85,13.81,1.396,6.0,-1.41,-8.0,20,10.0,31,15.5,105,0.056,4.67,0.1413
455,659,10,120.0,201,28.26,58.2,18.88,1.167,6.0,-1.704,-8.0,19,9.5,19,9.5,86,0.139,4.38,0.1066
455,659,11,119.8,204,29.34,53.31,14.57,1.452,6.0,-1.353,-8.0,15,7.51,22,11.02,92,0.127,4.75,0.119
455,659,12,119.8,248,40.54,62.09,18.1,1.493,6.0,-1.849,-8.0,30,15.03,26,13.02,125,0.081,4.76,0.1636
455,659,13,29.3,65,31.01,39.28,7.94,1.572,6.0,-1.932,-8.0,6,12.29,11,22.53,38,0.0,5.22,0.0433
455,668,0,120.6,271,60.95,69.38,7.09,0.441,2.009,-0.497,-3.241,2,1.0,1,0.5,33,0.0,10.67,0.3616
455,668,1,119.6,238,41.07,70.64,22.17,1.171,6.0,-1.285,-6.199,25,12.54,18,9.03,85,0.059,4.16,0.1417
455,669,0,119.3,225,49.78,67.17,16.75,0.707,2.907,-1.292,-8.0,21,10.56,3,1.51,81,0.053,3.43,0.1108
455,669,1,121.2,215,37.1,55.09,14.3,0.92,6.0,-0.88,-4.657,12,5.94,10,4.95,63,0.056,4.31,0.1221
455,669,2,120.0,170,36.95,61.53,23.17,0.784,5.366,-1.418,-8.0,11,5.5,6,3.0,35,0.188,3.96,0.0829
455,669,3,118.5,38,0.0,0.0,0.0,0.0,0.0,0.0,0.0,0,0.0,0,0.0,0,1.0,0.37,0.0127
455,669,4,120.0,47,0.0,0.0,0.0,0.0,0.0,0.0,0.0,0,0.0,0,0.0,0,1.0,0.33,0.0099
455,669,5,121.5,34,0.0,0.0,0.0,0.0,0.0,0.0,0.0,0,0.0,0,0.0,0,1.0,0.31,0.0092
455,669,6,120.1,52,0.0,0.0,0.0,0.0,0.0,0.0,0.0,0,0.0,0,0.0,0,1.0,0.26,0.0077
455,669,7,120.0,48,0.0,0.0,0.0,0.0,0.0,0.0,0.0,0,0.0,0,0.0,0,1.0,0.23,0.0074
455,669,8,120.0,54,0.0,0.0,0.0,0.0,0.0,0.0,0.0,0,0.0,0,0.0,0,1.0,0.2,0.0056
455,669,9,120.0,47,0.0,0.0,0.0,0.0,0.0,0.0,0.0,0,0.0,0,0.0,0,1.0,0.29,0.0074
455,669,10,119.4,51,0.0,0.0,0.0,0.0,0.0,0.0,0.0,0,0.0,0,0.0,0,1.0,0.26,0.0067
455,669,11,120.7,45,0.0,0.0,0.0,0.0,0.0,0.0,0.0,0,0.0,0,0.0,0,1.0,0.3,0.0095
455,669,12,120.0,50,0.0,0.0,0.0,0.0,0.0,0.0,0.0,0,0.0,0,0.0,0,1.0,0.39,0.0131
455,669,13,117.6,54,0.25,3.42,0.88,0.895,1.523,-0.296,-0.305,0,0.0,0,0.0,1,0.926,0.53,0.015
455,669,14,120.6,37,0.0,0.0,0.0,0.0,0.0,0.0,0.0,0,0.0,0,0.0,0,1.0,0.31,0.0098
455,669,15,121.4,162,11.15,29.86,9.47,1.464,6.0,-1.511,-7.333,11,5.44,16,7.91,59,0.259,2.66,0.0597
455,669,16,120.3,218,36.85,60.69,21.74,1.429,6.0,-1.472,-8.0,17,8.48,27,13.47,90,0.128,5.09,0.1444
455,669,17,110.1,209,39.98,57.42,17.51,1.187,6.0,-1.058,-8.0,10,5.45,13,7.08,57,0.086,1.74,0.0471
455,669,18,118.8,193,19.4,55.22,16.82,1.176,6.0,-1.172,-8.0,17,8.59,8,4.04,64,0.192,1.75,0.0497
455,669,19,78.9,119,11.05,29.68,9.52,1.946,6.0,-1.884,-8.0,15,11.41,14,10.65,60,0.252,3.07,0.051
455,674,0,120.4,172,45.48,72.08,27.98,1.098,6.0,-1.474,-8.0,17,8.47,8,3.99,57,0.233,5.24,0.1415
455,674,1,40.2,70,33.92,60.46,23.71,2.075,6.0,-1.798,-7.694,6,8.96,14,20.9,35,0.229,10.36,0.1013
455,678,0,120.8,228,34.53,55.89,17.01,1.363,6.0,-1.975,-8.0,26,12.91,27,13.41,115,0.07,1.14,0.0427
455,678,1,119.4,218,27.98,46.64,15.07,1.494,6.0,-2.065,-8.0,30,15.08,22,11.06,113,0.106,3.18,0.0861
455,690,0,120.8,278,68.14,75.46,6.63,0.315,1.222,-0.74,-8.0,6,2.98,0,0.0,37,0.0,5.51,0.1984
455,690,1,120.1,272,42.63,72.65,23.04,0.82,4.671,-0.632,-3.759,4,2.0,14,6.99,74,0.0,4.52,0.1471
455,690,2,109.6,204,42.3,69.07,21.53,0.94,6.0,-1.389,-8.0,16,8.76,10,5.47,68,0.083,4.74,0.1247
455,690,3,119.6,241,58.83,77.9,19.16,1.034,6.0,-1.684,-8.0,20,10.03,15,7.53,96,0.046,8.47,0.2724
455,690,4,105.0,137,36.14,60.6,24.56,1.619,6.0,-1.77,-8.0,8,4.57,11,6.29,46,0.204,7.17,0.124
455,690,5,120.3,252,37.66,58.0,17.68,1.292,6.0,-1.734,-8.0,25,12.47,25,12.47,125,0.032,5.66,0.1723
455,690,6,120.5,223,58.16,71.52,18.52,0.833,6.0,-1.511,-8.0,14,6.97,8,3.98,78,0.045,6.57,0.1837
455,690,7,17.9,43,56.71,64.03,10.33,1.618,6.0,-0.167,-0.188,0,0.0,8,26.82,16,0.0,20.45,0.1036
455,694,0,120.2,270,34.88,51.6,11.38,1.503,6.0,-1.921,-8.0,25,12.48,31,15.47,132,0.022,7.73,0.2556
455,694,1,118.5,220,30.13,53.48,17.54,1.482,6.0,-1.894,-8.0,27,13.67,22,11.14,94,0.136,6.58,0.1814
455,702,0,120.7,221,53.43,72.63,22.18,1.181,6.0,-2.094,-8.0,28,13.92,16,7.95,96,0.054,5.66,0.1483
455,702,1,120.1,257,78.28,114.13,33.84,1.3,6.0,-1.037,-6.435,9,4.5,30,14.99,113,0.012,19.09,0.6397
455,702,2,119.4,266,77.83,106.92,31.92,1.094,6.0,-1.798,-8.0,29,14.57,16,8.04,128,0.0,6.02,0.205
455,702,3,101.9,219,56.81,79.45,22.26,0.905,6.0,-1.837,-8.0,18,10.6,12,7.07,88,0.027,6.07,0.1591
455,719,0,120.8,141,43.79,70.98,29.21,0.628,2.454,-1.679,-8.0,16,7.95,1,0.5,44,0.255,-0.2,0.0058
455,719,1,120.0,152,18.22,53.13,17.55,1.664,6.0,-1.258,-7.398,12,6.0,17,8.5,63,0.237,3.02,0.0627
455,719,2,120.0,140,11.56,30.52,10.65,1.463,6.0,-1.766,-8.0,10,5.0,12,6.0,49,0.379,2.1,0.0484
455,719,3,93.9,168,36.08,62.52,20.03,2.031,6.0,-2.297,-8.0,25,15.97,29,18.53,100,0.077,6.37,0.131
455,728,0,70.9,156,64.91,68.01,1.89,0.658,2.935,-0.565,-1.639,0,0.0,4,3.39,43,0.0,12.14,0.2426
455,735,0,92.0,155,43.51,71.31,23.97,1.647,6.0,-1.782,-8.0,11,7.17,26,16.96,79,0.123,10.26,0.2024
455,736,0,120.3,284,63.83,80.65,10.84,0.576,2.259,-0.722,-6.005,6,2.99,5,2.49,58,0.0,8.6,0.2889
455,736,1,120.6,271,53.56,69.37,14.08,0.927,6.0,-1.032,-8.0,15,7.46,11,5.47,67,0.018,3.92,0.1328
455,736,2,118.7,113,2.44,38.16,8.01,0.0,0.0,-3.321,-8.0,8,4.04,0,0.0,14,0.894,1.22,0.057
455,736,3,121.3,268,62.89,76.75,13.68,0.929,6.0,-0.532,-5.806,2,0.99,14,6.92,56,0.007,12.87,0.4248
455,736,4,118.2,158,30.1,60.53,25.51,0.415,1.852,-1.515,-8.0,14,7.11,0,0.0,36,0.367,2.97,0.0753
455,736,5,121.7,218,43.74,66.09,21.68,1.226,6.0,-1.197,-8.0,9,4.44,21,10.35,73,0.115,11.45,0.3152
455,736,6,119.1,205,49.3,67.45,16.66,1.373,6.0,-1.285,-8.0,13,6.55,15,7.56,83,0.049,6.77,0.2336
455,738,0,120.5,274,46.5,80.07,17.28,1.206,6.0,-1.803,-7.306,20,9.96,32,15.93,146,0.0,9.42,0.3153
455,738,1,119.7,269,93.03,103.99,8.19,0.563,4.306,-0.841,-6.38,7,3.51,4,2.01,64,0.0,13.56,0.4569
455,738,2,120.5,279,84.44,94.61,6.3,0.515,3.491,-0.554,-3.051,2,1.0,2,1.0,51,0.0,12.56,0.4228
455,738,3,109.4,211,45.98,74.71,21.76,1.34,6.0,-1.26,-5.352,25,13.71,16,8.78,98,0.057,2.3,0.067
455,738,4,70.3,144,31.93,55.44,18.39,1.296,6.0,-1.952,-8.0,15,12.8,14,11.95,60,0.069,5.04,0.0934
455,739,0,120.9,279,54.43,67.99,7.64,0.505,2.944,-0.71,-5.528,6,2.98,1,0.5,47,0.0,5.64,0.1857
455,739,1,119.3,212,33.61,56.93,18.05,1.371,6.0,-1.168,-8.0,15,7.54,17,8.55,80,0.132,2.91,0.0828
455,739,2,120.3,243,47.55,69.79,20.01,1.086,6.0,-1.398,-8.0,23,11.47,14,6.98,93,0.062,1.01,0.0315
455,739,3,120.4,265,44.3,58.53,10.22,0.531,1.847,-0.693,-5.611,8,3.99,0,0.0,42,0.0,4.28,0.1427
455,739,4,97.1,153,22.16,36.51,11.79,1.194,6.0,-0.993,-5.593,6,3.71,15,9.27,58,0.131,1.8,0.0343
455,755,0,120.8,269,41.43,52.7,10.99,0.667,2.679,-0.853,-4.194,10,4.97,9,4.47,52,0.0,7.07,0.2425
455,755,1,119.8,248,42.61,60.51,18.27,0.958,6.0,-1.369,-8.0,15,7.51,13,6.51,88,0.056,8.72,0.2695
455,755,2,48.2,117,31.78,48.36,14.17,1.472,6.0,-1.316,-8.0,10,12.45,14,17.43,58,0.051,3.57,0.0508
455,757,0,120.1,255,58.65,63.88,3.36,0.557,4.796,-0.844,-4.444,10,5.0,2,1.0,64,0.0,6.53,0.2199
455,757,1,120.1,257,54.13,66.59,12.16,1.127,6.0,-1.405,-8.0,16,7.99,22,10.99,112,0.0,6.7,0.231
455,757,2,92.8,200,39.35,65.6,15.06,1.441,6.0,-1.657,-8.0,24,15.52,15,9.7,89,0.0,5.06,0.1248
455,772,0,120.6,206,16.14,33.39,10.74,1.12,5.25,-1.156,-8.0,14,6.97,11,5.47,78,0.16,5.71,0.1798
455,772,1,120.3,143,13.56,46.46,15.89,1.9,6.0,-1.23,-6.537,2,1.0,16,7.98,45,0.49,8.65,0.2168
455,772,2,119.7,173,33.93,61.39,26.69,0.907,6.0,-2.08,-8.0,12,6.02,4,2.01,52,0.324,8.89,0.2389
455,772,3,118.3,228,27.28,44.9,12.88,1.332,6.0,-1.322,-7.556,18,9.13,20,10.14,94,0.088,7.31,0.2082
455,772,4,121.7,224,23.94,46.08,15.96,1.033,6.0,-1.066,-7.472,13,6.41,9,4.44,85,0.018,2.06,0.0623
455,772,5,120.1,247,25.83,59.98,20.45,0.907,6.0,-0.578,-2.847,1,0.5,13,6.49,76,0.0,8.89,0.275
455,772,6,118.1,250,33.58,62.75,20.34,0.769,2.963,-1.243,-6.324,22,11.18,5,2.54,89,0.044,9.07,0.2709
455,772,7,120.0,84,0.0,0.0,0.0,0.0,0.0,0.0,0.0,0,0.0,0,0.0,0,1.0,1.78,0.0593
455,772,8,121.0,91,0.0,0.0,0.0,0.0,0.0,0.0,0.0,0,0.0,0,0.0,0,1.0,1.7,0.0563
455,772,9,120.9,90,0.11,3.24,0.58,1.036,3.0,0.0,0.0,0,0.0,1,0.5,2,0.967,1.63,0.0542
455,772,10,120.1,139,1.85,6.95,2.42,1.206,4.843,-1.353,-4.75,7,3.5,7,3.5,31,0.612,2.22,0.0712
455,772,11,119.6,226,19.63,56.64,16.53,1.353,6.0,-0.952,-5.019,9,4.52,25,12.54,98,0.115,3.07,0.0974
455,772,12,120.0,276,43.34,62.08,13.46,0.987,6.0,-1.123,-8.0,14,7.0,12,6.0,109,0.0,3.53,0.1198
455,772,13,120.5,257,34.67,49.65,16.4,0.976,5.648,-1.312,-7.898,19,9.46,16,7.97,91,0.062,8.9,0.2763
455,772,14,119.1,190,27.49,50.51,18.6,0.581,3.343,-0.85,-4.44,8,4.03,1,0.5,43,0.211,-0.29,0.0124
455,772,15,120.2,216,30.95,51.64,16.28,1.232,6.0,-1.288,-8.0,12,5.99,22,10.98,92,0.125,8.77,0.2582
455,772,16,120.6,257,21.32,33.26,10.21,0.885,6.0,-1.012,-4.949,19,9.45,7,3.48,98,0.054,4.85,0.1607
455,772,17,119.4,190,16.85,45.01,15.71,1.427,6.0,-0.907,-3.889,9,4.52,18,9.05,67,0.226,4.48,0.12
455,772,18,117.9,132,4.12,11.13,3.87,1.017,6.0,-0.88,-5.741,4,2.04,4,2.04,29,0.417,2.04,0.0605
455,772,19,122.8,199,20.18,43.3,13.26,1.701,6.0,-1.527,-8.0,15,7.33,22,10.75,91,0.136,3.15,0.0901
455,772,20,119.5,227,24.04,42.88,14.0,1.262,6.0,-1.416,-8.0,22,11.05,19,9.54,103,0.084,5.04,0.1512
455,772,21,120.1,248,29.18,49.84,13.04,1.074,6.0,-0.878,-4.176,10,5.0,16,7.99,78,0.024,6.4,0.2177
455,772,22,119.9,262,38.79,56.43,15.64,0.948,6.0,-1.121,-5.986,16,8.01,16,8.01,77,0.027,5.25,0.1531
455,772,23,82.2,174,27.73,39.12,7.45,0.932,3.583,-0.941,-5.361,9,6.57,13,9.49,53,0.0,5.59,0.1211
455,775,0,120.0,258,24.07,34.64,6.96,1.135,6.0,-1.094,-8.0,14,7.0,14,7.0,92,0.0,10.34,0.3498
455,775,1,61.6,131,26.54,36.37,6.86,1.033,5.296,-1.224,-6.231,10,9.74,7,6.82,62,0.0,8.03,0.138
455,778,0,120.8,261,35.21,50.75,10.81,0.623,5.111,-0.706,-3.034,9,4.47,4,1.99,47,0.0,7.57,0.2467
455,778,1,119.2,196,30.46,48.4,17.12,0.978,6.0,-2.141,-8.0,12,6.04,7,3.52,73,0.163,7.72,0.2296
455,778,2,105.4,218,31.73,44.89,11.48,0.735,5.528,-0.629,-3.213,3,1.71,9,5.12,41,0.05,9.33,0.2625
455,780,0,120.5,193,30.64,49.19,17.08,1.11,6.0,-1.454,-8.0,14,6.97,10,4.98,66,0.187,7.35,0.2054
455,780,1,29.5,64,42.18,46.73,3.1,0.941,4.028,-0.851,-3.731,4,8.14,3,6.1,28,0.0,4.55,0.0332
455,787,0,120.9,196,24.32,45.11,15.4,1.229,6.0,-1.398,-6.565,10,4.96,20,9.93,61,0.189,7.93,0.2177
455,787,1,111.6,224,28.46,48.27,15.25,1.075,5.611,-1.1,-4.648,14,7.53,14,7.53,85,0.08,4.05,0.1188
455,792,0,120.7,244,55.33,72.11,22.58,0.968,6.0,-1.199,-8.0,16,7.95,10,4.97,89,0.078,9.9,0.3135
455,792,1,120.2,178,37.77,67.54,28.62,1.263,6.0,-0.529,-1.917,0,0.0,14,6.99,32,0.32,8.92,0.2363
455,792,2,119.3,150,31.47,68.29,30.62,0.401,1.019,-1.67,-8.0,13,6.54,0,0.0,38,0.44,4.16,0.104
455,792,3,102.8,139,25.8,63.67,24.52,1.861,6.0,-2.196,-7.167,16,9.34,17,9.92,68,0.331,8.35,0.1702
455,795,0,120.5,277,65.31,76.56,8.15,0.385,1.111,-0.762,-4.75,4,1.99,0,0.0,39,0.0,12.64,0.4196
455,795,1,120.2,155,11.62,43.88,15.4,1.51,6.0,-1.837,-6.046,15,7.49,7,3.49,38,0.542,5.0,0.1447
455,795,2,110.9,211,32.76,54.26,18.78,0.987,5.352,-0.912,-4.884,8,4.33,16,8.66,65,0.118,8.52,0.2392
455,799,0,120.9,206,31.28,70.27,18.0,1.372,6.0,-1.901,-8.0,34,16.87,13,6.45,106,0.126,2.44,0.0596
455,799,1,119.4,235,46.86,66.52,15.89,0.902,6.0,-1.217,-8.0,9,4.52,12,6.03,83,0.047,5.84,0.1658
455,799,2,119.8,268,53.65,66.68,8.15,0.814,5.148,-0.887,-4.509,11,5.51,9,4.51,107,0.0,4.5,0.1498
455,799,3,120.7,278,56.48,76.47,15.98,0.803,4.981,-1.02,-8.0,13,6.46,9,4.47,95,0.0,4.31,0.1415
455,799,4,119.7,239,36.1,59.83,15.86,0.971,6.0,-1.193,-8.0,22,11.03,8,4.01,71,0.05,1.94,0.0513
455,803,0,120.8,198,25.04,56.71,22.66,0.856,4.194,-0.787,-4.069,6,2.98,6,2.98,43,0.197,2.32,0.0791
455,803,1,119.5,199,36.46,60.0,19.34,1.072,6.0,-1.679,-8.0,13,6.53,12,6.03,80,0.156,5.5,0.1442
455,803,2,99.2,153,24.19,47.96,17.58,1.502,5.296,-1.914,-8.0,14,8.47,18,10.89,61,0.235,3.39,0.0839
455,808,0,119.8,220,56.77,72.38,18.81,0.453,2.708,-1.192,-6.481,10,5.01,1,0.5,33,0.064,9.85,0.2986
455,808,1,121.1,209,42.87,68.47,27.42,1.313,6.0,-1.731,-8.0,15,7.43,13,6.44,63,0.196,8.06,0.2335
455,808,2,119.2,161,27.41,64.59,25.19,1.215,6.0,-1.867,-8.0,19,9.56,7,3.52,52,0.311,5.32,0.1344
455,816,0,119.9,214,27.12,49.68,16.53,1.091,5.407,-1.286,-6.222,24,12.01,10,5.0,70,0.178,4.34,0.129
455,816,1,121.0,200,23.1,42.12,15.91,1.231,6.0,-0.863,-4.704,8,3.97,17,8.43,57,0.2,7.39,0.2081
455,816,2,119.7,219,33.92,55.06,18.84,1.24,6.0,-1.193,-8.0,10,5.01,18,9.02,67,0.155,5.64,0.1595
455,816,3,120.3,239,31.82,54.23,15.69,1.332,6.0,-1.095,-8.0,18,8.98,11,5.49,89,0.067,3.85,0.1244
455,816,4,118.9,257,36.17,52.09,14.37,0.972,6.0,-1.081,-6.176,14,7.06,11,5.55,90,0.043,5.25,0.1662
455,816,5,120.3,210,28.99,49.23,16.09,1.039,4.954,-1.838,-8.0,16,7.98,15,7.48,83,0.167,6.54,0.184
455,816,6,120.7,261,42.99,58.03,12.6,0.869,6.0,-0.59,-2.065,1,0.5,12,5.97,61,0.023,3.56,0.1211
455,816,7,119.0,247,33.55,57.66,10.8,0.832,6.0,-1.201,-8.0,23,11.6,10,5.04,97,0.028,7.82,0.2557
455,816,8,120.6,90,0.0,0.0,0.0,0.0,0.0,0.0,0.0,0,0.0,0,0.0,0,1.0,1.61,0.0545
455,816,9,119.5,200,23.78,49.79,15.95,1.73,6.0,-1.844,-8.0,21,10.54,25,12.55,103,0.17,3.61,0.0942
455,816,10,120.9,212,49.81,68.97,22.12,0.828,5.806,-0.253,-0.657,0,0.0,9,4.47,28,0.118,12.76,0.3582
455,816,11,119.8,261,56.4,66.82,10.75,0.568,4.778,-0.936,-6.171,13,6.51,4,2.0,51,0.0,7.89,0.2544
455,816,12,120.3,259,50.84,68.91,17.73,1.159,6.0,-1.265,-8.0,15,7.48,23,11.47,89,0.019,8.76,0.2939
455,816,13,119.8,267,54.94,67.68,16.32,0.985,6.0,-0.946,-6.778,9,4.51,9,4.51,77,0.0,4.46,0.1512
455,816,14,47.1,104,62.0,73.18,4.81,0.533,2.815,-0.401,-1.185,0,0.0,3,3.82,19,0.0,9.07,0.1175
455,825,0,120.9,229,38.64,69.19,22.74,0.976,5.574,-1.249,-7.218,18,8.93,8,3.97,59,0.131,7.92,0.252
455,825,1,119.3,259,36.66,44.39,8.97,0.587,3.63,-1.085,-7.75,12,6.04,3,1.51,73,0.023,7.09,0.2366
455,825,2,90.6,168,33.21,50.33,16.54,1.443,6.0,-1.551,-8.0,11,7.28,19,12.58,78,0.101,10.86,0.2538
455,869,0,120.8,234,43.06,67.55,21.19,1.051,6.0,-1.193,-8.0,14,6.95,12,5.96,74,0.107,10.59,0.3281
455,869,1,119.2,216,32.72,59.33,21.9,1.078,6.0,-1.211,-8.0,14,7.05,8,4.03,57,0.208,6.76,0.204
455,869,2,120.7,224,28.68,53.06,17.1,1.507,6.0,-1.141,-5.278,19,9.44,21,10.44,83,0.143,9.98,0.2948
455,869,3,120.2,268,48.36,64.57,13.53,0.717,3.685,-0.895,-4.861,17,8.49,9,4.49,71,0.0,6.75,0.2293
455,869,4,97.0,226,45.96,70.78,19.14,0.86,3.75,-0.871,-5.62,14,8.66,8,4.95,64,0.027,12.27,0.321
455,876,0,120.2,221,34.87,51.43,15.35,0.403,1.269,-0.985,-8.0,11,5.49,0,0.0,65,0.1,3.2,0.1176
455,876,1,105.4,189,31.58,51.42,17.34,1.014,6.0,-1.021,-5.139,11,6.26,10,5.69,59,0.106,10.48,0.2798
455,876,2,122.7,248,27.94,40.55,9.02,0.976,6.0,-0.988,-4.944,12,5.87,16,7.82,95,0.048,9.7,0.3127
455,876,3,119.2,225,22.65,40.64,13.1,0.981,4.167,-1.0,-6.769,15,7.55,11,5.54,71,0.151,4.26,0.1409
455,876,4,120.1,267,20.49,39.27,11.37,1.215,6.0,-1.039,-5.935,14,6.99,22,10.99,100,0.045,6.37,0.2099
455,876,5,120.4,237,33.08,57.05,18.9,1.054,6.0,-0.852,-5.63,9,4.49,12,5.98,67,0.101,8.91,0.2686
455,876,6,119.6,221,24.78,52.25,16.59,1.317,6.0,-1.84,-8.0,25,12.54,16,8.03,95,0.181,5.87,0.1705
455,876,7,120.5,264,34.8,54.25,12.03,0.481,3.079,-0.64,-4.898,6,2.99,3,1.49,35,0.0,5.62,0.1851
455,883,0,71.2,152,39.47,62.05,18.05,1.093,6.0,-1.945,-8.0,12,10.11,12,10.11,57,0.072,10.43,0.209
455,887,0,120.2,255,29.25,41.05,11.0,0.648,3.921,-0.747,-4.167,10,4.99,3,1.5,42,0.047,10.49,0.3316
455,887,1,120.1,214,19.69,46.01,14.28,1.219,6.0,-1.162,-8.0,14,6.99,14,6.99,74,0.145,8.05,0.2491
455,887,2,120.6,193,8.61,23.33,7.32,1.225,6.0,-1.102,-5.093,11,5.47,13,6.47,53,0.301,5.25,0.1719
455,887,3,119.2,217,23.74,39.18,12.89,0.912,3.769,-0.807,-4.806,3,1.51,12,6.04,69,0.124,7.42,0.2316
455,887,4,120.4,259,29.29,45.18,12.94,1.23,6.0,-1.262,-8.0,22,10.96,13,6.48,93,0.062,7.65,0.2562
455,887,5,120.4,232,33.51,47.23,14.24,0.708,5.972,-0.557,-2.935,2,1.0,6,2.99,39,0.103,9.94,0.3121
455,887,6,119.4,194,14.7,47.19,13.19,0.803,4.167,-0.945,-4.981,11,5.53,6,3.02,43,0.268,5.38,0.1741
455,887,7,120.6,268,26.97,38.09,7.67,0.952,6.0,-0.976,-5.444,15,7.46,15,7.46,79,0.0,9.35,0.3084
455,887,8,69.6,155,26.9,37.02,9.62,1.223,5.426,-1.151,-4.611,7,6.03,15,12.93,63,0.039,9.57,0.1816
455,896,0,120.8,201,31.86,55.75,22.79,1.2,5.157,-1.319,-6.815,11,5.46,8,3.97,62,0.269,4.47,0.1474
455,896,1,119.6,206,44.07,63.42,21.79,0.444,2.648,-1.277,-8.0,7,3.51,2,1.0,38,0.165,7.15,0.2167
455,896,2,119.9,251,46.67,57.12,11.41,0.914,6.0,-0.926,-8.0,10,5.0,10,5.0,75,0.016,7.55,0.2494
455,896,3,120.1,105,0.0,0.0,0.0,0.0,0.0,-1.904,-2.539,1,0.5,0,0.0,2,1.0,2.76,0.0923
455,896,4,41.6,75,34.83,54.95,20.46,1.53,6.0,-0.289,-0.667,0,0.0,11,15.87,28,0.16,13.99,0.1306
455,900,0,120.8,267,59.22,64.55,4.22,0.411,1.861,-0.637,-4.056,4,1.99,0,0.0,32,0.0,10.81,0.3622
455,900,1,40.6,89,51.16,64.91,12.02,0.766,3.519,-1.201,-4.907,3,4.43,5,7.39,22,0.0,11.9,0.1372
455,901,0,120.4,261,57.45,70.81,18.62,0.932,6.0,-1.423,-8.0,17,8.47,11,5.48,93,0.019,7.51,0.2275
455,901,1,62.5,142,52.08,67.52,14.16,0.753,3.579,-1.191,-7.458,11,10.56,2,1.92,39,0.0,5.38,0.0908
455,912,0,120.6,233,36.17,62.66,19.54,1.369,5.722,-1.246,-7.778,20,9.95,12,5.97,93,0.094,6.1,0.1994
455,912,1,120.0,253,31.77,52.66,14.32,1.268,6.0,-1.353,-8.0,22,11.0,25,12.5,115,0.047,8.25,0.2748
455,912,2,49.1,87,19.49,40.74,16.57,1.333,4.972,-2.719,-8.0,9,11.0,8,9.78,39,0.31,3.25,0.0488
455,915,0,120.4,166,22.06,49.81,21.96,0.348,0.565,-1.481,-6.602,14,6.98,0,0.0,39,0.44,4.58,0.1466
455,915,1,120.5,272,43.99,55.46,11.1,0.852,5.407,-0.914,-4.806,13,6.47,14,6.97,78,0.004,8.82,0.2938
455,915,2,119.7,226,26.92,48.42,15.71,1.055,6.0,-1.739,-8.0,26,13.03,10,5.01,93,0.15,8.06,0.2526
455,915,3,89.9,144,21.03,36.74,12.27,1.306,6.0,-1.119,-5.407,8,5.34,12,8.01,50,0.194,5.65,0.1288
455,916,0,119.8,199,17.64,41.59,15.1,1.22,6.0,-1.123,-6.583,13,6.51,11,5.51,54,0.291,6.61,0.1833
455,916,1,120.8,145,8.73,36.65,12.66,1.487,4.528,-2.01,-8.0,7,3.48,12,5.96,36,0.607,5.66,0.1525
455,916,2,119.6,217,36.82,73.99,28.28,1.269,6.0,-1.22,-6.37,13,6.52,18,9.03,63,0.184,7.67,0.2247
455,916,3,120.0,184,24.16,63.43,22.26,1.03,5.574,-2.294,-8.0,10,5.0,14,7.0,54,0.332,7.34,0.1957
455,916,4,104.1,234,42.13,63.36,14.63,0.901,3.741,-1.095,-8.0,18,10.37,7,4.03,65,0.0,5.55,0.1611
455,936,0,117.0,200,12.99,44.54,10.85,1.299,6.0,-1.494,-8.0,14,7.18,15,7.69,69,0.22,4.18,0.1282
455,937,0,120.6,221,35.9,61.32,20.4,1.234,6.0,-1.018,-5.019,13,6.47,12,5.97,68,0.158,4.93,0.1521
455,937,1,120.3,207,38.2,55.26,20.36,0.694,6.0,-1.332,-8.0,12,5.99,2,1.0,63,0.126,3.78,0.1136
455,937,2,58.4,114,44.87,56.23,9.47,0.989,5.62,-0.844,-5.12,4,4.11,10,10.27,42,0.0,10.55,0.168
455,941,0,120.7,269,33.63,46.03,8.76,1.519,6.0,-1.763,-8.0,33,16.4,34,16.9,161,0.0,4.15,0.1371
455,941,1,120.2,259,47.11,72.24,18.12,1.367,6.0,-1.867,-8.0,22,10.98,31,15.47,127,0.015,7.69,0.2524
455,941,2,74.0,164,62.49,66.04,2.23,0.601,3.009,-0.653,-4.75,2,1.62,3,2.43,51,0.0,9.28,0.1919
455,956,0,120.1,273,65.09,71.49,3.08,0.46,2.907,-0.583,-3.528,5,2.5,1,0.5,52,0.0,10.35,0.343
455,956,1,120.7,271,55.4,67.45,11.74,0.953,6.0,-1.281,-8.0,16,7.95,14,6.96,103,0.0,4.4,0.1425
455,956,2,119.7,172,29.24,64.29,27.19,1.236,6.0,-1.751,-6.639,8,4.01,8,4.01,47,0.36,9.83,0.2433
455,956,3,120.4,265,60.17,71.54,13.97,0.626,2.417,-1.169,-8.0,20,9.97,2,1.0,91,0.011,7.99,0.2604
455,956,4,119.5,180,29.67,61.05,23.93,1.498,6.0,-1.288,-5.884,13,6.53,17,8.54,69,0.306,5.29,0.1368
455,956,5,120.2,196,33.39,60.36,21.82,1.014,6.0,-0.999,-5.523,8,3.99,10,4.99,45,0.204,6.26,0.1804
455,956,6,120.3,170,31.55,65.9,27.69,1.214,6.0,-0.598,-2.065,1,0.5,12,5.99,45,0.306,8.54,0.1974
455,956,7,80.3,179,61.21,66.12,2.64,0.574,1.852,-0.719,-2.87,2,1.49,0,0.0,54,0.0,10.6,0.2297
455,960,0,94.9,210,56.86,69.43,13.19,0.818,6.0,-1.147,-8.0,12,7.59,6,3.79,65,0.0,6.36,0.1656
455,970,0,120.9,267,70.11,77.68,4.86,0.533,2.176,-0.652,-2.676,5,2.48,1,0.5,65,0.0,9.46,0.3226
455,970,1,120.0,244,52.43,72.76,23.93,1.264,6.0,-1.886,-8.0,25,12.5,19,9.5,115,0.061,6.06,0.1874
455,970,2,119.4,263,60.53,78.0,13.27,0.697,6.0,-1.123,-8.0,9,4.52,6,3.02,59,0.0,12.06,0.3975
455,970,3,120.5,208,8.6,26.3,7.16,1.197,6.0,-1.077,-8.0,12,5.98,14,6.97,75,0.212,3.38,0.0972
455,970,4,117.7,162,6.13,26.24,7.67,1.07,6.0,-1.923,-8.0,13,6.63,9,4.59,53,0.414,2.42,0.0746
455,970,5,119.9,143,7.39,20.69,7.6,1.079,4.306,-1.244,-6.889,5,2.5,7,3.5,37,0.462,2.69,0.0732
455,970,6,122.2,120,10.53,36.85,13.96,1.281,6.0,-1.615,-5.134,5,2.45,7,3.44,24,0.583,4.03,0.0825
455,970,7,120.3,117,6.93,50.91,14.65,1.985,5.139,0.0,0.0,0,0.0,10,4.99,17,0.778,5.62,0.1094
455,970,8,119.4,266,41.51,61.38,17.51,0.66,3.843,-1.081,-8.0,16,8.04,3,1.51,70,0.011,6.37,0.2083
455,970,9,120.0,149,29.52,68.6,27.81,1.339,6.0,-1.334,-4.963,2,1.0,14,7.0,44,0.362,7.73,0.1685
455,970,10,83.3,186,64.94,70.12,4.8,0.916,6.0,-0.794,-6.62,5,3.6,8,5.76,67,0.0,10.89,0.2589
455,982,0,120.9,234,37.96,51.99,14.48,0.785,6.0,-0.781,-3.361,4,1.99,7,3.47,51,0.051,4.49,0.1351
455,982,1,95.7,152,30.52,47.15,18.01,0.857,3.148,-1.421,-8.0,12,7.52,6,3.76,47,0.158,4.6,0.0945
455,983,0,120.3,197,20.15,40.03,14.98,1.252,6.0,-1.574,-8.0,17,8.48,16,7.98,70,0.213,3.94,0.1144
455,983,1,120.2,251,44.5,57.74,14.92,1.303,6.0,-1.36,-8.0,17,8.49,14,6.99,98,0.04,7.15,0.2358
455,983,2,51.6,109,40.15,50.05,9.44,1.046,6.0,-0.869,-3.352,3,3.49,10,11.63,46,0.0,8.98,0.1259
455,986,0,120.2,255,33.78,59.73,16.1,1.345,6.0,-1.534,-8.0,31,15.47,20,9.98,124,0.031,3.52,0.1253
455,986,1,120.7,268,57.52,68.87,11.22,0.823,6.0,-0.675,-3.731,2,0.99,12,5.97,86,0.0,8.06,0.2624
455,986,2,119.9,173,38.27,65.32,21.2,1.314,6.0,-1.872,-8.0,18,9.01,18,9.01,72,0.162,7.46,0.1611
455,986,3,15.8,33,60.79,65.79,2.37,0.406,1.042,0.0,0.0,0,0.0,0,0.0,4,0.0,5.62,0.022
455,989,0,120.3,268,50.08,67.26,17.65,0.993,6.0,-1.589,-8.0,27,13.47,13,6.48,97,0.022,4.39,0.1623
455,989,1,120.6,174,31.49,59.07,22.69,1.268,6.0,-2.073,-8.0,23,11.44,12,5.97,79,0.195,5.78,0.1397
455,989,2,119.6,209,50.3,65.61,20.23,0.862,6.0,-1.183,-5.519,13,6.52,9,4.52,47,0.077,6.33,0.1627
455,1001,0,120.8,247,24.09,45.29,12.94,1.244,6.0,-1.088,-6.528,20,9.93,16,7.95,93,0.097,4.4,0.14
455,1001,1,118.8,90,0.17,7.56,1.12,0.0,0.0,-2.791,-7.0,2,1.01,0,0.0,3,0.978,2.52,0.083
455,1001,2,121.3,258,22.8,41.04,11.77,0.914,5.667,-0.713,-3.963,8,3.96,14,6.92,61,0.062,6.72,0.2207
455,1001,3,120.0,280,29.18,44.31,9.54,0.829,6.0,-1.095,-6.259,14,7.0,11,5.5,78,0.0,5.67,0.1823
455,1001,4,119.8,277,44.59,62.43,16.2,0.734,4.806,-0.692,-6.12,4,2.0,12,6.01,58,0.0,10.49,0.3558
455,1001,5,120.2,221,34.84,59.13,21.23,1.184,6.0,-1.022,-8.0,10,4.99,7,3.49,54,0.14,4.61,0.133
455,1001,6,119.3,222,7.49,14.37,4.31,0.633,3.685,-0.993,-5.463,9,4.53,3,1.51,56,0.162,2.76,0.0938
455,1001,7,120.0,208,11.52,35.98,10.28,1.203,6.0,-1.138,-8.0,10,5.0,13,6.5,62,0.207,3.69,0.1225
455,1001,8,120.7,216,29.54,49.12,16.63,0.988,6.0,-1.196,-6.282,11,5.47,10,4.97,60,0.171,6.59,0.1963
455,1001,9,119.8,219,28.44,48.47,15.75,0.939,4.954,-0.867,-4.583,9,4.51,12,6.01,59,0.142,2.39,0.0865
455,1001,10,118.4,179,23.19,47.29,18.34,1.414,6.0,-2.069,-8.0,19,9.63,9,4.56,74,0.324,4.46,0.1339
455,1001,11,121.8,251,30.06,43.9,11.46,1.323,6.0,-1.107,-7.157,19,9.36,18,8.87,108,0.056,11.06,0.3565
455,1001,12,119.1,163,11.08,30.94,11.05,1.007,4.176,-1.817,-8.0,15,7.56,7,3.53,50,0.393,2.43,0.0834
455,1001,13,118.7,207,18.45,43.15,14.93,1.042,6.0,-1.092,-4.528,13,6.57,9,4.55,61,0.232,5.65,0.173
455,1001,14,121.6,227,43.74,57.86,13.86,0.893,6.0,-0.445,-2.352,2,0.99,10,4.93,50,0.04,11.23,0.3368
455,1001,15,119.7,267,46.02,58.06,8.97,0.692,5.231,-1.028,-6.454,11,5.51,5,2.51,90,0.0,6.9,0.24
455,1001,16,120.9,271,38.0,58.49,14.33,1.261,6.0,-1.07,-6.593,25,12.41,17,8.44,118,0.0,5.83,0.1963
455,1001,17,119.7,264,50.26,58.58,6.03,0.822,5.139,-0.666,-4.287,3,1.5,11,5.51,79,0.0,6.61,0.2221
455,1001,18,119.6,206,34.44,53.98,20.59,0.563,2.204,-1.191,-7.583,18,9.03,1,0.5,61,0.209,3.0,0.0941
455,1001,19,119.3,190,15.88,41.72,14.53,0.905,5.519,-0.794,-3.731,7,3.52,5,2.51,45,0.332,4.67,0.1261
455,1001,20,56.8,113,42.06,65.97,17.28,1.099,6.0,-0.421,-1.037,0,0.0,10,10.56,43,0.062,9.42,0.1391
455,1006,0,120.4,236,34.36,64.92,21.83,0.831,6.0,-1.269,-7.019,21,10.47,6,2.99,62,0.114,5.71,0.1842
455,1006,1,119.6,108,0.0,0.0,0.0,0.0,0.0,0.0,0.0,0,0.0,0,0.0,0,1.0,2.75,0.091
455,1006,2,120.9,96,0.0,0.0,0.0,0.0,0.0,0.0,0.0,0,0.0,0,0.0,0,1.0,2.09,0.0692
455,1006,3,117.6,91,0.0,0.0,0.0,0.0,0.0,0.0,0.0,0,0.0,0,0.0,0,1.0,1.55,0.051
455,1006,4,121.8,87,0.0,0.0,0.0,0.0,0.0,0.0,0.0,0,0.0,0,0.0,0,1.0,1.36,0.0446
455,1006,5,118.7,80,0.0,0.0,0.0,0.0,0.0,0.0,0.0,0,0.0,0,0.0,0,1.0,1.37,0.0441
455,1006,6,121.0,156,12.28,32.99,11.33,1.312,6.0,-1.896,-8.0,11,5.45,10,4.96,54,0.378,4.15,0.1039
455,1006,7,120.8,220,31.27,59.55,21.9,1.437,6.0,-1.415,-8.0,10,4.97,27,13.41,90,0.186,6.05,0.1696
455,1006,8,120.0,243,45.56,60.51,15.1,0.935,6.0,-1.335,-8.0,20,10.0,9,4.5,98,0.025,4.88,0.1537
455,1006,9,119.7,273,36.58,60.53,13.04,0.805,3.815,-0.937,-4.981,16,8.02,10,5.01,80,0.0,4.94,0.163
455,1009,0,120.8,187,36.04,63.07,25.24,0.513,1.81,-1.973,-8.0,16,7.95,0,0.0,41,0.289,6.28,0.1647
455,1009,1,120.1,264,58.54,70.82,14.3,1.248,6.0,-0.912,-7.269,12,6.0,20,9.99,95,0.027,11.27,0.3661
455,1009,2,119.5,208,31.86,62.88,21.94,1.61,6.0,-1.879,-8.0,18,9.04,23,11.55,91,0.231,6.49,0.1832
455,1009,3,71.6,161,54.37,72.58,16.15,0.764,5.343,-1.463,-8.0,11,9.22,7,5.87,47,0.0,3.38,0.0739
455,1026,0,76.0,164,58.25,69.91,7.64,0.841,4.046,-1.557,-8.0,14,11.05,6,4.74,66,0.0,13.53,0.2883
455,1034,0,120.5,188,20.8,43.91,17.37,1.037,6.0,-1.079,-4.741,15,7.47,4,1.99,58,0.245,4.98,0.1602
455,1034,1,119.8,156,9.08,31.04,11.35,0.948,4.722,-1.048,-4.065,5,2.5,4,2.0,25,0.519,4.79,0.1455
455,1034,2,120.5,269,41.88,50.62,8.86,0.956,6.0,-0.625,-3.213,5,2.49,16,7.97,86,0.004,9.22,0.3111
455,1034,3,120.1,226,28.62,45.75,14.68,0.907,4.537,-1.356,-6.963,16,7.99,13,6.49,76,0.133,8.92,0.2609
455,1034,4,118.5,219,31.78,46.39,13.22,0.434,1.704,-0.877,-6.042,5,2.53,0,0.0,33,0.123,4.72,0.1418
455,1034,5,121.3,217,29.19,45.0,16.95,1.117,5.824,-1.28,-8.0,10,4.95,11,5.44,66,0.194,3.35,0.1056
455,1034,6,119.8,250,24.35,38.14,9.05,1.097,6.0,-0.848,-3.87,8,4.01,19,9.52,92,0.028,10.12,0.3213
455,1034,7,120.0,184,14.48,34.47,13.31,0.857,3.565,-1.26,-8.0,8,4.0,8,4.0,44,0.375,6.2,0.173
455,1034,8,120.2,215,22.14,43.26,13.52,0.914,5.648,-1.244,-8.0,11,5.49,9,4.49,77,0.158,4.52,0.1401
455,1034,9,120.2,259,46.75,59.0,10.37,0.826,6.0,-0.437,-1.917,0,0.0,10,4.99,68,0.004,12.63,0.4223
455,1034,10,119.8,265,48.17,58.45,7.6,0.692,5.278,-0.911,-7.139,9,4.51,8,4.01,76,0.0,8.46,0.2779
455,1034,11,119.8,262,43.71,59.5,14.54,1.202,6.0,-1.475,-8.0,17,8.51,23,11.52,110,0.0,8.27,0.2884
455,1034,12,119.7,270,54.46,60.84,5.39,0.45,1.472,-0.697,-3.398,6,3.01,0,0.0,57,0.0,6.14,0.2015
455,1034,13,119.7,155,6.67,32.86,8.58,1.254,4.185,-1.013,-4.185,11,5.51,5,2.51,40,0.452,1.71,0.0633
455,1034,14,121.0,145,5.58,25.44,8.26,1.103,3.537,-1.684,-5.426,8,3.97,7,3.47,29,0.621,3.04,0.0877
455,1034,15,119.7,199,27.21,58.85,22.94,1.424,6.0,-1.585,-5.722,10,5.01,15,7.52,68,0.302,7.29,0.1982
455,1034,16,96.1,160,35.6,62.58,24.79,1.18,5.056,-1.408,-6.639,12,7.49,10,6.24,50,0.225,7.78,0.1763
455,1035,0,120.9,263,66.32,70.18,2.55,0.473,2.565,-0.474,-2.046,1,0.5,2,0.99,45,0.0,10.72,0.3619
455,1035,1,119.8,255,42.94,65.61,21.92,1.111,6.0,-1.049,-8.0,12,6.01,15,7.51,101,0.0,6.23,0.1991
455,1035,2,120.2,280,53.51,69.55,18.59,0.798,6.0,-1.535,-8.0,17,8.49,13,6.49,81,0.021,13.25,0.4514
455,1035,3,119.8,280,58.94,73.34,10.99,0.474,1.907,-0.703,-3.829,5,2.5,0,0.0,51,0.0,7.62,0.2525
455,1035,4,120.0,275,53.06,67.41,12.41,0.673,4.338,-0.877,-4.884,12,6.0,9,4.5,71,0.0,9.82,0.3288
455,1035,5,119.1,209,41.33,68.04,25.11,0.946,5.944,-1.765,-8.0,18,9.07,8,4.03,58,0.182,7.42,0.2229
455,1035,6,29.7,67,21.88,35.79,8.35,1.183,5.528,-1.21,-2.875,7,14.14,6,12.12,31,0.045,6.49,0.0523
455,1049,0,118.5,236,38.66,59.16,17.87,1.039,6.0,-1.376,-8.0,22,11.14,9,4.56,91,0.089,8.99,0.2822
455,1049,1,119.5,129,11.61,28.96,11.75,1.164,6.0,-1.251,-5.759,9,4.52,8,4.02,41,0.357,6.01,0.1755
455,1049,2,122.7,228,40.36,57.36,19.0,1.316,6.0,-1.458,-8.0,9,4.4,24,11.74,82,0.11,8.36,0.2464
455,1049,3,120.0,233,29.47,53.12,13.95,0.725,4.477,-0.943,-5.676,13,6.5,6,3.0,59,0.043,2.48,0.0791
455,1049,4,110.1,167,33.15,56.99,18.91,1.589,6.0,-1.733,-8.0,13,7.08,22,11.99,82,0.15,9.35,0.1929
455,1049,5,117.7,211,42.68,60.61,16.79,0.669,2.389,-1.418,-8.0,17,8.67,4,2.04,69,0.085,3.74,0.1239
455,1049,6,122.2,213,21.97,39.85,12.3,1.375,6.0,-1.113,-8.0,11,5.4,20,9.82,92,0.103,11.68,0.3379
455,1049,7,119.7,218,22.19,37.98,12.2,1.075,6.0,-0.973,-7.602,12,6.02,10,5.01,62,0.161,8.54,0.2581
455,1049,8,119.2,226,34.53,52.35,16.74,1.053,6.0,-1.452,-8.0,24,12.08,13,6.54,88,0.111,5.56,0.1772
455,1049,9,121.4,208,34.96,56.47,20.72,1.099,4.5,-0.904,-4.949,7,3.46,11,5.44,52,0.163,10.4,0.3032
455,1049,10,54.9,98,29.53,40.07,11.6,1.363,6.0,-1.332,-4.694,9,9.84,10,10.93,42,0.071,5.07,0.0816
455,1064,0,120.3,254,34.59,56.06,17.06,1.123,6.0,-1.449,-8.0,21,10.47,22,10.97,103,0.079,5.1,0.1641
455,1064,1,118.1,230,30.73,54.92,17.9,1.186,6.0,-1.604,-8.0,24,12.19,17,8.64,90,0.061,4.78,0.147
455,1064,2,56.8,82,17.2,37.94,16.11,1.47,6.0,-0.5,-1.472,0,0.0,9,9.51,25,0.317,9.42,0.099
455,1067,0,120.2,149,19.87,64.07,26.35,0.483,1.343,-1.88,-8.0,13,6.49,0,0.0,32,0.604,2.63,0.0913
455,1067,1,120.6,199,32.3,66.89,23.53,1.844,6.0,-2.478,-8.0,26,12.94,33,16.42,102,0.206,9.06,0.2748
455,1067,2,81.3,167,37.35,65.69,22.66,1.156,6.0,-2.003,-8.0,18,13.28,12,8.86,64,0.12,6.55,0.1341
455,1070,0,120.6,207,47.01,70.91,23.36,1.48,6.0,-1.377,-8.0,19,9.45,15,7.46,85,0.14,5.14,0.1432
455,1073,0,118.7,249,28.75,41.64,10.93,0.964,4.62,-1.09,-8.0,17,8.59,16,8.09,93,0.04,6.63,0.2096
455,1073,1,106.2,164,27.28,46.09,13.45,1.015,6.0,-0.732,-4.31,4,2.26,9,5.08,42,0.079,3.02,0.0726
455,1073,2,119.5,251,41.78,64.99,17.16,0.951,5.611,-1.45,-7.676,11,5.52,14,7.03,66,0.02,9.94,0.3139
455,1073,3,120.5,273,52.77,65.22,10.27,0.603,3.569,-1.253,-8.0,11,5.48,7,3.49,48,0.0,7.61,0.2614
455,1073,4,120.0,278,50.95,65.82,13.84,0.976,6.0,-1.091,-8.0,14,7.0,14,7.0,88,0.0,6.09,0.2122
455,1073,5,119.4,279,55.82,64.93,11.82,0.331,1.181,-0.834,-5.5,11,5.53,0,0.0,49,0.007,3.5,0.1138
455,1073,6,111.2,183,29.19,54.09,17.64,1.413,6.0,-1.695,-8.0,12,6.47,22,11.87,90,0.137,6.52,0.1456
455,1073,7,118.7,204,39.21,67.69,22.88,1.063,4.028,-1.488,-8.0,14,7.08,13,6.57,77,0.142,1.9,0.0473
455,1075,0,120.6,208,28.36,69.69,25.69,1.041,6.0,-1.396,-7.491,23,11.44,9,4.48,60,0.212,2.78,0.0869
455,1075,1,120.1,161,10.78,29.36,11.36,1.197,6.0,-0.931,-3.477,4,2.0,6,3.0,29,0.441,3.12,0.0785
455,1075,2,119.6,242,47.83,67.88,18.14,1.249,6.0,-1.403,-6.824,20,10.03,21,10.54,102,0.021,6.54,0.2149
455,1075,3,43.1,87,17.87,25.32,7.01,1.478,6.0,-1.38,-4.861,10,13.92,7,9.74,45,0.069,3.92,0.0398
455,1076,0,120.2,269,42.86,59.64,11.79,1.02,6.0,-1.555,-8.0,14,6.99,26,12.98,120,0.0,7.5,0.2514
455,1076,1,120.7,206,36.98,58.25,19.67,1.617,6.0,-2.089,-8.0,23,11.43,24,11.93,99,0.136,7.62,0.1863
455,1076,2,59.3,133,38.97,55.01,8.78,1.423,6.0,-1.636,-8.0,17,17.2,12,12.14,66,0.0,1.49,0.0309
455,1083,0,120.5,186,38.33,65.06,22.35,1.248,5.417,-1.539,-8.0,13,6.47,16,7.97,65,0.129,8.13,0.2194
455,1083,1,119.9,265,59.04,69.05,9.77,0.601,6.0,-0.938,-8.0,10,5.0,3,1.5,55,0.0,7.42,0.254
455,1083,2,119.8,134,21.23,53.38,20.25,1.248,5.741,-0.937,-3.657,5,2.5,8,4.01,30,0.343,6.64,0.1264
455,1083,3,49.9,74,26.17,51.21,19.15,2.202,6.0,-1.112,-4.741,6,7.21,8,9.62,26,0.203,-1.17,-0.012
455,1100,0,120.1,158,31.76,70.66,32.28,0.482,0.713,-1.64,-8.0,11,5.5,0,0.0,20,0.481,3.89,0.1095
455,1100,1,86.7,148,30.63,62.53,21.73,1.32,4.815,-1.499,-7.296,12,8.3,16,11.07,52,0.23,8.04,0.1756
455,1108,0,111.0,148,39.13,70.62,27.87,1.98,6.0,-1.64,-8.0,14,7.57,10,5.41,56,0.203,2.0,0.0423
455,1108,1,119.7,266,41.46,61.79,14.29,1.174,6.0,-1.037,-8.0,17,8.52,19,9.52,111,0.0,3.86,0.1304
455,1108,2,60.2,128,49.59,55.17,4.5,0.599,3.426,-0.685,-2.731,1,1.0,3,2.99,39,0.0,7.61,0.1286
455,1110,0,120.1,195,51.84,73.57,25.21,1.212,6.0,-2.087,-8.0,17,8.49,15,7.49,74,0.108,7.11,0.1785
455,1110,1,120.2,208,53.67,74.53,20.94,1.078,6.0,-1.049,-7.37,8,3.99,13,6.49,63,0.062,7.74,0.219
455,1110,2,119.9,170,47.99,79.68,30.68,1.191,6.0,-1.464,-5.481,9,4.5,13,6.51,50,0.165,9.6,0.2097
455,1110,3,119.9,232,57.57,78.58,21.45,0.783,6.0,-1.224,-8.0,24,12.01,4,2.0,89,0.065,3.33,0.0847
455,1110,4,120.5,260,64.65,78.35,19.04,1.072,6.0,-0.971,-8.0,10,4.98,18,8.96,60,0.012,11.58,0.3838
455,1110,5,119.5,240,42.39,76.68,23.75,1.414,6.0,-1.632,-8.0,26,13.05,19,9.54,107,0.083,8.33,0.2429
455,1110,6,21.6,45,23.51,50.11,14.58,1.956,6.0,-0.955,-1.815,0,0.0,10,27.78,28,0.067,10.29,0.0571
455,1111,0,120.9,194,54.08,80.2,25.86,1.448,6.0,-1.295,-5.588,10,4.96,27,13.4,85,0.113,7.89,0.1846
455,1111,1,119.5,210,63.54,89.5,30.98,0.803,6.0,-1.885,-8.0,22,11.05,5,2.51,76,0.11,4.7,0.1138
455,1111,2,119.7,269,72.29,88.73,9.68,0.946,6.0,-0.697,-2.981,5,2.51,9,4.51,83,0.0,13.18,0.4503
455,1111,3,120.8,245,48.38,64.66,21.03,1.246,6.0,-1.307,-8.0,19,9.44,17,8.44,74,0.045,7.05,0.2186
455,1111,4,119.9,274,62.88,76.84,14.26,0.751,5.921,-0.705,-2.806,9,4.5,7,3.5,62,0.0,10.11,0.3378
455,1113,0,120.3,236,46.62,68.4,21.87,1.628,6.0,-1.853,-8.0,28,13.97,25,12.47,103,0.076,7.48,0.2347
455,1113,1,54.7,113,68.86,72.03,1.56,0.394,1.0,-0.447,-1.639,0,0.0,0,0.0,20,0.0,9.31,0.149
455,1117,0,120.3,256,58.49,74.1,12.09,0.667,3.694,-0.788,-5.898,6,2.99,5,2.49,64,0.0,8.72,0.2884
455,1117,1,120.0,256,49.24,71.08,21.31,1.384,6.0,-1.776,-8.0,30,15.0,29,14.5,106,0.047,7.75,0.265
455,1117,2,39.9,68,23.31,53.05,18.32,2.346,6.0,-1.504,-6.046,11,16.54,6,9.02,31,0.235,-0.34,0.0001
455,1139,0,120.5,182,36.15,79.6,26.33,1.321,6.0,-1.845,-8.0,25,12.45,9,4.48,75,0.209,2.32,0.0639
455,1139,1,120.3,270,47.99,65.9,14.24,1.331,6.0,-1.598,-8.0,29,14.46,25,12.47,140,0.0,4.81,0.1595
455,1139,2,119.4,248,53.49,69.26,18.56,1.121,6.0,-2.12,-8.0,15,7.54,22,11.06,113,0.024,5.27,0.158
455,1139,3,76.1,158,29.13,69.88,20.91,1.421,6.0,-1.553,-8.0,21,16.56,13,10.25,76,0.07,-0.67,-0.0159
455,1143,0,80.8,176,54.84,67.57,13.86,0.853,4.611,-1.29,-7.713,11,8.17,7,5.2,59,0.0,1.24,0.0359
455,1149,0,120.4,194,17.94,48.54,16.55,1.316,6.0,-1.522,-8.0,20,9.97,8,3.99,68,0.289,2.31,0.0697
455,1149,1,120.4,221,31.38,51.48,18.79,1.164,6.0,-0.939,-4.551,8,3.99,20,9.97,66,0.127,6.16,0.1896
455,1149,2,119.9,219,29.51,48.96,16.05,1.437,6.0,-0.878,-6.102,9,4.5,15,7.51,69,0.142,4.94,0.14
455,1149,3,61.2,134,31.71,49.26,12.23,0.963,6.0,-1.13,-5.509,16,15.69,7,6.86,53,0.0,5.7,0.1005
455,1154,0,120.8,185,39.42,66.69,26.74,1.413,6.0,-1.692,-8.0,13,6.46,16,7.95,67,0.222,7.47,0.1981
455,1160,0,120.7,273,32.24,56.83,11.69,1.439,6.0,-1.636,-8.0,26,12.92,30,14.91,148,0.0,3.9,0.1336
455,1160,1,87.8,153,35.08,58.31,16.55,1.467,6.0,-2.14,-8.0,14,9.57,18,12.3,73,0.065,4.14,0.0824
455,1168,0,119.9,241,39.11,64.74,17.96,1.596,6.0,-1.341,-8.0,21,10.51,23,11.51,105,0.075,7.36,0.2253
455,1168,1,108.5,245,47.02,63.02,15.56,1.028,6.0,-0.9,-6.13,14,7.74,14,7.74,96,0.0,7.07,0.2134
455,1175,0,118.0,142,6.52,22.56,7.55,1.148,5.13,-1.319,-7.111,7,3.56,4,2.03,36,0.535,1.7,0.0529
455,1175,1,120.8,92,0.0,0.0,0.0,0.0,0.0,0.0,0.0,0,0.0,0,0.0,0,1.0,1.39,0.0466
455,1175,2,122.0,127,2.08,8.61,3.1,1.882,6.0,-1.084,-4.806,4,1.97,3,1.48,21,0.677,1.9,0.0536
455,1175,3,100.7,62,0.61,5.55,1.51,1.284,3.843,-1.227,-3.889,1,0.6,2,1.19,7,0.855,0.95,0.024
455,1175,4,49.4,75,6.81,14.12,4.44,0.693,3.824,-1.52,-7.426,3,3.64,3,3.64,24,0.2,2.15,0.0255
455,1179,0,116.5,219,57.16,79.56,19.51,0.702,3.806,-1.323,-8.0,22,11.33,3,1.55,83,0.05,4.15,0.1169
455,1179,1,124.3,228,38.35,65.6,21.07,1.58,6.0,-2.305,-8.0,25,12.07,30,14.48,123,0.092,5.83,0.1519
455,1179,2,119.4,165,46.71,62.91,20.9,1.205,6.0,-0.974,-4.954,5,2.51,13,6.53,66,0.139,9.6,0.1986
455,1179,3,120.6,271,49.52,61.68,14.23,0.98,6.0,-1.178,-8.0,12,5.97,16,7.96,106,0.026,4.39,0.144
455,1179,4,119.5,136,20.7,59.66,20.4,1.697,6.0,-2.124,-8.0,19,9.54,11,5.52,55,0.279,1.81,0.0516
455,1179,5,119.8,233,41.12,70.66,24.29,1.227,6.0,-1.569,-8.0,24,12.02,14,7.01,81,0.064,2.91,0.0704
455,1179,6,119.9,77,0.91,11.43,2.82,0.0,0.0,-0.925,-3.065,1,0.5,0,0.0,3,0.896,0.39,0.0143
455,1179,7,118.6,61,0.0,0.0,0.0,0.0,0.0,0.0,0.0,0,0.0,0,0.0,0,1.0,0.49,0.0164
455,1179,8,120.7,71,0.0,0.0,0.0,0.0,0.0,0.0,0.0,0,0.0,0,0.0,0,1.0,0.47,0.0144
455,1179,9,119.8,76,0.0,0.0,0.0,0.0,0.0,0.0,0.0,0,0.0,0,0.0,0,1.0,0.45,0.0145
455,1179,10,117.6,60,0.0,0.0,0.0,0.0,0.0,0.0,0.0,0,0.0,0,0.0,0,1.0,0.46,0.0142
455,1179,11,118.7,50,0.0,0.0,0.0,0.0,0.0,0.0,0.0,0,0.0,0,0.0,0,1.0,0.52,0.0171
455,1179,12,125.2,244,31.82,60.28,20.81,1.483,6.0,-1.453,-8.0,18,8.63,20,9.58,105,0.082,3.74,0.123
455,1179,13,59.3,130,32.66,47.75,9.29,1.632,6.0,-1.503,-7.37,15,15.18,16,16.19,75,0.0,4.48,0.0884
455,1184,0,120.1,204,23.53,39.9,10.18,1.321,6.0,-1.184,-4.963,16,7.99,23,11.49,91,0.044,4.12,0.1217
455,1184,1,120.4,170,23.28,42.9,14.46,1.572,6.0,-2.213,-8.0,26,12.96,16,7.97,78,0.141,0.69,0.0196
455,1184,2,120.3,175,36.08,56.12,19.82,1.398,6.0,-2.414,-8.0,13,6.48,21,10.47,76,0.137,11.32,0.2697
455,1184,3,25.1,55,47.8,59.06,11.14,1.065,5.361,-2.016,-8.0,8,19.12,4,9.56,27,0.0,2.3,0.013
455,1197,0,118.9,205,31.13,63.07,22.57,1.142,6.0,-1.769,-8.0,26,13.12,9,4.54,83,0.234,5.06,0.1559
455,1197,1,121.4,167,15.15,46.19,18.48,1.109,6.0,-1.059,-5.491,4,1.98,10,4.94,29,0.491,6.79,0.1877
455,1197,2,120.2,248,34.76,56.72,14.39,1.239,6.0,-1.575,-8.0,20,9.98,25,12.48,123,0.032,5.98,0.1853
455,1197,3,120.2,159,24.35,58.4,23.74,0.536,1.12,-1.858,-8.0,17,8.49,0,0.0,45,0.421,3.09,0.1013
455,1197,4,120.2,225,38.0,50.78,16.35,0.933,6.0,-0.816,-4.463,8,3.99,11,5.49,75,0.116,7.47,0.2243
455,1197,5,119.7,188,21.19,43.58,16.28,1.277,6.0,-1.852,-8.0,21,10.53,14,7.02,77,0.25,4.56,0.1289
455,1197,6,120.3,199,28.47,49.0,17.34,1.472,6.0,-1.987,-8.0,19,9.48,22,10.97,91,0.161,8.58,0.2382
455,1197,7,119.6,239,32.62,51.26,16.04,1.048,6.0,-1.376,-8.0,15,7.53,15,7.53,79,0.1,4.6,0.1367
455,1197,8,120.4,244,36.78,57.98,14.24,0.998,6.0,-1.479,-8.0,21,10.47,14,6.98,97,0.041,6.45,0.2005
455,1197,9,119.9,176,21.88,50.56,18.65,1.03,6.0,-1.757,-7.343,19,9.51,7,3.5,67,0.284,4.7,0.1351
455,1197,10,119.9,171,12.17,28.29,11.12,1.04,4.88,-1.093,-5.954,5,2.5,9,4.5,44,0.386,2.93,0.0842
455,1197,11,119.3,213,33.4,56.33,17.88,0.975,6.0,-1.616,-6.926,16,8.05,13,6.54,80,0.122,8.07,0.2338
455,1197,12,120.7,275,59.98,71.17,10.03,0.614,6.0,-1.151,-8.0,9,4.47,7,3.48,59,0.0,10.59,0.3593
455,1197,13,119.7,276,52.17,64.81,12.22,0.922,6.0,-1.065,-8.0,13,6.52,12,6.02,76,0.0,9.91,0.3242
455,1197,14,119.9,284,64.14,70.59,2.57,0.419,2.278,-0.534,-2.657,3,1.5,1,0.5,47,0.0,6.94,0.2381
455,1197,15,103.5,108,19.75,59.62,23.58,2.726,6.0,-1.738,-8.0,11,6.38,7,4.06,31,0.481,0.61,0.0277
455,1198,0,57.7,126,49.03,73.33,17.86,1.176,6.0,-1.109,-5.565,12,12.48,5,5.2,49,0.0,3.3,0.0551
455,1204,0,120.9,204,21.23,45.73,14.85,1.819,6.0,-1.828,-8.0,29,14.39,27,13.4,110,0.211,6.77,0.1953
455,1204,1,118.1,225,31.33,54.01,17.34,0.918,6.0,-1.551,-8.0,22,11.18,10,5.08,83,0.124,3.97,0.1197
455,1204,2,121.7,202,28.57,55.66,18.4,1.346,6.0,-1.283,-7.815,9,4.44,20,9.86,75,0.168,6.72,0.1834
455,1204,3,119.5,208,26.46,50.29,16.37,0.905,6.0,-1.434,-7.028,20,10.04,6,3.01,87,0.178,2.4,0.0774
455,1204,4,118.8,96,0.0,0.0,0.0,0.0,0.0,0.0,0.0,0,0.0,0,0.0,0,1.0,1.46,0.0488
455,1204,5,121.7,91,0.0,0.0,0.0,0.0,0.0,0.0,0.0,0,0.0,0,0.0,0,1.0,1.43,0.0475
455,1204,6,120.2,227,32.58,57.81,21.01,1.114,6.0,-1.202,-6.198,17,8.49,15,7.49,58,0.128,5.71,0.1834
455,1204,7,71.3,164,34.15,51.0,11.9,1.414,5.204,-2.069,-8.0,23,19.35,24,20.2,98,0.0,6.5,0.1234
455,1212,0,119.9,222,36.37,60.72,22.62,1.196,6.0,-1.561,-8.0,24,12.01,11,5.5,90,0.135,4.53,0.1255
455,1212,1,120.9,169,50.66,72.87,28.76,1.252,6.0,-0.427,-1.532,0,0.0,12,5.96,27,0.201,13.37,0.2833
455,1212,2,100.5,170,41.46,70.37,25.37,1.276,6.0,-1.013,-6.074,8,4.78,6,3.58,47,0.165,-0.69,-0.0108
455,1212,3,119.3,239,35.4,49.14,13.74,0.716,4.657,-0.827,-6.306,6,3.02,7,3.52,53,0.046,2.85,0.081
455,1212,4,120.5,143,13.69,30.46,10.66,1.802,6.0,-1.791,-8.0,17,8.46,15,7.47,66,0.266,3.58,0.0711
455,1212,5,120.3,250,38.3,51.66,13.51,0.846,6.0,-1.139,-5.769,15,7.48,8,3.99,72,0.052,5.17,0.1738
455,1212,6,119.7,182,43.51,67.3,23.36,1.049,6.0,-0.997,-3.833,9,4.51,11,5.51,47,0.143,3.39,0.0839
455,1212,7,119.7,268,36.26,64.29,13.45,1.046,5.486,-1.148,-7.907,24,12.03,15,7.52,102,0.011,6.78,0.2287
455,1212,8,120.6,154,21.51,55.46,19.4,1.581,6.0,-1.477,-8.0,8,3.98,18,8.96,60,0.214,4.76,0.0994
455,1212,9,38.6,85,53.69,59.2,7.43,0.543,1.222,-1.355,-8.0,6,9.33,0,0.0,26,0.0,-0.86,-0.0092
455,1221,0,119.1,183,40.89,67.75,23.7,1.221,6.0,-1.196,-8.0,13,6.55,11,5.54,66,0.148,4.54,0.1183
455,1221,1,121.8,226,32.13,54.51,15.07,1.599,6.0,-1.334,-8.0,17,8.37,20,9.85,106,0.066,3.89,0.1177
455,1221,2,119.6,262,42.46,60.88,14.61,1.039,6.0,-1.347,-8.0,22,11.04,19,9.53,109,0.023,5.46,0.187
455,1221,3,120.1,195,48.05,75.29,24.89,1.164,6.0,-1.558,-8.0,14,6.99,17,8.49,69,0.118,13.43,0.3374
455,1221,4,99.9,217,68.35,74.57,3.5,0.484,2.87,-0.462,-2.444,1,0.6,1,0.6,30,0.0,9.16,0.2562
455,1222,0,116.4,238,49.37,74.34,22.75,1.826,6.0,-1.449,-8.0,22,11.34,24,12.37,110,0.059,9.43,0.2721
455,1243,0,120.3,261,69.17,79.43,10.53,1.087,6.0,-0.606,-3.102,4,2.0,15,7.48,84,0.0,13.3,0.4435
455,1243,1,119.9,248,37.16,72.68,26.58,0.593,4.926,-1.398,-8.0,22,11.01,4,2.0,80,0.032,2.15,0.0725
455,1243,2,120.5,244,16.85,57.25,14.77,1.48,6.0,-1.311,-8.0,21,10.46,25,12.45,105,0.074,3.47,0.1114
455,1243,3,118.3,237,22.34,50.99,16.11,1.05,6.0,-1.296,-8.0,24,12.17,14,7.1,98,0.068,1.37,0.0438
455,1243,4,111.4,135,9.58,30.5,9.22,1.155,6.0,-1.68,-6.653,12,6.46,9,4.85,52,0.296,1.3,0.0428
455,1243,5,103.1,127,7.64,29.2,9.11,1.214,6.0,-1.711,-5.991,10,5.82,9,5.24,46,0.339,2.21,0.0519
455,1243,6,111.5,111,6.58,24.44,8.45,1.427,5.102,-1.725,-5.731,8,4.3,7,3.77,30,0.505,1.44,0.0352
455,1243,7,79.4,65,7.52,28.37,10.64,1.638,6.0,-1.932,-5.343,3,2.27,3,2.27,18,0.615,2.26,0.0318
455,1243,8,120.9,216,50.34,76.98,19.53,1.191,6.0,-1.502,-8.0,6,2.98,24,11.91,62,0.037,13.93,0.3808
455,1243,9,120.0,208,36.27,78.96,30.59,1.098,6.0,-1.377,-8.0,22,11.0,9,4.5,76,0.154,0.51,0.0212
455,1243,10,104.4,121,10.22,24.51,7.67,1.008,6.0,-0.527,-1.981,0,0.0,4,2.3,18,0.223,2.21,0.0459
455,1243,11,119.4,97,3.85,22.0,7.27,1.498,3.417,-1.061,-3.458,5,2.51,2,1.01,17,0.711,1.1,0.0305
455,1243,12,119.2,102,11.48,47.18,16.82,1.53,5.102,-2.565,-7.468,6,3.02,6,3.02,25,0.598,2.81,0.0525
455,1243,13,116.5,151,34.1,60.48,24.03,1.329,6.0,-1.507,-7.102,10,5.15,11,5.67,52,0.232,5.7,0.1145
455,1243,14,110.4,224,36.98,57.15,17.15,1.191,6.0,-1.123,-6.398,13,7.07,20,10.87,79,0.054,8.21,0.2295
455,1243,15,119.1,208,56.68,69.24,19.0,0.443,1.491,-0.962,-8.0,9,4.53,0,0.0,33,0.072,5.29,0.1396
455,1243,16,78.9,123,37.32,63.14,19.08,1.485,6.0,-1.267,-5.787,10,7.6,13,9.89,51,0.106,6.46,0.109
455,1245,0,120.6,275,49.66,63.47,11.74,1.157,6.0,-1.448,-8.0,20,9.95,22,10.95,96,0.0,9.0,0.2879
455,1245,1,43.7,103,46.81,59.11,12.86,0.763,3.963,-1.209,-7.31,5,6.86,4,5.49,28,0.0,2.21,0.0234
455,1261,0,120.9,227,30.55,52.86,17.53,0.812,4.708,-0.883,-6.722,11,5.46,7,3.47,55,0.123,4.07,0.1281
455,1261,1,119.3,238,35.87,56.65,18.54,1.207,6.0,-1.155,-8.0,17,8.55,16,8.05,80,0.088,4.76,0.1551
455,1261,2,119.9,207,24.37,45.36,14.7,1.617,6.0,-1.319,-6.435,18,9.01,22,11.01,94,0.155,6.44,0.178
455,1261,3,120.0,257,40.45,52.75,13.07,0.9,6.0,-1.323,-8.0,12,6.0,12,6.0,98,0.043,3.11,0.0955
455,1261,4,120.1,219,30.41,57.01,16.12,1.268,6.0,-1.521,-8.0,25,12.49,18,8.99,109,0.082,5.56,0.1731
455,1261,5,120.1,169,27.86,50.88,18.28,0.694,4.704,-1.73,-8.0,19,9.49,1,0.5,55,0.249,6.07,0.1363
455,1261,6,120.5,206,24.6,51.76,17.66,1.335,6.0,-1.411,-8.0,17,8.46,16,7.97,69,0.189,3.38,0.1054
455,1261,7,119.8,254,54.04,68.38,11.55,0.904,6.0,-1.051,-8.0,6,3.01,12,6.01,72,0.0,11.35,0.3812
455,1261,8,120.0,257,55.19,67.09,10.06,1.092,6.0,-1.296,-8.0,10,5.0,14,7.0,98,0.0,9.35,0.3113
455,1261,9,119.6,261,52.2,67.11,20.36,0.989,5.944,-1.114,-8.0,11,5.52,12,6.02,65,0.015,7.02,0.2251
455,1261,10,120.0,230,48.33,66.04,22.5,0.659,6.0,-0.855,-4.824,9,4.5,2,1.0,43,0.1,2.54,0.0814
455,1261,11,120.1,241,43.54,68.78,20.66,1.489,6.0,-1.648,-8.0,21,10.49,20,9.99,106,0.091,7.09,0.2226
455,1261,12,49.5,76,27.26,50.53,20.3,2.046,6.0,-1.531,-8.0,4,4.85,11,13.33,33,0.263,4.79,0.0532
455,1262,0,120.8,273,52.17,76.93,17.09,1.431,6.0,-1.756,-8.0,22,10.93,36,17.88,145,0.0,7.62,0.2701
455,1262,1,46.8,102,51.27,74.08,14.2,1.445,6.0,-1.834,-7.954,15,19.23,11,14.1,62,0.0,3.99,0.0527
455,1263,0,120.2,268,68.86,84.83,9.22,1.001,6.0,-0.721,-4.935,5,2.5,14,6.99,82,0.0,6.71,0.2221
455,1263,1,120.7,270,67.65,76.92,3.63,0.661,2.824,-0.737,-3.38,9,4.47,6,2.98,72,0.0,7.72,0.2599
455,1263,2,110.4,166,37.83,64.51,24.06,1.402,6.0,-2.316,-8.0,28,15.22,12,6.52,81,0.151,2.87,0.0567
455,1263,3,119.9,194,47.81,74.5,23.37,1.485,6.0,-1.289,-7.13,5,2.5,27,13.51,63,0.108,10.14,0.25
455,1263,4,120.2,238,59.77,76.52,21.79,1.313,6.0,-1.403,-8.0,21,10.48,15,7.49,72,0.055,5.34,0.1762
455,1263,5,15.5,32,32.64,42.29,6.18,2.059,6.0,-1.664,-8.0,5,19.35,5,19.35,23,0.0,3.55,0.0136
455,1292,0,106.8,113,35.64,63.96,25.69,0.708,2.296,-1.965,-8.0,17,9.55,1,0.56,44,0.265,1.3,0.0309
455,1292,1,122.4,193,41.67,61.42,20.02,1.462,6.0,-1.711,-8.0,7,3.43,19,9.31,64,0.114,9.36,0.2437
455,1292,2,119.7,196,28.01,61.57,19.17,1.579,6.0,-1.278,-4.769,24,12.03,16,8.02,92,0.128,3.23,0.0872
455,1292,3,119.7,256,31.07,49.92,12.44,1.146,6.0,-1.542,-6.269,32,16.04,16,8.02,127,0.039,4.7,0.1474
455,1292,4,107.5,152,35.24,54.94,18.55,1.259,6.0,-1.092,-8.0,6,3.35,9,5.02,43,0.138,2.1,0.0472
455,1304,0,120.2,196,29.04,50.99,19.21,1.274,6.0,-1.479,-7.5,10,4.99,14,6.99,61,0.219,6.27,0.1588
455,1304,1,120.7,263,39.41,52.67,9.86,0.739,6.0,-0.719,-5.792,5,2.49,12,5.97,45,0.0,4.5,0.1552
455,1304,2,119.4,182,31.2,60.06,23.12,1.153,6.0,-1.629,-8.0,13,6.53,7,3.52,47,0.258,1.58,0.0576
455,1304,3,119.3,217,31.51,47.61,13.8,0.678,3.204,-1.136,-8.0,11,5.53,4,2.01,58,0.111,8.45,0.2437
455,1304,4,121.2,181,22.14,46.22,15.83,1.265,6.0,-1.525,-8.0,11,5.45,20,9.9,75,0.21,4.17,0.1139
455,1304,5,119.5,215,38.43,62.89,16.28,1.051,6.0,-1.578,-8.0,16,8.03,18,9.04,86,0.051,9.22,0.2994
455,1304,6,120.6,174,52.33,69.33,10.72,0.676,6.0,-0.84,-4.745,8,3.98,6,2.99,24,0.0,9.11,0.3095
455,1304,7,119.8,180,54.58,71.91,13.27,0.87,6.0,-1.076,-8.0,10,5.01,7,3.51,32,0.0,8.13,0.2944
455,1304,8,120.0,173,58.52,71.82,17.19,0.623,6.0,-0.782,-4.824,6,3.0,3,1.5,17,0.0,5.34,0.1655
455,1304,9,85.8,144,42.66,73.21,21.8,1.074,6.0,-1.834,-8.0,5,3.5,13,9.09,44,0.104,9.56,0.1957
455,1306,0,120.8,275,43.74,67.75,15.2,1.251,6.0,-1.438,-6.889,20,9.93,31,15.4,130,0.0,10.63,0.3466
455,1306,1,119.7,187,34.91,67.6,26.82,1.768,6.0,-1.448,-8.0,20,10.03,10,5.01,66,0.278,5.03,0.1368
455,1306,2,120.1,227,37.53,65.31,22.12,0.996,4.722,-0.993,-5.204,10,5.0,9,4.5,64,0.15,6.09,0.1852
455,1306,3,120.2,240,31.41,57.12,16.22,1.217,6.0,-1.023,-5.509,13,6.49,24,11.98,97,0.083,6.85,0.2207
455,1306,4,119.6,166,33.71,83.88,31.78,1.457,6.0,-2.978,-8.0,7,3.51,14,7.02,47,0.416,12.99,0.2885
455,1306,5,69.6,146,67.68,87.99,18.2,1.286,6.0,-1.554,-7.963,14,12.07,12,10.34,75,0.0,6.84,0.1334
455,1310,0,120.9,274,41.0,58.12,12.67,0.857,5.366,-1.146,-8.0,11,5.46,13,6.45,75,0.0,7.01,0.2323
455,1310,1,119.7,278,45.28,60.09,15.24,0.618,4.144,-0.919,-5.583,12,6.02,7,3.51,62,0.0,9.69,0.3263
455,1310,2,120.0,274,45.87,62.37,11.04,0.638,3.148,-1.004,-3.505,15,7.5,5,2.5,51,0.0,6.28,0.212
455,1310,3,120.2,276,25.53,44.28,8.42,1.171,6.0,-1.286,-7.958,23,11.48,24,11.98,115,0.0,2.21,0.0791
455,1310,4,119.9,278,27.31,37.83,8.73,0.901,5.954,-1.358,-8.0,24,12.01,17,8.51,97,0.0,3.2,0.1169
455,1310,5,119.7,272,30.36,49.81,10.74,1.009,4.69,-1.646,-8.0,20,10.03,28,14.04,100,0.0,8.77,0.2888
455,1310,6,119.9,247,32.41,55.89,14.64,1.321,6.0,-1.385,-7.5,21,10.51,22,11.01,99,0.065,5.43,0.1811
455,1320,0,120.9,215,46.71,65.49,19.9,1.295,6.0,-1.552,-8.0,16,7.94,20,9.93,91,0.079,4.51,0.1331
455,1320,1,67.8,152,46.52,65.41,14.88,1.468,6.0,-1.875,-8.0,17,15.04,15,13.27,76,0.0,3.7,0.0692
455,1323,0,120.9,233,44.71,71.43,18.7,1.135,6.0,-1.861,-8.0,28,13.9,17,8.44,102,0.056,5.38,0.1579
455,1323,1,55.1,123,51.47,65.41,17.09,1.24,6.0,-1.281,-5.769,10,10.89,11,11.98,53,0.0,4.08,0.0823
455,1338,0,120.2,225,27.57,66.98,22.56,1.407,6.0,-1.379,-8.0,23,11.48,14,6.99,93,0.12,0.68,0.0307
455,1338,1,120.7,262,52.78,69.69,13.01,1.158,6.0,-1.183,-6.935,16,7.95,25,12.43,118,0.0,7.92,0.2792
455,1338,2,119.5,217,38.52,63.92,21.96,1.15,6.0,-2.036,-8.0,28,14.06,13,6.53,98,0.143,0.52,0.0184
455,1338,3,119.7,190,49.35,69.18,23.35,1.298,6.0,-1.634,-8.0,12,6.02,16,8.02,73,0.089,2.83,0.0737
455,1338,4,53.3,43,5.95,27.07,9.03,2.132,6.0,-2.41,-4.556,3,3.38,4,4.5,16,0.581,3.26,0.0209
455,1339,0,120.9,266,25.21,61.52,17.28,1.399,6.0,-1.624,-8.0,33,16.38,22,10.92,134,0.075,2.66,0.0849
455,1339,1,120.0,58,0.0,0.0,0.0,0.0,0.0,0.0,0.0,0,0.0,0,0.0,0,1.0,0.54,0.0186
455,1339,2,119.3,86,4.78,16.31,5.65,1.388,5.046,-0.879,-3.741,2,1.01,6,3.02,23,0.535,1.08,0.0217
455,1339,3,120.7,257,41.56,84.87,28.8,1.734,6.0,-1.338,-8.0,16,7.95,37,18.39,139,0.031,8.26,0.2888
455,1339,4,118.0,220,38.87,77.46,19.54,1.759,6.0,-1.965,-8.0,35,17.8,24,12.2,130,0.073,2.23,0.0495
455,1339,5,122.0,165,19.21,51.16,19.13,1.623,6.0,-2.493,-8.0,18,8.85,15,7.38,71,0.285,4.63,0.1052
455,1339,6,119.3,239,51.52,82.96,24.74,1.584,6.0,-1.636,-8.0,25,12.57,33,16.6,121,0.054,9.39,0.2824
455,1339,7,120.7,219,34.15,60.6,20.85,1.263,6.0,-1.571,-8.0,20,9.94,19,9.44,83,0.1,3.72,0.1053
455,1339,8,119.8,191,21.77,49.15,14.39,1.811,6.0,-1.372,-8.0,19,9.52,28,14.02,93,0.173,5.0,0.1285
455,1339,9,120.2,242,40.35,68.23,16.48,1.241,6.0,-1.559,-8.0,18,8.99,22,10.98,120,0.037,6.22,0.193
455,1339,10,119.3,269,49.7,64.71,14.37,0.961,6.0,-0.998,-8.0,14,7.04,14,7.04,92,0.0,5.5,0.1825
455,1339,11,120.1,192,33.76,74.05,19.1,1.816,6.0,-2.269,-8.0,23,11.49,29,14.49,107,0.094,6.95,0.1769
455,1339,12,118.2,140,37.5,77.46,34.08,0.536,1.595,-1.953,-8.0,16,8.12,0,0.0,43,0.379,-1.15,-0.0081
455,1339,13,120.6,254,30.19,57.85,18.1,1.436,6.0,-1.343,-8.0,27,13.43,25,12.44,116,0.055,5.87,0.1882
455,1339,14,118.1,210,23.36,41.05,10.89,1.146,6.0,-1.198,-5.315,21,10.67,15,7.62,94,0.1,3.29,0.0891
455,1339,15,123.2,201,29.41,54.0,15.02,1.419,6.0,-1.315,-5.565,21,10.23,20,9.74,98,0.095,2.92,0.0794
455,1339,16,120.1,194,31.39,68.69,23.67,1.368,6.0,-1.012,-8.0,5,2.5,16,7.99,67,0.155,5.82,0.149
455,1339,17,109.0,158,42.58,60.76,20.56,0.436,1.398,-1.361,-6.898,10,5.5,0,0.0,37,0.146,0.49,0.0121
455,1339,18,71.6,138,48.18,64.87,18.77,1.503,6.0,-0.746,-2.954,3,2.51,15,12.57,42,0.072,8.53,0.1494
455,1340,0,120.7,254,38.6,55.29,15.15,1.038,6.0,-1.298,-6.895,19,9.44,13,6.46,93,0.024,4.03,0.1443
455,1340,1,119.4,231,31.08,56.69,17.93,1.804,6.0,-1.683,-8.0,24,12.06,24,12.06,108,0.074,3.18,0.0989
455,1340,2,89.6,134,30.72,54.2,17.93,1.203,6.0,-1.583,-8.0,13,8.71,11,7.37,62,0.157,5.09,0.0946
455,1360,0,120.7,234,32.86,54.47,15.9,1.441,6.0,-1.652,-8.0,24,11.93,20,9.94,109,0.047,2.94,0.0908
455,1360,1,17.5,36,16.11,32.33,10.12,1.69,6.0,-2.144,-8.0,9,30.86,3,10.29,21,0.167,1.04,0.0045
455,1363,0,108.9,200,23.28,53.62,14.9,0.953,6.0,-1.804,-8.0,28,15.43,6,3.31,80,0.09,3.48,0.1001
455,1363,1,110.1,207,28.44,49.73,12.9,1.416,6.0,-1.515,-8.0,16,8.72,23,12.53,105,0.063,4.64,0.1202
455,1363,2,119.8,202,25.05,42.14,13.45,1.072,5.278,-1.171,-8.0,15,7.51,10,5.01,76,0.099,0.55,0.017
455,1363,3,119.4,274,41.94,54.97,9.46,0.722,5.481,-0.787,-4.676,8,4.02,8,4.02,64,0.0,4.11,0.1359
455,1363,4,101.6,113,13.06,36.18,13.35,1.478,6.0,-1.263,-5.005,9,5.31,9,5.31,39,0.345,0.43,0.0097
455,1363,5,116.6,201,33.81,55.9,19.85,0.781,6.0,-1.36,-8.0,13,6.69,6,3.09,60,0.09,2.17,0.0594
455,1363,6,86.8,99,9.8,25.36,7.29,1.603,6.0,-1.706,-8.0,7,4.84,12,8.29,40,0.232,1.66,0.025
455,1373,0,120.7,268,82.22,94.08,11.74,1.1,6.0,-0.848,-8.0,6,2.98,12,5.97,71,0.0,10.55,0.3626
455,1380,0,120.2,265,41.26,63.75,17.48,1.282,6.0,-1.655,-8.0,30,14.98,25,12.48,123,0.053,6.27,0.2298
455,1380,1,120.7,164,38.09,70.58,28.59,1.453,6.0,-1.293,-8.0,8,3.98,14,6.96,51,0.262,10.01,0.2383
455,1380,2,119.8,261,46.29,63.91,15.28,1.001,6.0,-1.215,-6.898,19,9.52,9,4.51,98,0.0,8.2,0.2695
455,1380,3,108.3,200,41.01,59.31,19.11,0.92,6.0,-1.7,-8.0,16,8.86,10,5.54,71,0.1,2.66,0.08
455,1380,4,75.9,140,31.25,59.74,20.16,1.497,6.0,-2.397,-8.0,19,15.02,18,14.23,76,0.129,6.43,0.1189
455,1383,0,120.3,266,87.95,106.07,22.72,0.797,4.63,-0.692,-5.338,4,2.0,15,7.48,43,0.0,20.88,0.7034
455,1383,1,120.0,269,83.85,109.82,31.97,1.211,6.0,-1.191,-6.639,17,8.5,12,6.0,71,0.033,7.5,0.2472
455,1383,2,110.8,120,6.92,52.33,11.55,1.847,6.0,-3.004,-8.0,15,8.12,4,2.17,34,0.658,0.28,0.0254
455,1384,0,120.8,267,56.39,73.36,15.17,0.968,6.0,-1.178,-6.63,16,7.95,20,9.93,113,0.0,9.27,0.3189
455,1384,1,120.1,252,47.67,67.54,17.56,1.276,6.0,-2.166,-8.0,31,15.49,29,14.49,126,0.056,9.37,0.3006
455,1384,2,100.7,226,47.75,63.2,12.73,1.56,6.0,-1.821,-8.0,29,17.28,27,16.09,127,0.0,6.0,0.1794
455,1402,0,120.1,252,53.96,70.78,15.7,0.796,5.648,-0.984,-5.824,18,8.99,7,3.5,58,0.012,5.24,0.1787
455,1402,1,120.2,250,41.73,62.25,15.34,1.152,6.0,-1.436,-8.0,16,7.99,21,10.48,109,0.024,5.87,0.2014
455,1402,2,119.7,269,28.35,43.05,7.26,1.305,6.0,-1.432,-8.0,20,10.03,29,14.54,124,0.0,5.65,0.1762
455,1402,3,70.8,160,26.12,42.6,10.48,1.181,4.222,-1.303,-8.0,13,11.02,10,8.47,66,0.0,4.34,0.0812
455,1405,0,120.3,267,60.97,72.18,9.48,0.67,4.88,-1.286,-8.0,17,8.48,4,2.0,82,0.0,3.96,0.126
455,1405,1,119.4,231,48.82,66.51,18.97,1.182,6.0,-1.603,-8.0,20,10.05,13,6.53,99,0.065,4.37,0.1477
455,1405,2,120.5,164,32.82,59.39,25.61,1.095,5.741,-0.422,-1.454,0,0.0,11,5.48,25,0.323,8.7,0.2023
455,1405,3,119.3,264,55.17,74.33,21.65,0.37,1.597,-1.125,-8.0,13,6.54,0,0.0,49,0.049,6.72,0.2171
455,1405,4,119.6,127,10.86,42.61,15.07,1.357,6.0,-2.473,-8.0,11,5.52,11,5.52,35,0.535,2.65,0.0596
455,1405,5,121.2,95,15.65,54.65,19.79,1.383,6.0,-1.364,-3.5,1,0.5,8,3.96,22,0.495,7.28,0.0997
455,1405,6,119.3,237,41.9,62.38,17.08,0.722,4.657,-1.082,-7.19,19,9.56,6,3.02,64,0.03,4.33,0.1455
455,1405,7,121.3,212,44.79,66.32,22.45,1.087,6.0,-0.988,-8.0,5,2.47,14,6.92,62,0.09,7.16,0.1932
455,1405,8,119.9,198,38.59,59.06,19.97,1.049,5.185,-1.467,-8.0,12,6.01,13,6.51,54,0.091,4.93,0.1193
455,1406,0,120.8,253,44.65,67.18,19.52,0.955,6.0,-1.196,-8.0,11,5.46,15,7.45,70,0.063,9.41,0.3201
455,1406,1,107.5,214,45.59,74.74,20.83,1.183,6.0,-1.956,-8.0,29,16.19,14,7.81,90,0.079,4.76,0.1306
455,1406,2,109.5,219,57.18,74.09,16.9,1.03,6.0,-0.965,-2.912,7,3.84,15,8.22,63,0.032,12.18,0.337
455,1406,3,120.4,213,57.79,82.51,26.64,1.176,6.0,-1.382,-5.463,17,8.47,17,8.47,66,0.07,11.25,0.309
455,1406,4,68.2,101,44.58,80.23,33.24,1.525,6.0,-1.959,-8.0,13,11.44,6,5.28,36,0.198,3.42,0.0422
455,1409,0,108.7,190,27.73,46.6,12.86,1.378,6.0,-1.193,-5.468,19,10.49,15,8.28,80,0.095,4.09,0.1039
455,1409,1,120.3,187,36.01,60.3,22.33,1.592,6.0,-1.256,-8.0,19,9.48,15,7.48,82,0.15,5.68,0.1298
455,1409,2,120.4,225,51.54,77.19,23.18,1.475,6.0,-1.788,-8.0,22,10.96,27,13.46,103,0.04,8.11,0.2348
455,1409,3,119.2,272,62.33,75.88,9.49,0.874,5.898,-0.969,-4.954,15,7.55,10,5.03,82,0.0,8.75,0.2955
455,1409,4,100.1,184,60.73,85.07,26.9,1.188,6.0,-1.916,-8.0,24,14.39,9,5.39,87,0.076,7.9,0.1871
455,1410,0,118.0,262,60.06,81.22,20.56,1.374,6.0,-1.375,-8.0,23,11.69,24,12.2,113,0.019,7.78,0.2747
455,1410,1,113.0,130,33.61,61.5,19.06,1.439,6.0,-1.085,-5.019,7,3.72,17,9.03,54,0.123,7.77,0.143
455,1410,2,120.8,273,60.81,72.91,9.88,0.7,4.259,-0.785,-5.343,7,3.48,6,2.98,61,0.0,2.91,0.098
455,1410,3,100.9,236,48.09,59.58,7.67,0.575,2.685,-0.866,-5.903,11,6.54,4,2.38,59,0.0,2.1,0.0558
455,1413,0,120.9,270,71.68,90.12,18.39,1.079,6.0,-1.26,-8.0,14,6.95,17,8.44,107,0.0,15.15,0.4937
455,1413,1,119.5,110,24.71,74.16,31.12,0.0,0.0,-2.546,-8.0,13,6.53,0,0.0,28,0.555,-0.91,0.0199
455,1413,2,120.0,147,36.36,72.06,28.32,2.223,6.0,-1.802,-8.0,12,6.0,20,10.0,62,0.259,8.13,0.1613
455,1413,3,120.3,270,66.22,82.69,18.99,1.363,6.0,-0.983,-7.481,11,5.49,24,11.97,84,0.0,12.35,0.4045
455,1413,4,80.1,138,40.23,68.23,22.39,1.886,6.0,-1.542,-7.435,18,13.48,13,9.74,69,0.094,2.72,0.0496
455,1418,0,120.9,249,45.49,75.83,19.3,1.396,6.0,-1.304,-8.0,20,9.93,26,12.9,126,0.02,7.95,0.2546
455,1418,1,119.3,251,30.91,72.85,16.15,2.016,6.0,-2.258,-8.0,35,17.6,32,16.09,142,0.028,2.25,0.0702
455,1418,2,120.6,253,51.15,70.81,17.09,1.277,6.0,-2.009,-8.0,33,16.42,20,9.95,131,0.024,6.75,0.2366
455,1418,3,119.5,264,63.8,77.26,13.87,0.909,5.204,-0.838,-8.0,6,3.01,19,9.54,67,0.0,11.74,0.3941
455,1418,4,19.7,45,86.2,90.07,3.78,0.464,1.171,-1.069,-1.954,0,0.0,0,0.0,7,0.0,6.95,0.039
455,1418,9,20.2,45,73.72,85.85,6.37,0.296,0.708,-0.925,-4.398,4,11.88,0,0.0,10,0.0,10.17,0.0597
455,1418,10,109.9,244,69.86,87.47,22.18,0.779,6.0,-1.547,-8.0,21,11.46,7,3.82,69,0.033,7.46,0.2181
455,1418,11,121.1,225,61.33,78.67,21.54,1.125,6.0,-1.434,-8.0,12,5.95,16,7.93,84,0.031,6.88,0.199
455,1418,12,111.5,240,52.76,65.49,9.48,1.161,6.0,-1.511,-8.0,20,10.76,20,10.76,111,0.0,6.88,0.2221
455,1421,0,120.9,262,46.95,68.06,17.05,0.985,6.0,-1.757,-8.0,20,9.93,21,10.42,95,0.031,5.74,0.1991
455,1421,1,95.7,198,44.5,60.74,16.07,1.674,6.0,-2.042,-8.0,20,12.54,23,14.42,98,0.025,5.09,0.1382
455,1424,0,118.1,185,44.61,68.38,25.86,0.923,4.488,-1.763,-8.0,15,7.62,10,5.08,56,0.157,7.08,0.1777
455,1424,1,122.1,241,70.35,111.71,31.2,1.328,6.0,-1.293,-8.0,9,4.42,35,17.2,117,0.029,18.16,0.5778
455,1424,2,120.2,275,73.11,110.06,32.59,1.119,6.0,-1.436,-8.0,26,12.98,13,6.49,111,0.0,-0.74,-0.0197
455,1424,3,59.6,130,36.95,52.51,13.92,0.917,6.0,-1.655,-8.0,19,19.13,8,8.05,60,0.0,6.66,0.1058
455,1427,0,120.6,255,39.39,59.66,15.09,1.177,6.0,-1.665,-8.0,22,10.95,20,9.95,116,0.031,4.31,0.1295
455,1427,1,120.2,189,28.6,54.52,21.4,1.308,6.0,-1.546,-8.0,18,8.99,9,4.49,81,0.159,1.9,0.057
455,1427,2,119.5,206,27.32,45.31,12.84,1.424,6.0,-1.503,-8.0,20,10.04,18,9.04,101,0.078,4.22,0.1243
455,1427,3,119.9,224,17.65,40.79,12.72,1.417,6.0,-1.729,-8.0,20,10.01,32,16.01,112,0.134,2.35,0.0603
455,1427,4,107.5,115,14.85,33.68,9.88,1.057,6.0,-0.991,-3.87,9,5.02,2,1.12,35,0.2,-0.17,0.0078
455,1427,5,123.3,62,0.0,0.0,0.0,0.0,0.0,0.0,0.0,0,0.0,0,0.0,0,1.0,0.27,0.008
455,1427,6,109.9,134,6.4,22.74,6.76,1.182,4.361,-1.439,-8.0,8,4.37,11,6.01,36,0.388,0.37,0.015
455,1427,7,119.6,152,19.15,38.65,14.11,1.598,6.0,-1.953,-8.0,18,9.03,16,8.03,73,0.257,4.34,0.0856
455,1427,8,120.3,220,28.89,50.7,16.25,1.184,6.0,-1.734,-8.0,19,9.48,23,11.47,86,0.091,4.57,0.1277
455,1427,9,119.6,168,14.22,38.13,12.1,1.268,5.204,-2.608,-8.0,18,9.03,18,9.03,79,0.244,0.55,0.016
455,1427,10,120.6,212,36.33,50.87,14.18,0.959,6.0,-1.119,-5.741,13,6.47,13,6.47,62,0.057,4.07,0.1193
455,1427,11,82.6,97,33.21,51.4,20.63,0.45,1.213,-1.409,-7.028,8,5.81,0,0.0,23,0.237,-0.01,0.0009
455,1427,12,57.1,95,46.29,64.28,20.4,1.05,5.676,-0.219,-0.444,0,0.0,9,9.46,21,0.063,9.99,0.1301
455,1429,0,118.3,214,42.44,66.41,19.82,1.213,6.0,-1.723,-8.0,29,14.71,20,10.14,108,0.061,5.6,0.1638
455,1429,1,122.6,240,42.76,66.59,19.2,1.221,6.0,-1.404,-8.0,16,7.83,20,9.79,96,0.058,7.43,0.2221
455,1429,2,33.4,74,53.68,58.81,3.57,0.594,1.648,-0.857,-3.694,3,5.39,0,0.0,23,0.0,6.75,0.0646
455,1435,0,119.2,210,37.67,63.3,18.89,1.034,6.0,-1.513,-8.0,14,7.05,11,5.54,71,0.11,1.29,0.0332
455,1435,1,121.1,250,34.95,58.11,14.39,1.623,6.0,-1.639,-8.0,32,15.85,33,16.35,125,0.032,4.1,0.1308
455,1435,2,108.6,195,29.6,46.6,14.43,1.599,6.0,-1.085,-5.741,17,9.39,19,10.5,83,0.092,4.37,0.1112
455,1435,3,110.1,228,40.38,56.09,12.03,0.841,6.0,-0.847,-4.694,4,2.18,13,7.08,56,0.039,2.07,0.0552
455,1435,4,121.0,198,33.49,60.73,20.12,1.32,6.0,-1.948,-8.0,21,10.41,17,8.43,86,0.141,3.03,0.0889
455,1435,5,102.5,223,31.05,63.49,21.79,0.721,5.074,-0.92,-4.204,19,11.12,6,3.51,55,0.018,2.15,0.0585
455,1453,0,120.7,203,31.36,61.87,20.57,1.311,6.0,-1.362,-6.69,13,6.46,21,10.44,76,0.187,7.62,0.2011
455,1453,1,119.9,240,34.77,61.96,16.4,1.023,6.0,-0.886,-8.0,8,4.0,16,8.01,87,0.05,2.53,0.0724
455,1453,2,120.3,267,42.5,60.96,13.18,1.203,6.0,-1.008,-7.125,18,8.98,17,8.48,108,0.03,3.65,0.123
455,1453,3,119.5,232,40.38,60.02,17.4,1.296,6.0,-1.098,-8.0,15,7.53,12,6.03,61,0.06,3.82,0.1255
455,1453,4,120.1,252,51.11,72.6,20.23,1.163,6.0,-1.133,-7.796,12,6.0,20,9.99,101,0.04,8.82,0.2741
455,1453,5,17.3,40,40.29,61.34,11.86,1.309,2.676,-1.501,-8.0,12,41.62,1,3.47,23,0.0,-3.51,-0.0168
455,1457,0,120.6,272,64.93,88.1,18.39,1.128,6.0,-0.725,-4.796,9,4.48,23,11.44,69,0.0,9.51,0.3277
455,1457,1,119.6,256,41.65,64.92,17.09,1.185,6.0,-1.241,-5.972,26,13.04,15,7.53,103,0.031,2.32,0.0783
455,1457,2,120.0,217,41.91,53.49,12.3,0.786,6.0,-0.88,-7.713,6,3.0,6,3.0,62,0.0,5.62,0.1549
455,1457,3,61.7,137,50.9,71.83,22.51,1.334,6.0,-0.812,-6.769,3,2.92,14,13.61,53,0.044,9.28,0.1418
455,1461,0,117.2,130,37.2,67.05,27.54,1.635,6.0,-2.095,-8.0,15,7.68,9,4.61,54,0.292,4.56,0.083
455,1461,1,123.0,255,42.96,56.19,13.72,0.739,5.296,-0.814,-4.986,6,2.93,11,5.37,61,0.02,4.05,0.1306
455,1461,2,120.1,165,18.34,41.03,13.49,1.39,6.0,-1.046,-6.37,10,5.0,16,7.99,62,0.194,3.2,0.0726
455,1461,3,120.4,249,37.19,51.88,12.31,1.047,6.0,-1.328,-8.0,20,9.97,21,10.47,108,0.024,5.38,0.1643
455,1461,4,120.2,247,53.31,71.15,15.33,0.982,6.0,-1.459,-8.0,10,4.99,20,9.98,89,0.0,6.11,0.1979
455,1461,5,43.8,99,38.42,67.91,16.62,1.813,6.0,-2.568,-8.0,24,32.88,14,19.18,72,0.0,2.29,0.0254
455,1469,0,120.1,157,38.5,64.95,24.94,1.79,6.0,-2.435,-8.0,22,10.99,12,6.0,75,0.191,-1.23,-0.0128
455,1469,1,109.5,166,43.34,67.15,23.57,1.319,6.0,-1.687,-8.0,15,8.22,14,7.67,73,0.163,3.26,0.0674
455,1469,2,90.8,128,19.99,45.84,17.61,1.417,6.0,-1.253,-6.926,8,5.29,12,7.93,47,0.25,3.85,0.0698
455,1474,0,86.8,184,51.61,69.24,15.0,0.824,3.75,-0.958,-5.142,7,4.84,10,6.91,54,0.0,3.8,0.0995
455,1492,0,120.7,258,72.98,84.26,13.4,0.906,6.0,-0.584,-2.157,4,1.99,17,8.45,50,0.0,11.33,0.3657
455,1492,1,16.8,35,76.41,80.46,2.75,0.269,0.486,-0.482,-1.458,0,0.0,0,0.0,4,0.0,4.37,0.0195
455,1493,0,120.6,257,47.91,70.0,17.57,1.547,6.0,-2.152,-8.0,37,18.41,25,12.44,144,0.016,4.32,0.1376
455,1493,1,48.0,109,50.28,63.77,13.19,1.32,6.0,-1.672,-8.0,7,8.75,12,15.0,53,0.0,6.14,0.0909
455,1496,0,120.5,185,53.35,76.37,28.83,1.176,6.0,-1.0,-4.139,3,1.49,13,6.47,51,0.151,9.91,0.2342
455,1496,1,120.1,259,54.02,78.17,16.72,1.26,6.0,-1.667,-7.833,30,14.99,22,10.99,131,0.0,6.04,0.21
455,1496,2,115.5,249,48.65,67.78,17.55,1.595,6.0,-1.923,-8.0,25,12.99,27,14.03,131,0.024,6.89,0.1985
455,1509,0,120.9,258,49.74,73.32,17.45,1.423,6.0,-1.546,-8.0,32,15.88,22,10.92,133,0.027,6.85,0.2169
455,1509,1,119.7,258,58.05,78.55,18.01,1.22,6.0,-1.163,-7.88,8,4.01,23,11.53,108,0.0,9.09,0.3191
455,1509,2,120.3,223,61.73,79.88,22.53,1.018,6.0,-1.92,-8.0,16,7.98,12,5.99,76,0.054,7.93,0.2235
455,1509,3,67.2,155,69.21,91.9,16.99,0.741,5.56,-1.463,-6.037,10,8.93,6,5.36,46,0.0,9.01,0.1634
455,1509,9,120.3,264,72.95,91.92,21.87,1.226,6.0,-1.653,-8.0,29,14.46,15,7.48,112,0.019,5.86,0.1751
455,1509,10,120.3,205,51.3,82.49,26.46,1.411,6.0,-1.114,-5.975,12,5.99,28,13.97,78,0.063,6.41,0.1631
455,1509,11,119.6,256,53.17,73.27,20.31,0.948,6.0,-1.54,-8.0,14,7.02,17,8.53,90,0.016,6.47,0.2143
455,1509,12,82.4,191,54.15,71.83,17.24,1.271,6.0,-1.461,-8.0,16,11.65,18,13.11,82,0.0,6.31,0.1372
455,1510,0,120.2,246,52.71,70.41,21.01,1.422,6.0,-1.059,-4.907,19,9.48,20,9.98,95,0.028,7.13,0.2373
455,1510,1,99.5,212,57.51,72.59,17.17,0.546,4.611,-1.024,-5.958,8,4.82,3,1.81,41,0.0,6.76,0.1892
455,1511,0,120.4,272,66.59,85.56,17.67,1.027,5.014,-1.107,-6.046,13,6.48,23,11.46,92,0.0,7.67,0.2592
455,1511,1,120.4,249,50.83,73.27,20.51,1.877,6.0,-1.174,-8.0,18,8.97,27,13.46,109,0.028,4.05,0.1307
455,1511,2,119.4,229,52.2,70.51,21.42,1.63,6.0,-1.464,-8.0,21,10.55,14,7.04,94,0.048,3.94,0.1139
455,1511,3,120.0,258,50.16,63.74,12.05,0.968,6.0,-1.238,-7.204,22,11.0,12,6.0,75,0.0,3.8,0.1302
455,1511,4,120.0,172,26.13,44.56,15.49,1.662,6.0,-1.457,-5.949,18,9.0,16,8.0,74,0.174,4.8,0.1187
455,1516,0,120.8,222,57.25,69.49,18.05,1.057,6.0,-1.481,-8.0,8,3.97,13,6.46,54,0.045,12.71,0.3653
455,1516,1,117.0,135,45.99,70.14,29.19,0.327,1.204,-1.356,-8.0,10,5.13,0,0.0,23,0.252,2.22,0.048
455,1516,2,42.2,30,8.32,30.67,10.58,2.367,6.0,0.0,0.0,0,0.0,5,7.11,12,0.533,5.8,0.0209
455,1520,0,120.7,278,59.62,72.48,9.84,0.82,4.37,-0.814,-7.028,11,5.47,6,2.98,64,0.0,1.71,0.0758
455,1520,1,119.6,156,26.58,61.74,21.79,1.348,6.0,-1.423,-4.782,18,9.03,12,6.02,62,0.192,1.54,0.0354
455,1520,2,15.0,31,31.76,39.92,3.94,1.182,4.083,-1.26,-3.722,3,12.0,3,12.0,16,0.0,4.75,0.0178
455,1522,0,110.1,113,32.88,73.51,32.34,0.0,0.0,-1.612,-8.0,11,5.99,0,0.0,25,0.442,-1.15,0.0006
455,1522,1,119.8,251,22.04,61.25,13.14,1.679,6.0,-1.299,-8.0,18,9.02,33,16.53,123,0.012,4.35,0.135
455,1522,2,120.5,193,48.19,71.59,24.95,1.269,6.0,-1.563,-8.0,13,6.47,17,8.46,76,0.13,2.4,0.0691
455,1522,3,119.6,251,46.07,72.52,19.47,1.512,6.0,-1.508,-8.0,29,14.55,24,12.04,115,0.028,2.92,0.0795
455,1528,0,108.0,186,15.38,60.21,15.12,1.196,6.0,-1.517,-7.19,25,13.89,7,3.89,81,0.161,-1.05,-0.0267
455,1528,1,113.7,142,9.01,29.19,8.23,1.629,6.0,-1.393,-8.0,8,4.22,13,6.86,55,0.296,0.01,-0.0016
455,1528,2,125.7,109,11.19,32.91,12.8,1.274,6.0,-1.155,-3.796,6,2.86,5,2.39,27,0.413,0.04,-0.0016
455,1528,3,121.9,157,32.52,59.77,23.35,1.129,6.0,-1.628,-6.278,13,6.4,9,4.43,43,0.21,4.33,0.0854
455,1528,4,119.4,252,62.38,83.33,19.46,0.899,6.0,-0.832,-5.815,7,3.52,13,6.53,65,0.016,7.72,0.2395
455,1528,5,120.3,226,45.25,64.73,19.0,1.108,6.0,-1.394,-5.009,14,6.98,18,8.98,92,0.075,6.57,0.1783
455,1528,6,119.8,205,47.69,76.42,25.49,1.556,6.0,-1.331,-8.0,17,8.51,17,8.51,89,0.088,6.43,0.1603
455,1528,7,120.7,175,39.95,71.43,27.03,1.85,6.0,-2.316,-8.0,22,10.94,22,10.94,74,0.194,5.33,0.1279
455,1528,8,14.7,31,65.82,69.58,4.16,0.983,6.0,-0.415,-0.954,0,0.0,3,12.24,12,0.0,17.96,0.0757
455,1531,0,65.8,139,22.9,38.23,11.02,1.377,6.0,-1.523,-8.0,10,9.12,17,15.5,63,0.072,2.81,0.0466
455,1532,0,120.9,262,34.09,51.56,13.11,1.537,6.0,-1.62,-7.87,27,13.4,37,18.36,124,0.011,5.29,0.1774
455,1532,1,116.1,238,40.9,60.96,18.89,0.966,6.0,-1.16,-7.519,16,8.27,12,6.2,68,0.055,3.98,0.1186
455,1532,2,123.3,189,44.23,64.22,21.25,1.122,6.0,-0.87,-6.056,4,1.95,16,7.79,50,0.101,5.83,0.1437
455,1532,3,81.4,182,32.4,57.71,8.67,1.09,4.519,-1.027,-8.0,14,10.32,12,8.85,57,0.0,1.89,0.0486
455,1533,0,111.6,214,32.83,50.89,15.39,1.119,5.852,-1.029,-4.176,18,9.68,12,6.45,64,0.065,4.85,0.1186
455,1533,1,91.6,183,31.63,48.43,13.76,1.475,6.0,-1.036,-6.106,12,7.86,15,9.83,69,0.044,1.64,0.0355
455,1553,0,120.3,234,35.97,48.88,13.04,1.26,6.0,-1.369,-8.0,20,9.98,23,11.47,104,0.043,3.45,0.0936
455,1553,1,120.1,199,33.68,53.57,16.25,0.968,5.176,-1.322,-5.769,15,7.49,10,5.0,66,0.095,4.46,0.1112
455,1553,2,109.0,194,29.16,59.23,18.66,1.017,6.0,-1.572,-8.0,26,14.31,8,4.4,76,0.082,0.41,0.0121
455,1561,0,119.9,224,35.19,57.12,20.31,1.312,5.955,-1.828,-8.0,25,12.51,16,8.01,90,0.156,2.01,0.0622
455,1561,1,121.0,237,36.12,61.23,20.22,1.273,6.0,-1.276,-6.898,25,12.4,19,9.42,98,0.034,3.7,0.108
455,1561,2,120.0,208,29.48,54.77,17.2,1.18,6.0,-1.328,-7.861,12,6.0,19,9.5,76,0.111,4.75,0.1258
455,1561,3,69.1,84,20.62,42.99,15.41,1.485,6.0,-2.002,-7.88,10,8.68,8,6.95,39,0.214,0.54,0.0032
455,1562,0,120.7,145,42.2,69.7,26.34,1.16,5.111,-0.863,-2.866,4,1.99,11,5.47,32,0.159,2.77,0.0477
455,1562,1,119.7,266,42.52,65.93,17.42,0.946,6.0,-1.025,-5.472,15,7.52,9,4.51,69,0.019,4.83,0.1552
455,1562,2,57.4,127,23.85,36.6,9.56,1.034,6.0,-1.141,-6.75,11,11.5,6,6.27,42,0.031,2.37,0.036
455,1567,0,120.9,220,26.48,50.92,14.81,1.703,6.0,-2.122,-8.0,27,13.4,27,13.4,124,0.095,6.23,0.1612
455,1567,1,119.7,173,50.1,61.38,10.57,0.448,2.278,-1.073,-8.0,12,6.02,1,0.5,25,0.012,5.32,0.1677
455,1567,2,120.3,242,62.31,80.93,17.04,1.086,6.0,-0.861,-2.972,10,4.99,19,9.48,88,0.033,10.49,0.3178
455,1567,3,120.0,135,15.69,68.68,22.99,2.612,6.0,-2.606,-8.0,16,8.0,9,4.5,42,0.607,-0.66,0.0149
455,1567,4,54.9,115,57.69,83.08,25.46,1.132,6.0,-2.009,-8.0,15,16.39,8,8.74,53,0.043,5.19,0.0922
455,1573,0,120.7,263,74.15,90.11,9.89,0.787,5.222,-0.92,-3.398,12,5.97,6,2.98,90,0.0,8.07,0.264
455,1573,1,119.3,258,62.7,75.95,15.79,0.998,6.0,-1.319,-8.0,18,9.05,11,5.53,95,0.016,4.2,0.1407
455,1573,2,120.9,180,36.04,59.7,23.92,0.908,6.0,-1.275,-7.222,12,5.96,7,3.47,51,0.211,-1.8,-0.0451
455,1573,3,119.5,257,66.65,78.54,7.19,0.756,6.0,-0.513,-3.352,2,1.0,6,3.01,53,0.0,10.52,0.3441
455,1573,4,119.7,217,37.86,65.69,23.56,1.624,6.0,-1.351,-6.991,23,11.53,18,9.02,83,0.097,1.9,0.0473
455,1573,5,120.7,267,59.4,76.09,15.6,1.351,6.0,-1.279,-7.949,12,5.97,26,12.92,119,0.0,8.83,0.2938
455,1573,6,48.4,110,66.42,71.79,2.19,0.759,3.074,-0.508,-1.537,0,0.0,2,2.48,29,0.0,9.64,0.127
455,1575,0,120.1,191,44.03,66.03,25.84,0.779,5.759,-1.383,-8.0,11,5.5,5,2.5,48,0.209,0.56,0.0202
455,1575,1,120.4,258,40.33,62.57,19.1,1.249,6.0,-1.29,-8.0,18,8.97,24,11.96,117,0.054,4.71,0.1533
455,1575,2,30.3,68,28.36,43.63,10.73,0.706,3.032,-1.293,-6.977,5,9.9,1,1.98,25,0.0,-0.12,-0.0032
455,1582,0,120.4,194,44.38,70.93,23.64,1.398,6.0,-1.628,-7.218,16,7.97,21,10.47,78,0.098,4.74,0.1086
455,1582,1,34.4,80,62.27,65.14,2.1,0.545,3.259,-0.503,-1.898,0,0.0,2,3.49,16,0.0,5.86,0.0553
455,1586,0,120.0,251,42.35,70.97,18.04,1.372,6.0,-1.793,-8.0,18,9.0,31,15.5,128,0.036,5.81,0.1894
455,1586,1,120.9,179,44.26,69.21,22.29,1.638,6.0,-2.555,-8.0,22,10.92,27,13.4,99,0.084,7.3,0.175
455,1586,2,32.3,72,56.04,68.17,14.37,1.301,6.0,-1.409,-8.0,6,11.15,5,9.29,35,0.0,-2.29,-0.0241
455,1589,0,120.8,199,40.38,60.66,20.52,1.354,6.0,-1.085,-5.023,16,7.95,14,6.95,77,0.121,2.68,0.0732
455,1589,1,119.6,223,38.85,55.18,15.77,1.183,6.0,-1.69,-8.0,29,14.55,13,6.52,106,0.067,2.9,0.0832
455,1589,2,107.9,192,35.96,55.52,16.64,1.516,6.0,-1.403,-8.0,15,8.34,21,11.68,97,0.062,4.71,0.1202
455,1589,3,108.4,155,11.27,24.71,7.7,1.218,6.0,-1.704,-8.0,16,8.86,8,4.43,58,0.213,0.86,0.0265
455,1589,4,96.9,148,22.1,40.72,13.81,1.518,6.0,-2.926,-8.0,17,10.53,21,13.0,81,0.162,1.53,0.0333
455,1589,5,98.8,166,37.33,61.6,20.53,1.126,6.0,-1.872,-8.0,13,7.89,15,9.11,59,0.163,0.17,0.0073
455,1589,6,120.1,220,31.47,48.06,15.57,1.259,6.0,-1.544,-8.0,18,8.99,22,10.99,97,0.086,7.62,0.2136
455,1589,7,119.9,185,17.53,35.11,11.14,1.376,6.0,-1.975,-8.0,21,10.51,16,8.01,85,0.184,1.78,0.0483
455,1589,8,118.4,274,32.9,47.56,11.68,1.216,6.0,-1.404,-8.0,27,13.68,21,10.64,116,0.007,2.89,0.0992
455,1589,9,111.5,202,30.17,58.13,16.73,1.714,6.0,-2.156,-8.0,25,13.45,30,16.14,116,0.064,5.68,0.1389
455,1589,10,119.4,245,25.74,48.42,14.2,1.517,6.0,-1.897,-8.0,26,13.07,32,16.08,132,0.057,6.4,0.2106
455,1589,11,120.4,221,28.49,54.74,16.4,1.47,6.0,-1.83,-8.0,24,11.96,26,12.96,105,0.068,4.03,0.1166
455,1589,12,119.9,188,33.18,52.75,15.81,1.104,6.0,-1.146,-6.75,12,6.01,9,4.5,68,0.101,3.45,0.08
455,1589,13,120.0,272,39.23,59.83,10.79,0.826,6.0,-1.221,-8.0,22,11.0,13,6.5,87,0.0,2.04,0.0833
455,1589,14,104.2,209,30.31,51.24,14.32,1.463,6.0,-1.789,-8.0,32,18.43,22,12.67,106,0.081,2.07,0.0547
455,1589,15,80.5,61,11.87,46.2,15.42,2.012,6.0,0.0,0.0,0,0.0,14,10.43,25,0.508,6.74,0.0611
455,1589,16,31.3,71,57.32,61.43,3.6,0.487,1.981,-0.937,-2.12,2,3.83,0,0.0,12,0.0,6.2,0.0571
455,1591,0,120.3,129,27.35,59.12,22.53,1.564,6.0,-2.129,-8.0,14,6.98,14,6.98,53,0.287,4.48,0.0814
455,1591,1,21.2,37,35.0,52.48,19.29,0.0,0.0,-1.495,-6.694,9,25.47,0,0.0,14,0.081,-2.36,-0.0145
455,1593,0,120.3,178,39.71,69.31,23.39,1.115,6.0,-1.471,-8.0,12,5.99,16,7.98,67,0.129,7.44,0.1784
455,1593,1,120.3,204,14.43,49.55,11.37,1.298,6.0,-1.165,-8.0,18,8.98,15,7.48,80,0.162,0.93,0.0272
455,1593,2,119.6,223,48.26,106.97,37.82,1.307,6.0,-1.216,-8.0,8,4.01,27,13.55,99,0.076,15.05,0.4182
455,1593,3,118.8,216,51.25,110.31,46.54,0.902,4.444,-1.595,-8.0,27,13.64,7,3.54,81,0.148,1.57,0.0393
455,1593,4,106.4,113,6.49,24.17,8.31,1.01,3.574,-0.849,-3.481,2,1.13,4,2.26,20,0.531,1.68,0.0337
455,1593,5,123.6,96,9.12,29.57,11.17,2.074,6.0,-1.883,-8.0,5,2.43,5,2.43,26,0.552,2.14,0.0478
455,1593,6,120.2,208,20.52,50.45,14.48,1.931,6.0,-1.693,-8.0,25,12.48,27,13.48,118,0.154,2.07,0.0614
455,1593,7,105.1,199,46.05,71.43,21.45,1.112,6.0,-0.93,-5.778,11,6.28,14,7.99,82,0.075,7.27,0.1812
455,1593,8,44.8,96,71.16,83.9,10.69,1.41,6.0,-1.342,-6.843,7,9.38,9,12.05,48,0.0,7.59,0.1004
455,1594,0,107.8,215,60.36,82.23,27.08,0.969,6.0,-1.113,-6.468,13,7.24,6,3.34,57,0.084,5.86,0.1585
455,1594,1,120.5,259,60.89,79.99,18.43,1.103,6.0,-0.802,-3.759,10,4.98,12,5.98,56,0.008,6.94,0.2301
455,1594,2,119.6,262,44.78,64.73,16.77,1.219,6.0,-1.183,-6.898,18,9.03,24,12.04,87,0.019,7.14,0.2165
455,1594,3,73.0,165,56.22,68.07,13.18,0.788,5.019,-1.33,-8.0,12,9.86,4,3.29,41,0.0,2.55,0.0577
455,1595,0,120.6,220,39.45,55.5,16.16,0.617,3.741,-1.173,-8.0,19,9.45,2,1.0,66,0.073,2.08,0.0586
455,1595,1,108.2,233,33.21,47.52,8.88,1.271,6.0,-1.342,-6.139,26,14.42,22,12.2,116,0.0,3.41,0.1048
455,1596,0,98.5,191,48.42,68.21,21.33,0.907,5.463,-1.598,-8.0,14,8.53,9,5.48,67,0.073,0.36,0.0096
455,1596,1,119.4,244,40.49,60.71,16.03,1.428,6.0,-1.388,-8.0,17,8.54,28,14.07,116,0.02,3.78,0.1215
455,1596,2,39.6,85,25.59,40.58,9.36,1.339,5.667,-1.482,-5.935,12,18.18,10,15.15,55,0.0,1.42,0.0176
455,1600,0,120.7,224,61.01,81.99,23.75,1.624,6.0,-1.774,-8.0,19,9.44,31,15.41,98,0.045,8.3,0.2402
455,1600,1,50.7,111,69.41,72.88,3.0,0.287,1.343,-0.696,-3.278,2,2.37,0,0.0,17,0.0,6.4,0.0978
455,1601,0,120.4,233,45.13,63.82,17.88,1.199,6.0,-1.163,-5.574,15,7.48,20,9.97,86,0.069,6.65,0.204
455,1601,1,17.4,39,51.42,59.95,8.42,0.176,0.176,-0.887,-5.676,3,10.34,0,0.0,13,0.0,-9.09,-0.0464
455,1604,0,120.6,255,56.29,81.05,19.52,0.998,6.0,-1.281,-5.153,11,5.47,14,6.97,80,0.031,10.04,0.3536
455,1604,1,117.0,227,53.65,72.77,15.87,0.787,3.889,-1.179,-8.0,27,13.85,3,1.54,83,0.018,1.05,0.0476
455,1604,2,123.3,232,36.88,58.24,17.79,1.551,6.0,-1.417,-8.0,25,12.17,20,9.73,107,0.086,2.28,0.0756
455,1604,3,119.5,228,45.34,61.54,19.0,1.297,6.0,-0.923,-7.306,10,5.02,19,9.54,75,0.07,6.97,0.1975
455,1604,4,120.0,271,51.27,62.43,12.16,0.824,3.944,-1.28,-8.0,24,12.0,9,4.5,88,0.0,6.29,0.2108
455,1604,5,102.7,218,61.3,72.76,17.0,1.294,6.0,-0.675,-3.407,4,2.34,13,7.59,60,0.028,7.66,0.2227
455,1606,0,120.2,279,57.24,69.2,10.06,0.615,6.0,-1.224,-8.0,22,10.98,6,3.0,85,0.0,3.46,0.1214
455,1606,1,120.2,164,41.33,54.83,18.23,1.063,6.0,-0.74,-5.38,3,1.5,13,6.49,50,0.128,3.61,0.0734
455,1606,2,113.6,239,51.33,59.51,5.65,0.515,2.454,-0.698,-5.398,5,2.64,2,1.06,48,0.0,-1.27,-0.0546
455,1607,0,120.6,273,34.58,57.56,13.4,0.956,5.324,-1.181,-8.0,17,8.46,14,6.97,103,0.0,1.59,0.0517
455,1607,1,119.7,246,33.69,48.77,11.28,0.939,5.852,-0.868,-8.0,9,4.51,13,6.52,67,0.02,2.51,0.0756
455,1607,2,120.1,245,40.96,57.07,12.75,0.733,5.75,-0.803,-3.991,8,4.0,6,3.0,53,0.024,4.52,0.1486
455,1607,3,42.5,88,51.43,57.98,5.99,0.504,1.796,-0.595,-3.727,4,5.65,0,0.0,13,0.0,-3.69,-0.0409
455,1624,0,120.4,167,37.77,71.68,27.2,1.17,6.0,-1.828,-8.0,18,8.97,10,4.98,59,0.222,1.73,0.0524
455,1624,1,119.5,166,54.26,73.94,26.89,0.462,2.12,-1.581,-7.296,12,6.03,1,0.5,34,0.157,0.94,0.0231
455,1624,2,48.8,65,30.5,54.11,17.8,1.986,6.0,-2.042,-8.0,4,4.92,10,12.3,31,0.169,4.53,0.0406
455,1634,0,108.2,127,22.72,57.49,15.22,2.245,6.0,-1.563,-8.0,14,7.76,21,11.65,65,0.165,4.83,0.0788
455,1634,1,120.0,177,38.97,65.57,22.56,1.291,6.0,-1.175,-8.0,10,5.0,12,6.0,55,0.181,7.28,0.1629
455,1634,2,39.2,56,24.37,48.9,17.42,1.696,6.0,-1.748,-5.167,8,12.24,6,9.18,31,0.196,3.66,0.0318
455,1635,0,120.6,178,27.75,48.49,18.59,1.182,6.0,-1.362,-8.0,9,4.48,14,6.97,62,0.197,1.97,0.0422
455,1635,1,120.1,224,36.12,60.49,18.04,1.505,6.0,-2.134,-8.0,34,16.99,29,14.49,122,0.076,4.0,0.1301
455,1635,2,119.4,189,32.6,67.34,22.88,1.567,6.0,-1.234,-8.0,9,4.52,26,13.07,86,0.169,6.09,0.1487
455,1635,3,97.0,219,41.18,66.17,15.18,1.887,6.0,-2.269,-8.0,42,25.98,30,18.56,136,0.0,2.99,0.0836
455,1637,0,88.1,187,24.78,42.9,11.42,1.66,6.0,-1.986,-8.0,30,20.43,22,14.98,105,0.053,4.21,0.11
455,1641,0,117.0,230,51.57,72.85,20.54,0.621,3.861,-0.829,-3.718,11,5.64,4,2.05,58,0.048,2.32,0.0822
455,1641,1,123.0,130,11.78,29.31,9.02,1.497,6.0,-1.333,-6.074,8,3.9,8,3.9,51,0.262,3.62,0.0862
455,1641,2,108.8,227,34.35,55.26,18.6,1.354,6.0,-1.31,-7.889,17,9.38,19,10.48,98,0.062,4.27,0.1262
455,1641,3,120.0,252,51.72,66.61,10.87,0.822,5.287,-1.015,-5.13,13,6.5,7,3.5,98,0.0,4.48,0.1446
455,1641,4,120.6,147,28.63,51.4,20.16,1.018,4.75,-1.34,-6.63,6,2.99,8,3.98,32,0.245,0.99,0.0325
455,1641,5,119.8,133,19.61,52.04,18.13,1.949,6.0,-1.175,-6.028,10,5.01,9,4.51,40,0.361,1.94,0.0389
455,1641,6,119.9,221,39.01,69.05,22.82,1.381,6.0,-1.643,-8.0,27,13.51,15,7.51,112,0.072,1.23,0.0463
455,1641,7,120.2,250,41.88,60.26,15.38,1.317,6.0,-1.63,-8.0,26,12.98,26,12.98,134,0.04,4.84,0.1429
455,1641,8,27.0,62,27.09,43.07,11.66,1.814,6.0,-1.552,-8.0,6,13.33,10,22.22,40,0.0,5.89,0.038
455,1648,0,120.8,262,69.36,89.02,25.93,0.936,6.0,-1.891,-8.0,20,9.93,12,5.96,101,0.034,9.11,0.3086
455,1648,1,120.0,273,76.41,92.92,18.23,1.241,6.0,-0.901,-6.769,9,4.5,24,12.0,71,0.0,16.54,0.5622
455,1648,2,119.8,214,60.05,87.99,27.52,1.715,6.0,-1.291,-8.0,20,10.02,16,8.01,91,0.084,-1.47,-0.0178
455,1648,3,120.1,260,52.81,79.44,17.63,1.095,6.0,-1.651,-8.0,28,13.99,18,8.99,121,0.019,6.9,0.2238
455,1648,4,120.2,263,64.36,81.4,21.76,1.324,6.0,-1.815,-8.0,23,11.48,23,11.48,123,0.023,5.86,0.188
455,1648,5,119.4,249,56.31,84.67,25.28,1.426,6.0,-2.104,-8.0,24,12.06,34,17.09,129,0.052,8.53,0.2548
455,1648,6,119.9,270,94.9,109.36,15.91,0.714,3.769,-1.318,-8.0,19,9.51,5,2.5,100,0.0,2.66,0.0757
455,1648,7,119.0,213,37.86,60.64,19.4,1.537,6.0,-1.839,-8.0,27,13.61,24,12.1,114,0.08,5.51,0.1468
455,1652,0,108.2,192,41.34,74.96,21.25,1.298,6.0,-1.67,-8.0,24,13.31,13,7.21,94,0.109,2.57,0.0559
455,1652,1,105.4,140,23.34,66.46,23.38,2.001,6.0,-2.408,-8.0,21,11.95,18,10.25,71,0.243,5.79,0.1126
455,1652,2,31.1,71,68.77,81.87,16.24,1.843,6.0,-0.551,-1.843,0,0.0,15,28.94,36,0.0,21.19,0.1883
455,1656,0,120.6,215,24.26,52.88,14.56,1.184,5.255,-1.268,-7.181,17,8.46,15,7.46,82,0.112,3.91,0.1181
455,1656,1,118.4,78,4.77,25.99,7.98,0.0,0.0,-1.129,-4.06,5,2.53,0,0.0,12,0.692,0.36,0.0203
455,1656,2,98.4,46,0.0,0.0,0.0,0.0,0.0,0.0,0.0,0,0.0,0,0.0,0,1.0,0.7,0.0194
455,1656,3,99.7,53,0.0,0.0,0.0,0.0,0.0,0.0,0.0,0,0.0,0,0.0,0,1.0,0.62,0.0155
455,1656,4,119.3,248,30.83,54.33,14.14,1.396,6.0,-1.766,-8.0,29,14.59,24,12.07,128,0.048,3.9,0.1289
455,1656,5,117.6,193,39.25,56.91,18.7,1.061,6.0,-0.898,-5.259,9,4.59,10,5.1,55,0.119,3.94,0.1054
455,1656,6,123.0,175,37.6,60.6,19.67,1.407,6.0,-1.771,-8.0,12,5.85,21,10.24,82,0.12,7.27,0.1669
455,1656,7,120.0,269,45.65,54.62,6.31,0.442,1.954,-0.747,-5.38,7,3.5,0,0.0,46,0.0,3.64,0.1199
455,1656,8,119.5,259,43.67,59.38,12.32,1.009,6.0,-0.889,-8.0,7,3.51,15,7.53,92,0.027,1.69,0.042
455,1656,9,113.6,253,34.57,52.04,11.05,1.257,6.0,-1.899,-8.0,33,17.43,26,13.73,139,0.024,7.85,0.2272
455,1656,10,78.2,84,8.75,17.6,6.41,1.028,6.0,-0.486,-1.282,0,0.0,4,3.07,15,0.321,1.49,0.021
455,1656,11,120.1,245,29.3,68.75,18.22,1.495,6.0,-1.413,-8.0,18,8.99,25,12.49,100,0.016,4.5,0.1475
455,1656,12,102.4,208,47.22,64.56,20.86,1.242,6.0,-1.007,-5.926,9,5.27,14,8.2,70,0.048,7.76,0.2078
455,1656,13,120.4,264,60.24,69.54,8.12,0.818,6.0,-1.129,-8.0,15,7.48,10,4.98,84,0.0,6.73,0.2311
455,1656,14,116.4,229,44.48,70.65,21.86,1.065,6.0,-1.876,-8.0,32,16.49,15,7.73,107,0.066,2.13,0.0711
455,1656,15,16.5,37,12.91,22.42,5.94,1.311,4.981,-0.236,-0.236,0,0.0,4,14.55,14,0.054,3.63,0.0167
455,1661,0,120.9,258,49.84,71.21,17.58,1.604,6.0,-2.155,-8.0,33,16.38,32,15.88,145,0.019,5.88,0.2206
455,1661,1,47.6,113,45.96,66.89,15.38,1.642,6.0,-1.823,-8.0,14,17.65,13,16.39,63,0.0,1.85,0.0171
455,1675,0,120.8,259,75.6,86.68,10.14,0.945,5.741,-0.803,-4.037,10,4.97,12,5.96,86,0.0,9.99,0.3376
455,1675,1,119.9,240,41.19,72.45,27.27,0.731,6.0,-1.442,-8.0,19,9.51,9,4.5,86,0.042,2.79,0.0853
455,1675,2,120.2,183,8.44,20.57,5.7,1.072,6.0,-1.84,-8.0,20,9.98,12,5.99,77,0.191,1.09,0.0388
455,1675,3,106.6,184,46.05,68.36,25.1,1.373,6.0,-1.25,-8.0,10,5.63,16,9.01,59,0.114,3.31,0.0807
455,1675,4,114.1,151,14.72,34.59,11.64,1.532,6.0,-1.319,-7.213,12,6.31,13,6.84,62,0.232,2.09,0.0501
455,1675,5,128.9,98,14.19,48.87,16.6,1.796,6.0,-0.283,-0.88,0,0.0,10,4.65,24,0.5,5.71,0.0917
455,1675,6,120.0,266,64.7,76.46,6.93,0.747,4.981,-0.643,-2.88,4,2.0,7,3.5,78,0.0,8.03,0.2763
455,1675,7,119.0,132,14.42,57.69,18.66,1.211,3.463,-1.932,-8.0,21,10.59,4,2.02,57,0.364,-0.71,0.0065
455,1675,8,121.0,256,37.51,62.88,17.84,1.185,6.0,-1.583,-8.0,14,6.94,23,11.4,115,0.051,6.08,0.1995
455,1675,9,119.8,266,42.83,67.7,19.65,1.267,6.0,-1.401,-8.0,25,12.52,23,11.52,128,0.0,5.85,0.1846
455,1675,10,101.1,173,45.93,65.49,19.78,1.249,5.046,-1.738,-8.0,17,10.09,17,10.09,69,0.064,7.38,0.1618
455,1682,0,110.2,228,31.34,51.91,15.78,1.174,6.0,-1.375,-7.38,20,10.89,17,9.26,100,0.044,3.38,0.1089
455,1682,1,69.1,45,4.95,17.48,6.01,0.0,0.0,-1.1,-3.611,5,4.34,0,0.0,12,0.556,0.64,0.0178
455,1682,2,94.5,93,7.88,18.3,6.84,0.851,4.657,-0.465,-1.384,0,0.0,3,1.9,18,0.376,1.43,0.0318
455,1682,3,108.3,176,14.71,53.33,15.89,1.523,6.0,-1.185,-5.176,12,6.65,20,11.08,73,0.17,4.19,0.1094
455,1682,4,120.1,204,44.28,72.57,24.61,0.796,6.0,-1.171,-4.764,13,6.49,6,3.0,49,0.108,3.1,0.0921
455,1682,5,119.7,229,45.23,66.86,22.87,1.189,6.0,-1.403,-8.0,21,10.53,15,7.52,100,0.07,4.1,0.1269
455,1682,6,107.4,210,37.87,63.48,17.1,1.162,6.0,-1.18,-4.593,12,6.7,21,11.73,78,0.067,6.41,0.1689
455,1682,7,97.0,187,44.06,64.32,20.1,1.475,6.0,-1.184,-7.63,15,9.28,12,7.42,80,0.053,4.59,0.1021
455,1682,18,25.7,53,54.38,60.28,4.86,0.398,1.15,-0.655,-2.259,1,2.33,0,0.0,9,0.0,0.23,0.0151
455,1682,19,105.0,111,6.68,41.29,8.77,1.433,5.565,-1.502,-5.083,9,5.14,4,2.29,31,0.468,0.21,0.0171
455,1682,20,108.9,175,39.25,60.34,19.95,1.112,6.0,-1.085,-8.0,12,6.61,10,5.51,61,0.097,4.21,0.0991
455,1682,21,90.6,198,36.1,56.09,13.14,1.437,5.704,-1.079,-8.0,7,4.64,32,21.19,89,0.03,5.55,0.1308
455,1682,22,119.9,267,60.7,77.93,11.31,0.851,6.0,-0.867,-5.833,10,5.0,12,6.01,84,0.0,7.97,0.2536
455,1682,23,85.7,163,33.23,63.95,19.23,1.521,6.0,-1.862,-8.0,27,18.9,15,10.5,94,0.092,1.67,0.0379
455,1682,24,120.0,235,41.42,57.39,16.69,1.22,6.0,-1.586,-8.0,23,11.5,13,6.5,107,0.038,3.33,0.1001
455,1682,25,96.4,161,21.28,49.55,15.73,1.589,6.0,-2.072,-8.0,26,16.18,16,9.96,85,0.199,3.13,0.0742
455,1682,26,73.6,129,28.01,49.8,16.88,1.399,6.0,-1.718,-8.0,9,7.34,17,13.86,56,0.132,4.99,0.0889
455,1695,0,120.2,254,38.91,57.71,13.7,1.127,6.0,-1.462,-7.583,20,9.98,23,11.48,118,0.02,2.09,0.0754
455,1695,1,104.9,212,36.22,48.4,14.45,0.792,6.0,-1.465,-8.0,18,10.3,7,4.0,79,0.066,-0.77,-0.0136
455,1695,2,103.1,158,15.72,33.66,11.18,1.356,6.0,-1.124,-5.509,9,5.24,13,7.57,53,0.177,1.75,0.0425
455,1695,3,126.9,114,4.36,17.24,4.74,0.766,3.352,-1.456,-4.926,4,1.89,6,2.84,26,0.421,2.45,0.0586
455,1695,4,119.8,237,17.9,33.03,8.77,1.063,6.0,-0.858,-6.287,11,5.51,17,8.51,70,0.034,2.68,0.0843
455,1695,5,120.6,107,4.83,13.73,4.68,0.577,2.796,-0.654,-2.12,2,1.0,1,0.5,11,0.439,0.37,0.0218
455,1695,6,95.7,62,0.0,0.0,0.0,0.0,0.0,0.0,0.0,0,0.0,0,0.0,0,1.0,0.85,0.0231
455,1695,7,117.9,152,7.59,19.87,6.62,0.732,3.444,-0.668,-4.806,3,1.53,3,1.53,23,0.296,2.66,0.0686
455,1695,8,101.2,195,22.75,40.66,12.55,1.51,6.0,-1.681,-8.0,20,11.86,24,14.23,101,0.077,4.48,0.1155
455,1695,9,100.9,202,34.78,52.86,15.28,0.952,4.861,-0.929,-6.324,5,2.97,12,7.14,59,0.069,1.83,0.0493
455,1695,10,119.4,267,36.82,57.92,10.26,1.082,6.0,-1.307,-8.0,21,10.55,19,9.55,128,0.0,5.15,0.1667
455,1695,11,107.4,170,15.21,32.29,8.86,1.091,5.426,-0.998,-8.0,10,5.59,7,3.91,66,0.094,1.26,0.0342
455,1695,12,71.4,37,0.0,0.0,0.0,0.0,0.0,0.0,0.0,0,0.0,0,0.0,0,1.0,0.98,0.0196
455,1695,13,86.5,44,0.0,0.0,0.0,0.0,0.0,0.0,0.0,0,0.0,0,0.0,0,1.0,0.84,0.0194
455,1695,14,123.2,219,19.49,38.52,11.42,0.901,5.25,-1.558,-8.0,13,6.33,13,6.33,69,0.123,1.77,0.0653
455,1695,15,105.0,208,35.12,65.07,22.97,1.114,6.0,-1.279,-8.0,14,8.0,14,8.0,62,0.072,3.61,0.1032
455,1695,16,90.5,110,19.85,62.66,22.65,1.269,6.0,-1.605,-6.125,13,8.62,6,3.98,37,0.345,-1.54,-0.0201
455,1695,17,120.4,252,38.59,58.12,15.66,1.292,6.0,-1.258,-8.0,14,6.98,20,9.97,81,0.028,7.79,0.2608
455,1695,18,120.4,253,41.29,56.45,13.46,0.89,5.361,-0.979,-5.13,17,8.47,13,6.48,71,0.028,5.28,0.1651
455,1695,19,119.8,245,32.45,56.25,13.32,1.235,5.833,-1.539,-8.0,18,9.02,24,12.02,114,0.02,3.35,0.095
455,1695,20,97.2,206,34.96,56.89,15.2,1.81,6.0,-2.313,-8.0,34,20.99,22,13.58,122,0.044,2.35,0.0619
455,1695,21,71.9,102,38.9,60.35,23.9,1.416,6.0,-0.364,-0.769,0,0.0,13,10.85,35,0.167,8.57,0.1181
455,1716,0,120.3,259,65.42,74.03,6.68,0.872,4.843,-1.073,-6.574,13,6.48,12,5.99,106,0.0,6.21,0.2156
455,1716,1,35.9,74,20.22,40.41,12.33,1.781,6.0,-2.111,-8.0,10,16.71,13,21.73,44,0.095,1.5,0.0117
455,1720,0,120.9,238,55.28,84.42,27.44,1.644,6.0,-1.45,-8.0,22,10.92,29,14.39,97,0.071,10.95,0.3251
455,1720,1,119.1,169,51.05,79.06,28.97,0.534,2.343,-1.204,-6.935,8,4.03,1,0.5,34,0.207,-0.23,-0.0113
455,1720,2,120.0,236,87.02,116.23,35.02,1.154,6.0,-0.446,-1.556,0,0.0,25,12.5,83,0.055,23.75,0.695
455,1720,3,118.5,243,77.14,123.19,44.85,1.04,6.0,-2.089,-8.0,37,18.73,11,5.57,114,0.021,5.68,0.2004
455,1720,4,121.7,255,51.79,67.02,16.01,0.945,6.0,-1.037,-6.528,9,4.44,14,6.9,77,0.02,5.99,0.1756
455,1720,5,120.7,186,43.14,68.22,22.17,1.739,6.0,-1.745,-8.0,17,8.45,25,12.43,99,0.151,7.78,0.1803
455,1720,6,119.7,263,34.71,66.11,13.24,1.08,6.0,-1.649,-8.0,28,14.04,16,8.02,125,0.0,0.53,0.0348
455,1720,7,120.2,152,6.0,14.56,4.45,1.036,5.463,-1.238,-7.917,6,3.0,5,2.5,44,0.257,0.51,0.0074
455,1720,8,119.6,171,15.62,29.38,9.3,0.78,2.852,-0.637,-2.815,2,1.0,5,2.51,53,0.129,1.8,0.0408
455,1720,9,119.7,263,36.86,64.44,13.17,1.59,6.0,-1.351,-8.0,24,12.03,27,13.53,130,0.0,4.39,0.135
455,1720,10,120.5,199,48.39,69.47,23.51,1.425,6.0,-1.623,-8.0,15,7.47,15,7.47,80,0.131,5.88,0.1606
455,1720,11,119.8,177,43.58,67.34,23.7,1.81,6.0,-2.061,-8.0,24,12.02,16,8.01,83,0.107,1.27,0.0389
455,1720,12,119.8,226,60.46,109.17,31.28,1.934,6.0,-1.799,-8.0,25,12.52,35,17.53,118,0.053,16.63,0.4707
455,1720,13,120.7,263,110.3,115.69,3.08,0.407,1.222,-0.623,-5.694,4,1.99,0,0.0,51,0.0,14.75,0.4922
455,1720,14,30.1,67,77.85,98.75,17.7,0.0,0.0,-1.574,-7.13,17,33.89,0,0.0,40,0.0,-9.15,-0.0712
455,1722,0,107.5,209,43.06,69.01,21.27,1.789,6.0,-2.186,-8.0,31,17.3,21,11.72,106,0.081,1.77,0.0472
455,1722,1,65.7,144,50.8,63.02,12.14,1.212,6.0,-1.17,-6.694,6,5.48,16,14.61,64,0.0,3.28,0.0546
455,1727,0,120.1,262,48.69,76.09,20.51,1.31,6.0,-2.07,-8.0,24,11.99,24,11.99,113,0.027,5.63,0.1864
455,1727,1,80.0,181,42.75,61.82,14.32,1.46,6.0,-1.551,-8.0,12,9.0,18,13.5,88,0.0,5.58,0.1127
455,1735,0,120.7,256,48.45,67.14,16.08,1.037,6.0,-1.342,-8.0,15,7.46,19,9.44,82,0.016,6.39,0.2257
455,1735,1,109.6,205,34.18,58.29,16.9,1.461,6.0,-1.476,-8.0,21,11.5,18,9.85,85,0.049,2.87,0.0778
455,1735,2,111.1,201,28.22,48.23,14.93,0.989,6.0,-1.644,-8.0,23,12.42,11,5.94,84,0.119,2.87,0.0802
455,1735,3,119.8,265,39.24,55.73,10.15,1.001,6.0,-1.251,-8.0,16,8.01,17,8.51,109,0.0,0.76,0.0348
455,1735,4,47.0,74,18.36,36.85,12.49,1.39,6.0,-2.298,-7.194,8,10.21,10,12.77,37,0.203,5.12,0.0494
455,1738,0,120.6,222,39.31,61.26,20.57,1.349,6.0,-1.938,-8.0,17,8.46,24,11.94,99,0.099,3.8,0.1176
455,1738,1,68.7,151,26.52,40.63,7.17,1.74,6.0,-1.468,-8.0,19,16.59,21,18.34,90,0.0,3.56,0.074
455,1739,0,120.2,150,31.12,56.02,20.25,1.899,6.0,-1.44,-5.907,11,5.49,22,10.98,62,0.187,7.59,0.1537
455,1739,1,120.7,269,47.51,66.27,9.59,0.583,2.644,-0.654,-3.264,7,3.48,3,1.49,56,0.0,3.91,0.1228
455,1739,2,34.6,80,43.97,53.44,7.79,0.782,2.819,-0.978,-3.722,3,5.2,2,3.47,34,0.0,1.39,0.0165
455,1740,0,120.4,215,48.42,73.27,24.28,1.366,6.0,-1.737,-8.0,25,12.46,13,6.48,96,0.112,1.57,0.032
455,1740,1,64.7,131,44.34,64.03,19.51,1.843,6.0,-1.944,-8.0,14,12.98,23,21.33,77,0.046,5.98,0.1044
455,1751,0,120.8,253,60.16,79.16,20.9,1.108,6.0,-1.218,-7.843,12,5.96,18,8.94,77,0.032,8.06,0.2583
455,1751,1,73.3,137,56.09,79.89,29.14,1.191,6.0,-1.877,-8.0,16,13.1,7,5.73,53,0.095,2.5,0.0489
455,1752,0,120.5,246,65.0,85.88,23.87,1.564,6.0,-1.721,-8.0,17,8.46,30,14.94,106,0.028,9.5,0.2961
455,1752,1,119.7,261,64.6,84.76,16.12,0.818,6.0,-1.022,-8.0,12,6.02,7,3.51,92,0.0,5.86,0.1826
455,1752,2,119.4,240,42.17,70.44,18.03,1.713,6.0,-2.835,-8.0,41,20.6,38,19.1,149,0.046,2.49,0.0593
455,1752,3,67.6,148,48.51,67.1,15.49,1.311,6.0,-1.404,-5.898,12,10.65,16,14.2,55,0.007,6.52,0.125
455,1763,0,120.2,257,53.44,71.29,11.8,1.125,5.917,-1.051,-5.731,16,7.99,21,10.48,110,0.0,3.51,0.1266
455,1763,1,120.0,236,45.09,63.04,17.62,1.071,6.0,-1.423,-8.0,15,7.5,16,8.0,93,0.064,1.76,0.0508
455,1763,2,120.7,270,54.2,69.6,14.98,1.076,6.0,-1.144,-8.0,20,9.94,18,8.95,116,0.0,1.11,0.0555
455,1763,3,119.8,221,32.15,50.61,13.83,0.998,5.972,-1.051,-6.565,18,9.02,12,6.01,76,0.054,1.25,0.0305
455,1763,4,29.2,66,33.22,42.5,7.24,0.388,1.324,-0.26,-0.46,0,0.0,0,0.0,2,0.0,9.77,0.0798
455,1766,0,120.7,207,28.99,55.39,15.28,1.552,6.0,-1.367,-6.731,21,10.44,25,12.43,88,0.087,6.84,0.1958
455,1766,1,119.3,249,37.94,73.2,21.06,1.369,6.0,-1.591,-8.0,28,14.08,22,11.06,108,0.048,3.98,0.1458
455,1766,2,120.9,179,36.0,61.71,22.2,1.402,6.0,-1.422,-7.685,7,3.47,19,9.43,84,0.134,6.11,0.1505
455,1766,3,119.2,251,27.97,57.19,10.87,1.479,6.0,-1.397,-8.0,29,14.6,20,10.07,131,0.02,1.35,0.042
455,1779,0,120.6,256,55.08,77.81,23.47,1.869,6.0,-2.118,-8.0,33,16.42,29,14.43,133,0.0,3.46,0.1307
455,1779,1,119.7,271,54.82,76.12,21.77,1.837,6.0,-1.017,-8.0,13,6.52,31,15.54,108,0.022,11.89,0.4101
455,1779,2,118.5,257,51.02,78.44,22.08,1.51,6.0,-1.362,-8.0,24,12.15,28,14.18,121,0.035,6.46,0.1902
455,1782,0,120.8,228,40.09,61.01,17.4,1.671,6.0,-1.23,-8.0,18,8.94,21,10.43,99,0.07,4.39,0.1211
455,1782,1,119.6,252,31.29,50.93,10.82,1.351,6.0,-1.373,-7.815,27,13.55,23,11.54,129,0.0,3.31,0.1166
455,1784,0,120.4,245,32.75,54.45,15.45,1.343,6.0,-1.439,-8.0,17,8.47,23,11.46,102,0.086,3.44,0.1142
455,1784,1,119.5,182,23.44,48.91,17.61,1.419,6.0,-1.371,-8.0,16,8.03,12,6.03,63,0.181,1.11,0.0262
455,1784,2,120.5,231,29.11,46.78,13.48,1.06,6.0,-0.974,-4.759,15,7.47,13,6.47,67,0.069,2.93,0.0841
455,1784,3,71.1,97,20.29,37.63,13.57,1.548,6.0,-1.267,-4.519,9,7.59,13,10.97,41,0.196,1.65,0.0299
455,1788,0,94.7,201,53.61,72.05,12.26,1.121,6.0,-1.185,-7.426,11,6.97,15,9.5,88,0.0,6.79,0.1892
455,1790,0,120.1,184,46.14,76.11,24.69,1.39,6.0,-2.346,-8.0,23,11.49,15,7.49,86,0.109,5.99,0.1423
455,1790,1,120.2,253,50.98,67.97,13.7,1.484,6.0,-1.003,-8.0,18,8.99,23,11.48,113,0.02,4.21,0.1467
455,1790,2,115.3,253,32.19,44.81,9.68,1.689,6.0,-1.622,-8.0,32,16.65,32,16.65,138,0.0,3.03,0.0908
455,1793,0,96.7,183,71.68,92.12,27.39,1.516,6.0,-1.97,-8.0,18,11.17,17,10.55,79,0.055,8.64,0.1772
455,1793,1,119.9,266,58.35,81.06,21.04,1.305,6.0,-1.529,-8.0,15,7.51,30,15.01,112,0.0,7.78,0.2558
455,1793,2,119.9,261,50.11,81.22,21.08,1.056,5.815,-1.853,-8.0,19,9.51,24,12.01,118,0.023,5.68,0.1938
455,1793,3,75.0,113,41.59,65.3,24.09,1.835,6.0,-1.524,-7.866,7,5.6,13,10.4,40,0.168,3.59,0.0532
455,1795,0,120.5,252,57.38,76.88,20.34,1.109,6.0,-1.563,-8.0,13,6.47,21,10.46,88,0.04,7.99,0.2622
455,1795,1,120.2,246,61.41,77.26,20.0,1.556,6.0,-1.771,-8.0,23,11.48,23,11.48,103,0.028,7.52,0.2287
455,1795,2,120.0,257,64.39,82.97,20.26,0.888,6.0,-1.285,-8.0,16,8.0,13,6.5,72,0.016,7.46,0.247
455,1795,3,37.2,79,76.72,86.46,7.44,0.545,2.458,-0.42,-1.135,0,0.0,1,1.61,12,0.0,7.51,0.0783
455,1795,11,119.9,258,65.31,87.24,18.92,1.076,6.0,-1.5,-8.0,19,9.51,15,7.51,93,0.0,6.6,0.2173
455,1795,12,94.6,202,49.37,72.95,21.12,1.763,6.0,-1.907,-8.0,22,13.95,22,13.95,93,0.045,3.7,0.1033
455,1798,0,76.8,109,36.99,56.41,19.82,0.764,4.037,-1.771,-8.0,12,9.37,3,2.34,38,0.156,-0.1,-0.0035
455,1798,1,105.7,211,34.54,58.89,17.03,1.47,6.0,-1.638,-8.0,21,11.92,22,12.49,101,0.047,5.66,0.1574
455,1798,2,119.5,241,34.11,53.25,15.78,1.384,6.0,-1.612,-8.0,26,13.05,20,10.04,110,0.058,4.44,0.1455
455,1798,3,99.2,164,21.28,43.13,13.37,1.806,6.0,-1.764,-8.0,19,11.49,24,14.52,85,0.146,3.81,0.0821
455,1798,4,105.7,160,19.01,38.26,12.87,1.23,4.722,-1.552,-7.481,14,7.95,16,9.08,64,0.15,3.13,0.0621
455,1798,5,110.1,163,33.28,55.99,18.44,1.736,6.0,-1.819,-8.0,14,7.63,19,10.35,67,0.117,2.32,0.041
455,1798,6,108.3,212,39.45,64.51,19.13,1.605,6.0,-2.292,-8.0,29,16.07,29,16.07,119,0.071,5.07,0.1526
455,1798,7,120.8,240,48.39,71.99,19.37,1.021,6.0,-1.895,-8.0,16,7.95,19,9.44,103,0.029,9.32,0.2991
455,1798,8,89.7,109,38.17,70.26,27.97,1.002,3.755,-2.384,-8.0,16,10.7,6,4.01,48,0.202,4.85,0.0704
455,1814,0,120.9,257,51.48,72.29,17.15,0.911,6.0,-1.477,-8.0,13,6.45,15,7.44,95,0.023,9.32,0.3117
455,1814,1,115.9,192,50.79,70.54,25.45,0.504,2.676,-1.53,-7.889,16,8.28,1,0.52,56,0.135,3.34,0.075
455,1814,2,118.6,168,38.77,68.96,23.82,0.986,5.796,-1.711,-8.0,12,6.07,12,6.07,53,0.161,5.87,0.1339
455,1831,0,120.4,192,51.61,72.29,22.64,1.457,6.0,-1.73,-8.0,11,5.48,27,13.46,94,0.078,7.84,0.1751
455,1831,1,120.0,223,49.57,71.57,24.54,0.614,2.389,-1.215,-8.0,21,10.5,3,1.5,90,0.103,0.41,0.0068
455,1831,2,120.5,220,44.03,66.26,20.84,1.205,6.0,-1.946,-8.0,18,8.96,19,9.46,101,0.059,5.57,0.1527
455,1831,3,119.7,264,30.65,51.59,11.97,1.397,6.0,-1.369,-8.0,26,13.03,27,13.53,138,0.0,6.19,0.2153
455,1831,4,120.2,240,35.33,58.32,18.23,1.247,6.0,-1.238,-8.0,15,7.49,16,7.99,82,0.037,2.01,0.066
455,1831,5,108.8,116,9.42,44.35,9.83,1.216,6.0,-1.588,-6.444,12,6.62,3,1.65,39,0.345,-1.3,-0.0199
455,1831,6,121.9,187,24.93,48.83,14.93,1.427,6.0,-1.728,-8.0,16,7.88,22,10.83,87,0.155,3.59,0.0928
455,1831,7,107.9,141,19.31,36.07,12.36,1.349,6.0,-1.781,-8.0,13,7.23,15,8.34,61,0.22,3.53,0.0679
455,1832,0,119.9,118,15.01,43.17,16.02,1.09,6.0,-2.075,-8.0,13,6.51,3,1.5,38,0.398,-0.73,0.0011
455,1832,1,108.1,221,39.52,50.59,9.51,0.806,6.0,-0.738,-3.722,6,3.33,12,6.66,82,0.005,4.64,0.1253
455,1832,2,120.0,262,43.97,63.34,18.29,1.33,6.0,-1.708,-8.0,23,11.5,24,12.0,125,0.031,5.38,0.1681
455,1832,3,102.0,178,41.91,60.72,21.31,1.113,6.0,-1.757,-8.0,21,12.35,8,4.71,81,0.157,3.23,0.0687
455,1832,4,74.5,94,33.79,62.53,24.77,1.414,6.0,-2.112,-6.782,7,5.64,9,7.25,27,0.255,4.51,0.0592
455,1840,0,120.3,260,70.18,82.09,10.3,0.908,6.0,-0.834,-6.602,5,2.49,9,4.49,83,0.0,9.37,0.3167
455,1840,1,109.5,242,44.37,72.75,23.7,0.832,4.148,-1.375,-8.0,24,13.15,9,4.93,94,0.025,-0.47,-0.011
455,1840,2,120.8,253,45.73,73.45,22.79,0.771,5.306,-1.051,-4.398,17,8.44,8,3.97,79,0.028,2.32,0.0798
455,1840,3,119.2,213,55.99,73.86,21.05,1.062,6.0,-0.503,-2.361,2,1.01,14,7.05,67,0.061,11.87,0.3199
455,1840,4,93.8,155,45.86,77.79,31.56,0.676,6.0,-1.722,-8.0,20,12.79,3,1.92,60,0.123,-1.85,-0.0244
455,1840,5,99.8,132,10.61,24.34,7.63,1.395,6.0,-1.374,-8.0,8,4.81,11,6.61,53,0.205,2.77,0.0495
455,1840,6,111.5,170,30.83,61.23,22.88,1.745,6.0,-1.492,-8.0,15,8.07,17,9.15,77,0.212,3.56,0.0837
455,1840,7,120.1,223,46.06,72.0,18.86,1.288,6.0,-1.247,-8.0,14,6.99,20,9.99,87,0.045,7.55,0.2277
455,1840,8,119.2,191,48.39,73.51,23.95,1.171,6.0,-2.033,-8.0,20,10.07,11,5.54,73,0.099,2.77,0.0656
455,1840,9,112.2,155,31.78,55.78,22.96,0.962,4.481,-1.213,-4.16,9,4.81,10,5.35,49,0.181,5.49,0.1176
455,1859,0,118.4,175,53.89,73.78,22.6,0.692,2.778,-1.626,-7.213,16,8.11,3,1.52,60,0.097,3.4,0.0955
455,1859,1,122.4,177,39.2,65.52,23.03,1.819,6.0,-2.064,-8.0,23,11.27,24,11.76,92,0.13,6.47,0.1504
455,1859,2,120.1,253,35.15,48.39,10.76,1.553,6.0,-1.551,-8.0,19,9.49,28,13.99,133,0.016,4.11,0.1271
455,1859,3,119.3,259,69.8,106.71,29.24,1.466,6.0,-1.778,-8.0,17,8.55,31,15.59,133,0.015,12.03,0.3956
455,1859,4,120.6,267,115.31,121.83,4.36,0.404,1.657,-0.488,-1.361,0,0.0,0,0.0,47,0.0,25.05,0.839
455,1859,5,107.9,231,64.41,112.88,37.13,1.609,6.0,-1.785,-8.0,32,17.79,14,7.78,106,0.043,3.24,0.0957
455,1859,6,58.6,89,26.89,52.42,17.3,1.555,4.236,-1.528,-8.0,12,12.29,10,10.24,42,0.124,-0.04,0.0003
455,1869,0,120.9,192,37.83,63.49,19.61,1.212,5.861,-1.188,-5.667,10,4.96,18,8.93,70,0.13,7.01,0.1903
455,1869,1,119.3,245,53.41,62.1,14.55,0.461,2.139,-1.097,-8.0,13,6.54,1,0.5,69,0.049,0.01,0.007
455,1869,2,120.4,230,44.81,68.39,22.56,1.365,6.0,-1.65,-8.0,17,8.47,25,12.46,108,0.052,2.33,0.056
455,1869,3,120.1,253,41.66,61.79,17.29,1.313,6.0,-1.501,-8.0,20,9.99,17,8.49,109,0.04,3.85,0.1297
455,1869,4,36.4,79,31.31,45.34,10.4,1.476,6.0,-2.651,-8.0,12,19.78,10,16.48,45,0.0,3.01,0.0324
455,1877,0,118.5,204,23.84,45.88,15.63,1.07,6.0,-1.253,-6.63,17,8.61,11,5.57,64,0.093,2.07,0.0616
455,1877,1,112.2,68,0.0,0.0,0.0,0.0,0.0,0.0,0.0,0,0.0,0,0.0,0,1.0,0.52,0.0157
455,1877,2,120.7,61,0.0,0.0,0.0,0.0,0.0,0.0,0.0,0,0.0,0,0.0,0,1.0,0.5,0.0157
455,1877,3,119.6,57,0.0,0.0,0.0,0.0,0.0,0.0,0.0,0,0.0,0,0.0,0,1.0,0.48,0.0152
455,1877,4,119.6,52,0.0,0.0,0.0,0.0,0.0,0.0,0.0,0,0.0,0,0.0,0,1.0,0.5,0.0161
455,1877,5,119.5,55,0.0,0.0,0.0,0.0,0.0,0.0,0.0,0,0.0,0,0.0,0,1.0,0.49,0.0167
455,1877,6,120.7,59,0.0,0.0,0.0,0.0,0.0,0.0,0.0,0,0.0,0,0.0,0,1.0,0.49,0.0168
455,1877,7,119.6,66,0.0,0.0,0.0,0.0,0.0,0.0,0.0,0,0.0,0,0.0,0,1.0,0.5,0.0171
455,1877,8,120.9,213,22.92,53.28,14.4,1.144,6.0,-1.588,-8.0,11,5.46,20,9.93,74,0.089,4.55,0.1257
455,1879,0,89.4,191,36.33,49.75,9.29,0.831,4.583,-1.366,-8.0,18,12.08,8,5.37,84,0.0,1.58,0.0404
455,1886,0,120.6,210,41.11,55.61,18.47,0.772,6.0,-1.808,-8.0,16,7.96,2,1.0,67,0.105,5.98,0.1653
455,1886,1,120.2,244,44.19,70.15,22.38,1.279,6.0,-1.726,-8.0,18,8.99,26,12.98,105,0.049,2.47,0.0767
455,1886,2,116.5,252,43.6,59.3,12.34,1.254,6.0,-1.496,-8.0,26,13.39,22,11.33,114,0.0,2.77,0.0863
455,1902,0,113.8,202,34.83,59.98,19.54,1.573,6.0,-2.093,-8.0,22,11.6,23,12.13,110,0.079,3.36,0.1005
455,1902,1,81.1,75,11.83,35.42,12.41,1.33,6.0,-2.535,-8.0,8,5.92,5,3.7,30,0.36,3.41,0.0421
455,1913,0,107.3,180,38.95,59.2,20.39,1.045,6.0,-1.299,-6.606,9,5.03,9,5.03,54,0.117,7.7,0.1659
455,1913,1,119.9,238,50.97,63.93,16.02,1.071,6.0,-1.266,-6.38,14,7.01,15,7.51,73,0.034,4.68,0.1393
455,1913,2,66.7,89,39.85,65.59,22.01,1.258,6.0,-2.152,-8.0,17,15.29,4,3.6,48,0.09,1.89,0.0264
455,1938,0,104.7,230,51.77,71.43,15.62,1.541,6.0,-1.253,-8.0,16,9.17,27,15.47,103,0.0,8.08,0.2393
455,1940,0,120.8,261,63.02,82.64,15.83,1.073,6.0,-0.763,-6.912,8,3.97,11,5.46,79,0.0,7.62,0.2571
455,1940,1,46.0,91,42.28,67.15,22.06,1.552,6.0,-1.404,-8.0,9,11.74,7,9.13,30,0.088,2.74,0.0286
455,1941,0,120.4,253,42.92,71.31,20.35,1.557,6.0,-1.559,-8.0,30,14.95,25,12.46,117,0.055,6.15,0.1973
455,1941,1,120.5,206,46.85,83.47,23.94,1.534,6.0,-1.509,-8.0,19,9.46,30,14.94,107,0.058,2.88,0.0684
455,1941,2,20.8,40,24.33,45.5,16.76,1.712,6.0,-1.6,-4.972,2,5.77,9,25.96,19,0.1,7.56,0.0437
455,1944,0,120.4,233,34.73,51.66,16.55,1.203,6.0,-0.789,-4.222,7,3.49,18,8.97,81,0.034,4.1,0.1348
455,1944,1,120.5,242,41.59,56.3,14.96,0.866,6.0,-1.028,-6.843,13,6.47,4,1.99,86,0.037,2.8,0.0942
455,1944,2,90.7,178,30.1,45.66,13.94,1.553,6.0,-1.388,-8.0,18,11.91,21,13.89,79,0.056,4.57,0.1077
455,1946,0,120.8,280,47.99,67.7,15.54,0.829,4.551,-1.13,-6.694,16,7.95,11,5.46,78,0.0,3.6,0.1255
455,1946,1,120.0,254,41.7,70.6,15.82,1.306,6.0,-1.01,-5.781,13,6.5,24,12.0,98,0.016,5.73,0.1706
455,1946,2,120.0,270,107.32,123.48,18.72,0.685,4.12,-0.354,-1.602,0,0.0,7,3.5,30,0.0,22.17,0.7406
455,1946,3,120.0,275,91.57,111.49,30.28,0.441,3.625,-1.009,-8.0,14,7.0,2,1.0,46,0.0,8.58,0.2782
455,1946,4,96.5,160,40.34,71.91,27.73,1.545,6.0,-0.801,-4.37,3,1.87,23,14.3,57,0.081,7.97,0.1605
455,1954,0,49.4,105,60.16,65.61,3.28,0.859,6.0,-0.87,-3.75,5,6.07,4,4.86,37,0.0,8.75,0.107
455,1956,0,120.7,255,56.88,68.23,10.48,0.92,6.0,-0.831,-5.074,9,4.47,16,7.95,64,0.0,8.6,0.2827
455,1956,1,109.5,183,49.67,80.67,25.74,1.195,6.0,-1.514,-5.704,17,9.32,14,7.67,73,0.093,2.24,0.0499
455,1956,2,120.0,141,21.63,48.4,18.43,1.334,6.0,-1.682,-8.0,14,7.0,9,4.5,49,0.298,-0.86,-0.005
455,1956,3,118.8,101,5.97,24.02,7.1,1.508,6.0,-2.091,-6.093,9,4.55,7,3.54,31,0.455,1.49,0.0282
455,1956,4,121.5,249,40.55,79.59,20.86,1.309,6.0,-1.484,-6.495,20,9.88,29,14.32,111,0.052,6.02,0.1868
455,1956,5,119.7,254,102.09,115.42,17.08,0.737,6.0,-0.577,-3.194,1,0.5,11,5.51,50,0.0,18.11,0.6235
455,1956,6,120.2,258,101.98,119.11,18.19,0.375,1.565,-0.887,-5.019,13,6.49,0,0.0,47,0.0,11.21,0.386
455,1956,7,82.9,146,40.31,79.36,29.82,2.005,6.0,-2.204,-8.0,18,13.03,25,18.09,80,0.144,7.86,0.1407
455,1958,0,120.5,249,51.55,70.38,19.54,1.138,6.0,-1.301,-5.722,26,12.95,13,6.47,92,0.036,6.04,0.1881
455,1958,1,120.1,280,42.78,57.18,10.69,1.129,6.0,-1.363,-8.0,20,9.99,23,11.49,120,0.0,6.63,0.2222
455,1958,2,120.2,237,37.83,62.62,18.84,1.121,6.0,-1.447,-8.0,17,8.49,19,9.48,97,0.076,5.36,0.1739
455,1958,3,34.6,75,38.32,55.13,8.4,2.143,6.0,-1.47,-8.0,10,17.34,8,13.87,43,0.0,-2.2,-0.0211
455,1962,0,120.8,169,10.09,25.03,7.34,1.065,6.0,-1.315,-8.0,8,3.97,7,3.48,50,0.249,2.34,0.065
455,1962,1,119.2,244,18.46,29.88,6.69,1.029,5.324,-0.955,-4.625,14,7.05,16,8.05,75,0.02,2.71,0.0888
455,1962,2,118.9,134,5.02,17.38,5.34,0.912,5.296,-1.219,-6.926,9,4.54,3,1.51,33,0.44,0.73,0.0276
455,1962,3,81.0,37,0.0,0.0,0.0,0.0,0.0,0.0,0.0,0,0.0,0,0.0,0,1.0,0.6,0.0128
455,1962,4,77.6,32,0.0,0.0,0.0,0.0,0.0,0.0,0.0,0,0.0,0,0.0,0,1.0,0.75,0.0168
455,1962,5,81.9,48,0.0,0.0,0.0,0.0,0.0,0.0,0.0,0,0.0,0,0.0,0,1.0,0.67,0.0151
455,1962,6,99.2,52,0.0,0.0,0.0,0.0,0.0,0.0,0.0,0,0.0,0,0.0,0,1.0,0.53,0.014
455,1962,7,94.9,49,0.0,0.0,0.0,0.0,0.0,0.0,0.0,0,0.0,0,0.0,0,1.0,0.89,0.0223
455,1962,8,69.0,92,13.45,36.32,11.17,1.608,6.0,-1.292,-6.296,4,3.48,14,12.17,37,0.293,3.93,0.0548
455,1963,0,120.8,208,25.23,52.25,14.8,1.401,6.0,-1.722,-8.0,17,8.44,22,10.93,97,0.096,4.19,0.12
455,1963,1,119.4,215,35.49,65.18,20.36,1.597,6.0,-1.491,-5.667,21,10.55,25,12.56,107,0.098,6.45,0.1718
455,1963,2,108.5,222,49.0,67.41,18.87,1.057,6.0,-1.353,-8.0,21,11.61,10,5.53,69,0.041,6.84,0.2111
455,1963,3,107.0,185,41.84,71.74,23.95,1.799,6.0,-1.783,-8.0,16,8.97,25,14.02,91,0.151,8.04,0.2065
455,1963,4,104.8,178,44.51,66.78,21.66,0.902,6.0,-1.35,-6.546,14,8.02,9,5.15,51,0.062,4.4,0.1023
455,1969,0,120.3,269,24.46,41.63,10.26,1.736,6.0,-1.466,-8.0,34,16.96,30,14.96,146,0.015,6.89,0.2281
455,1969,1,103.0,176,21.2,35.77,11.13,1.376,6.0,-1.538,-8.0,14,8.16,19,11.07,78,0.108,3.94,0.0915
455,1969,2,119.3,243,26.34,41.98,11.66,1.489,6.0,-1.861,-8.0,31,15.59,25,12.57,129,0.049,1.73,0.0571
455,1969,3,107.4,175,29.83,52.61,19.22,1.694,6.0,-1.658,-8.0,19,10.61,20,11.17,69,0.16,4.12,0.0916
455,1969,4,119.3,235,39.65,65.97,17.88,1.183,6.0,-1.773,-7.671,20,10.06,27,13.58,104,0.038,8.78,0.2959
455,1969,5,108.4,197,38.86,67.3,21.72,1.426,6.0,-2.08,-8.0,30,16.61,19,10.52,89,0.112,3.4,0.1038
455,1969,6,119.4,227,42.85,65.66,21.53,1.416,6.0,-1.967,-8.0,25,12.56,25,12.56,120,0.062,1.58,0.0398
455,1969,7,110.3,163,21.38,47.54,14.12,1.281,5.574,-1.535,-8.0,17,9.25,14,7.62,72,0.129,1.07,0.0308
455,1969,8,116.5,181,31.77,63.18,18.29,2.2,6.0,-2.524,-8.0,34,17.51,28,14.42,118,0.077,2.2,0.0642
455,1969,9,118.0,179,48.02,76.37,26.52,1.852,6.0,-1.313,-7.972,12,6.1,24,12.2,80,0.117,5.82,0.1343
455,1970,0,119.5,252,43.7,63.86,17.37,1.472,6.0,-1.875,-8.0,23,11.55,32,16.07,135,0.0,4.19,0.1538
455,1972,0,117.4,182,22.25,59.79,22.47,1.036,3.551,-1.424,-8.0,17,8.69,6,3.07,65,0.225,0.02,0.0154
455,1972,1,64.5,76,36.75,57.92,21.62,1.359,5.472,-0.264,-0.343,0,0.0,15,13.95,27,0.132,8.27,0.0872
455,1984,0,120.2,259,75.17,86.77,6.78,0.441,2.856,-0.446,-2.352,1,0.5,1,0.5,30,0.0,10.16,0.3391
455,1984,1,120.5,266,47.11,69.62,19.18,0.741,6.0,-0.888,-8.0,10,4.98,9,4.48,60,0.019,3.6,0.1153
455,1984,2,117.8,172,49.67,70.65,24.75,0.54,1.287,-1.145,-7.245,13,6.62,0,0.0,42,0.157,-2.0,-0.0166
455,1984,3,121.6,215,55.28,76.34,19.03,1.095,6.0,-0.535,-2.255,2,0.99,17,8.39,45,0.047,12.19,0.3453
455,1984,4,108.5,154,48.87,72.05,26.68,0.394,1.086,-0.959,-8.0,12,6.64,0,0.0,32,0.175,-0.78,-0.0035
455,1984,5,90.1,92,12.98,38.96,13.54,1.595,6.0,-0.993,-3.019,2,1.33,7,4.66,29,0.348,4.4,0.065
455,1984,6,94.6,151,33.62,60.61,23.07,1.57,6.0,-1.774,-8.0,14,8.88,19,12.05,71,0.179,4.92,0.118
455,1984,7,119.8,271,59.81,77.48,14.03,1.103,6.0,-1.061,-8.0,12,6.01,22,11.02,108,0.0,9.38,0.3172
455,1984,8,51.1,111,67.47,73.64,3.27,0.529,3.694,-0.718,-3.37,1,1.17,1,1.17,33,0.0,10.63,0.1489
455,1997,0,79.5,174,43.75,65.71,12.71,1.28,6.0,-1.184,-8.0,12,9.06,16,12.08,70,0.0,4.38,0.0859
455,1998,0,72.1,111,30.0,50.62,19.07,1.275,6.0,-1.057,-4.0,5,4.16,8,6.66,38,0.171,5.64,0.0801
455,2006,0,79.9,183,56.45,73.65,14.47,0.72,3.639,-1.096,-4.806,10,7.51,6,4.51,55,0.0,3.78,0.0824
455,2007,0,120.7,249,53.8,82.17,23.94,1.223,6.0,-1.931,-8.0,28,13.92,24,11.93,113,0.052,7.88,0.2369
455,2007,1,119.6,257,64.95,86.51,22.66,1.075,6.0,-1.512,-8.0,13,6.52,20,10.03,93,0.031,13.1,0.4352
455,2007,2,120.3,270,85.96,93.35,6.24,0.431,1.611,-0.699,-7.394,5,2.49,0,0.0,45,0.0,4.42,0.1628
455,2007,3,120.1,260,52.37,78.82,27.52,1.473,6.0,-1.839,-8.0,27,13.49,33,16.49,128,0.035,9.22,0.3063
455,2007,4,120.0,258,78.31,90.46,15.41,1.165,6.0,-1.074,-8.0,12,6.0,14,7.0,88,0.0,8.96,0.2829
455,2007,5,119.9,260,49.4,71.41,19.46,1.354,6.0,-1.85,-8.0,21,10.51,36,18.02,120,0.012,5.92,0.1984
455,2007,6,119.8,253,49.78,73.28,18.98,1.162,6.0,-1.96,-8.0,23,11.52,20,10.02,116,0.047,2.23,0.0709
455,2007,7,40.7,95,61.13,68.42,11.03,0.541,1.657,-1.702,-8.0,9,13.27,0,0.0,34,0.0,-2.0,-0.0115
455,2013,0,120.3,240,52.63,75.11,22.95,0.919,5.981,-1.388,-8.0,18,8.98,8,3.99,77,0.046,5.88,0.2028
455,2013,1,106.6,150,38.29,73.73,25.71,1.236,6.0,-1.851,-8.0,16,9.01,12,6.75,56,0.18,-0.23,-0.0079
455,2013,2,119.9,206,30.84,54.51,17.02,1.202,6.0,-1.204,-8.0,13,6.51,16,8.01,75,0.112,4.2,0.1244
455,2013,3,120.5,248,86.0,122.03,34.92,1.095,6.0,-0.796,-4.657,7,3.49,20,9.96,62,0.024,17.59,0.5388
455,2013,4,119.9,276,112.43,119.33,4.3,0.356,1.583,-0.443,-2.704,1,0.5,0,0.0,20,0.0,19.02,0.6446
455,2013,5,100.6,220,64.39,109.28,31.89,1.645,6.0,-1.507,-8.0,29,17.3,21,12.52,101,0.032,3.24,0.0806
455,2014,0,120.6,265,59.79,107.75,25.61,1.451,6.0,-1.601,-7.486,25,12.44,27,13.43,142,0.019,10.8,0.348
455,2014,1,120.3,264,102.73,113.79,7.14,0.821,5.63,-0.85,-4.269,13,6.48,10,4.99,108,0.0,8.43,0.2883
455,2014,2,120.0,271,51.71,108.66,23.93,1.257,6.0,-1.868,-8.0,30,15.0,24,12.0,158,0.0,3.96,0.1478
455,2014,3,120.0,245,51.14,83.35,23.56,1.189,6.0,-2.067,-8.0,20,10.0,20,10.0,102,0.098,4.63,0.12
455,2014,4,119.9,245,40.77,71.39,21.91,1.394,6.0,-1.703,-8.0,33,16.51,19,9.51,135,0.053,4.8,0.1415
455,2014,5,120.1,276,46.43,67.49,13.81,1.115,6.0,-1.288,-8.0,13,6.49,24,11.99,117,0.0,5.67,0.1777
455,2014,6,26.0,60,35.94,45.62,8.9,1.662,6.0,-1.52,-5.338,7,16.15,9,20.77,35,0.0,4.99,0.0342
455,2021,0,120.8,245,48.71,63.13,16.0,1.098,6.0,-1.399,-8.0,21,10.43,19,9.44,94,0.045,4.9,0.1564
455,2021,1,119.9,241,27.71,63.94,20.53,1.42,6.0,-1.879,-8.0,21,10.51,26,13.01,104,0.046,4.2,0.1312
455,2021,2,120.1,256,59.35,73.82,14.85,0.745,4.0,-1.386,-8.0,18,8.99,10,5.0,73,0.0,2.8,0.1041
455,2021,3,120.0,229,36.61,67.39,19.45,1.57,6.0,-1.713,-8.0,24,12.0,27,13.5,107,0.057,5.37,0.19
455,2021,4,119.3,173,38.05,67.84,23.75,1.312,6.0,-1.637,-7.694,26,13.08,8,4.02,67,0.191,2.44,0.0608
455,2021,5,115.7,201,43.77,74.57,26.62,1.367,6.0,-1.423,-8.0,13,6.74,16,8.3,72,0.104,4.46,0.1236
455,2025,0,120.2,259,85.42,114.42,23.53,0.93,6.0,-1.021,-7.167,7,3.49,16,7.99,77,0.0,21.22,0.7062
455,2025,1,120.7,262,93.64,132.13,28.95,0.665,4.551,-1.408,-8.0,14,6.96,5,2.49,62,0.0,14.69,0.4561
455,2025,2,119.6,262,98.38,107.02,6.42,0.476,1.597,-0.439,-1.718,0,0.0,0,0.0,36,0.0,10.38,0.3539
455,2025,3,120.1,265,92.23,110.83,20.77,0.718,5.579,-1.045,-8.0,13,6.49,8,4.0,59,0.0,13.28,0.466
455,2025,4,33.2,71,45.09,72.99,16.07,0.986,4.611,-1.828,-8.0,12,21.69,4,7.23,34,0.0,-0.69,-0.0004
455,2038,0,120.6,239,52.71,75.37,22.59,1.089,6.0,-1.205,-6.727,13,6.47,15,7.46,73,0.063,4.99,0.1414
455,2038,1,25.2,51,50.61,63.07,15.04,0.758,1.981,-1.508,-7.056,6,14.29,0,0.0,17,0.0,-7.94,-0.0578
455,2040,0,120.9,229,50.66,82.3,21.31,1.179,6.0,-1.974,-8.0,17,8.44,20,9.93,98,0.074,7.45,0.2252
455,2040,1,119.1,202,21.27,75.31,23.47,1.023,4.361,-1.736,-8.0,26,13.1,10,5.04,86,0.134,0.92,0.031
455,2040,2,120.8,186,9.45,23.41,7.35,0.902,6.0,-0.947,-7.981,7,3.48,7,3.48,58,0.145,1.05,0.0315
455,2040,3,105.7,145,10.82,32.96,10.33,1.393,5.194,-0.852,-3.389,5,2.84,13,7.38,50,0.179,2.98,0.0628
455,2051,0,120.8,230,46.39,66.64,20.44,1.249,6.0,-0.827,-8.0,4,1.99,19,9.44,79,0.048,7.28,0.2146
455,2051,1,120.1,279,63.18,75.52,11.49,0.715,4.324,-1.036,-8.0,14,6.99,7,3.5,83,0.0,5.5,0.1854
455,2051,2,119.4,274,38.16,70.5,11.88,1.485,6.0,-1.284,-8.0,26,13.07,37,18.59,146,0.0,5.4,0.175
455,2051,3,120.6,279,102.98,125.53,27.07,1.056,6.0,-0.895,-7.509,8,3.98,17,8.46,92,0.0,20.37,0.6694
455,2051,4,119.5,284,106.21,124.04,16.99,0.65,6.0,-1.027,-8.0,19,9.54,3,1.51,91,0.0,12.76,0.4404
455,2051,5,90.4,160,38.0,76.02,30.26,2.024,6.0,-2.222,-8.0,23,15.27,19,12.61,81,0.144,3.73,0.0842
455,2052,0,120.9,263,90.2,123.26,29.39,0.969,6.0,-1.065,-7.759,8,3.97,16,7.94,70,0.0,22.38,0.7341
455,2052,1,119.3,265,116.57,130.93,12.77,0.341,1.407,-0.641,-3.963,4,2.01,0,0.0,32,0.0,18.07,0.5997
455,2052,2,120.7,282,101.36,113.92,10.52,0.63,6.0,-0.617,-3.356,3,1.49,6,2.98,52,0.0,17.09,0.5585
455,2052,3,119.9,256,68.23,119.02,41.29,1.14,6.0,-1.459,-6.985,30,15.01,12,6.01,91,0.031,4.72,0.1525
455,2052,4,118.9,272,45.6,63.63,15.47,0.924,4.843,-1.344,-8.0,23,11.61,14,7.06,119,0.007,3.88,0.1208
455,2052,5,121.2,127,29.59,60.49,21.92,1.378,6.0,-2.329,-8.0,11,5.45,10,4.95,51,0.283,2.84,0.0762
455,2052,6,54.9,48,17.64,40.41,16.11,1.269,5.472,-1.032,-1.704,0,0.0,5,5.46,15,0.375,10.11,0.0716
455,2066,0,119.6,218,28.15,45.39,14.06,1.393,6.0,-1.263,-7.273,22,11.04,18,9.03,85,0.073,2.39,0.0617
455,2066,1,120.8,195,26.1,45.52,14.18,1.694,6.0,-1.869,-8.0,15,7.45,29,14.4,100,0.113,2.38,0.0712
455,2066,2,120.2,194,36.21,50.64,17.75,0.954,6.0,-1.389,-8.0,10,4.99,8,3.99,61,0.155,3.25,0.0881
455,2066,3,120.1,259,44.15,58.44,11.48,1.018,6.0,-0.893,-7.861,14,6.99,18,8.99,73,0.0,4.08,0.1198
455,2066,4,36.3,75,25.42,39.07,7.36,1.186,4.199,-0.953,-5.523,4,6.61,4,6.61,32,0.0,2.54,0.0232
455,2071,0,120.4,258,44.2,57.4,14.24,1.068,6.0,-1.03,-7.861,14,6.98,18,8.97,92,0.031,4.21,0.1416
455,2071,1,120.5,201,45.64,75.16,25.0,0.932,5.472,-0.864,-5.463,4,1.99,12,5.98,50,0.119,2.49,0.0834
455,2071,2,119.4,170,33.09,69.51,26.04,1.581,6.0,-1.663,-5.44,18,9.05,17,8.54,67,0.188,0.84,0.034
455,2071,3,116.1,256,44.44,66.77,14.38,1.152,4.685,-1.296,-8.0,28,14.47,18,9.3,95,0.0,3.46,0.1083
455,2092,0,120.9,279,64.47,79.16,16.77,0.897,5.894,-0.652,-3.755,5,2.48,12,5.96,57,0.0,9.3,0.3083
455,2092,1,119.8,242,39.59,66.31,24.46,0.897,5.574,-1.041,-4.852,17,8.51,10,5.01,79,0.07,1.4,0.038
455,2092,2,120.1,189,8.14,20.07,4.99,0.892,6.0,-1.615,-8.0,14,6.99,10,5.0,73,0.159,-0.08,0.0008
455,2092,3,119.3,258,33.46,64.91,21.07,0.905,6.0,-0.75,-3.787,6,3.02,14,7.04,64,0.0,4.18,0.1288
455,2092,4,119.8,200,15.61,60.07,15.04,0.979,5.093,-1.207,-5.843,13,6.51,7,3.51,56,0.145,-2.54,-0.0589
455,2092,5,95.9,159,10.07,21.97,7.2,1.031,4.926,-1.234,-8.0,11,6.88,8,5.01,52,0.176,1.31,0.0297
455,2092,6,81.0,66,8.78,28.36,10.77,2.229,6.0,-1.492,-5.361,5,3.7,7,5.19,24,0.515,2.79,0.0284
455,2092,7,95.4,92,23.22,64.84,25.79,1.224,6.0,0.0,0.0,0,0.0,11,6.92,18,0.435,10.21,0.1354
455,2092,8,114.5,251,58.8,74.34,14.96,0.582,2.31,-1.086,-8.0,18,9.43,3,1.57,57,0.016,4.23,0.1267
455,2092,9,125.7,133,7.53,19.22,6.49,1.793,6.0,-1.396,-8.0,12,5.73,15,7.16,53,0.323,2.25,0.0539
455,2092,10,92.7,135,9.53,24.3,7.21,0.93,6.0,-0.914,-4.111,6,3.88,5,3.24,40,0.237,1.32,0.0301
455,2092,11,82.3,90,11.96,31.62,12.42,1.628,6.0,-1.946,-7.796,9,6.56,9,6.56,36,0.411,2.39,0.0339
455,2092,12,82.6,79,18.77,55.32,19.36,2.074,6.0,-1.079,-4.648,2,1.45,13,9.44,29,0.405,8.44,0.096
455,2092,13,119.7,263,47.79,77.42,18.5,1.546,6.0,-1.657,-8.0,32,16.04,32,16.04,135,0.0,7.28,0.2429
455,2092,14,120.3,267,38.75,55.06,10.14,1.474,6.0,-1.694,-8.0,22,10.97,35,17.46,134,0.0,3.51,0.1214
455,2092,15,102.7,217,25.48,42.87,10.04,1.534,6.0,-1.631,-8.0,23,13.44,20,11.68,116,0.032,0.94,0.0345
455,2105,0,67.7,141,53.67,67.35,9.27,1.122,5.946,-1.574,-8.0,13,11.52,13,11.52,72,0.0,4.57,0.0757
455,2106,0,120.1,270,68.15,82.68,6.38,0.518,2.968,-0.652,-2.671,7,3.5,5,2.5,51,0.0,6.89,0.2383
455,2106,1,41.2,45,18.89,51.45,18.36,2.473,6.0,-2.164,-8.0,7,10.19,7,10.19,19,0.311,-0.07,-0.0047
455,2111,0,120.8,229,37.55,50.34,14.94,1.055,6.0,-1.37,-8.0,14,6.95,16,7.95,90,0.052,3.75,0.1131
455,2111,1,119.9,239,39.33,53.17,15.4,1.013,6.0,-1.262,-8.0,15,7.51,10,5.0,87,0.063,2.1,0.0593
455,2115,0,120.2,235,42.54,73.84,24.49,0.987,6.0,-1.337,-8.0,22,10.98,17,8.49,81,0.072,2.74,0.0831
455,2115,1,120.7,250,44.31,61.46,16.14,1.213,6.0,-1.276,-6.907,19,9.44,20,9.94,96,0.04,4.59,0.1434
455,2115,2,42.9,83,26.01,43.52,15.3,1.531,6.0,-1.897,-5.728,11,15.38,10,13.99,39,0.12,3.58,0.0345
455,2125,0,120.2,262,29.48,54.59,12.01,1.436,6.0,-1.169,-8.0,23,11.48,23,11.48,128,0.011,1.89,0.0588
455,2125,1,120.6,203,38.41,55.87,16.59,1.383,6.0,-1.108,-8.0,9,4.48,15,7.46,78,0.094,4.45,0.1227
455,2125,2,110.4,210,29.14,48.87,14.91,1.176,5.648,-1.021,-7.028,19,10.33,11,5.98,60,0.09,4.79,0.131
455,2125,3,119.3,230,34.41,45.69,11.68,0.899,6.0,-0.845,-6.106,9,4.53,11,5.53,74,0.052,1.07,0.0211
455,2125,4,120.3,259,42.2,58.7,10.86,0.634,4.472,-1.302,-8.0,14,6.98,5,2.49,70,0.0,4.48,0.1574
455,2125,5,120.5,230,24.0,41.42,10.57,1.389,6.0,-1.279,-6.926,21,10.46,20,9.96,105,0.07,2.19,0.0635
455,2125,6,89.6,138,14.73,39.16,12.02,1.649,6.0,-1.907,-8.0,14,9.38,19,12.72,71,0.203,2.86,0.0513
455,2125,7,119.3,261,55.35,78.11,19.37,1.153,6.0,-0.982,-8.0,11,5.53,18,9.05,79,0.0,6.48,0.2196
455,2125,8,120.7,165,24.59,52.68,16.07,1.045,4.944,-1.595,-8.0,20,9.94,7,3.48,63,0.194,-0.44,0.0041
455,2128,0,120.6,197,25.15,49.62,16.71,1.343,6.0,-1.527,-8.0,19,9.45,13,6.47,84,0.178,1.84,0.0607
455,2128,1,120.2,252,40.47,64.22,16.17,0.875,5.028,-1.28,-6.644,17,8.49,15,7.49,93,0.028,3.74,0.1369
455,2128,2,119.5,263,20.02,42.79,10.59,1.171,6.0,-1.186,-7.213,18,9.04,17,8.54,112,0.027,3.33,0.1027
455,2128,3,92.5,194,31.41,46.88,12.48,1.422,6.0,-1.695,-8.0,18,11.68,20,12.97,91,0.052,2.74,0.064
455,2131,0,120.0,192,36.59,50.87,17.2,0.4,1.593,-1.045,-8.0,9,4.5,0,0.0,33,0.141,1.34,0.0378
455,2131,1,120.1,166,33.53,46.3,11.81,0.888,6.0,-0.872,-8.0,5,2.5,7,3.5,25,0.03,5.55,0.1652
455,2131,2,120.7,167,29.03,42.85,13.19,0.976,5.185,-0.918,-8.0,5,2.49,9,4.47,42,0.108,1.12,0.0291
455,2131,3,92.8,172,28.22,53.82,17.17,1.314,6.0,-1.323,-8.0,13,8.41,14,9.05,78,0.076,1.22,0.0285
455,2135,0,120.7,260,35.84,52.18,11.04,0.699,3.241,-0.804,-8.0,11,5.47,4,1.99,55,0.0,2.45,0.0757
455,2135,1,115.1,126,11.52,30.76,10.52,1.379,6.0,-1.054,-6.713,7,3.65,8,4.17,45,0.317,2.09,0.0458
455,2135,2,125.0,266,34.4,46.07,7.9,0.843,6.0,-0.616,-2.713,3,1.44,11,5.28,65,0.008,4.45,0.1496
455,2135,3,99.2,154,30.68,43.92,14.29,1.08,6.0,-1.741,-8.0,10,6.05,11,6.65,57,0.13,1.79,0.0341
455,2135,4,120.0,269,40.42,52.84,9.86,0.774,6.0,-0.891,-7.13,10,5.0,10,5.0,67,0.0,4.18,0.1336
455,2135,5,119.2,216,23.67,43.7,13.23,1.365,6.0,-1.596,-8.0,23,11.58,20,10.07,99,0.083,1.81,0.0545
455,2135,6,93.1,148,14.01,33.47,10.89,1.724,6.0,-1.534,-8.0,16,10.31,16,10.31,68,0.169,2.25,0.0561
455,2135,7,111.6,229,33.38,61.93,20.89,0.952,4.639,-1.319,-8.0,13,6.99,13,6.99,78,0.061,6.19,0.1872
455,2135,8,118.6,248,40.27,61.35,20.47,1.257,6.0,-1.945,-8.0,21,10.62,23,11.64,106,0.048,4.96,0.1565
455,2135,9,114.5,147,15.23,38.59,13.68,1.18,6.0,-2.127,-8.0,14,7.34,11,5.76,59,0.265,2.6,0.0535
455,2135,10,108.8,121,42.46,71.27,28.8,1.26,6.0,-0.426,-1.236,0,0.0,9,4.96,28,0.264,9.22,0.1474
455,2135,11,119.5,262,48.12,64.07,13.68,1.135,6.0,-1.18,-8.0,18,9.04,21,10.54,96,0.023,3.55,0.1215
455,2135,12,36.5,81,48.8,62.93,12.28,1.872,6.0,-1.731,-8.0,13,21.37,9,14.79,42,0.0,-0.39,-0.0036
455,2142,0,114.5,211,35.15,58.36,16.71,1.204,6.0,-1.773,-8.0,25,13.1,10,5.24,92,0.066,0.93,0.0362
455,2142,1,106.3,219,39.63,53.56,14.08,1.258,6.0,-1.399,-8.0,24,13.55,17,9.6,108,0.023,3.74,0.1168
455,2142,2,118.4,199,30.04,47.67,14.61,1.453,6.0,-1.579,-8.0,20,10.14,21,10.64,95,0.101,4.94,0.1277
455,2142,3,121.3,258,36.64,51.42,10.39,0.879,6.0,-1.05,-6.972,8,3.96,10,4.95,82,0.008,1.68,0.0545
455,2142,4,120.1,268,37.19,45.63,7.0,0.951,6.0,-1.196,-8.0,20,9.99,16,7.99,114,0.0,4.79,0.1596
455,2142,5,95.6,168,17.78,38.18,12.68,1.348,6.0,-1.837,-8.0,26,16.32,12,7.53,81,0.149,-0.17,-0.0075
455,2142,6,106.6,146,15.1,43.96,12.42,1.415,6.0,-1.222,-8.0,11,6.19,16,9.01,53,0.158,3.57,0.0713
455,2142,7,120.1,261,50.68,69.71,16.0,0.918,5.907,-1.176,-8.0,18,8.99,11,5.5,108,0.0,2.75,0.0894
455,2142,8,120.0,192,14.0,23.73,6.85,1.144,6.0,-1.039,-8.0,11,5.5,13,6.5,75,0.104,2.85,0.0753
455,2142,9,120.0,197,28.6,48.83,13.97,0.827,5.102,-1.18,-8.0,4,2.0,7,3.5,41,0.127,4.37,0.1085
455,2142,10,119.9,189,30.23,48.83,17.03,1.144,6.0,-1.601,-8.0,14,7.01,16,8.01,66,0.143,1.19,0.0262
455,2142,11,110.2,145,29.88,58.56,23.51,1.356,6.0,-1.299,-4.787,8,4.36,9,4.9,36,0.297,8.12,0.1463
455,2142,12,120.0,219,55.53,70.75,18.35,0.502,4.074,-1.154,-7.139,16,8.0,2,1.0,51,0.059,4.82,0.1314
455,2154,0,120.2,263,42.28,61.64,12.82,1.521,6.0,-1.883,-8.0,33,16.47,27,13.48,148,0.0,4.76,0.1657
455,2154,1,51.1,111,48.68,59.67,9.93,1.356,6.0,-1.648,-8.0,11,12.92,9,10.57,54,0.0,2.46,0.0219
455,2158,0,119.5,185,27.85,49.83,16.25,1.125,6.0,-1.663,-8.0,14,7.03,10,5.02,56,0.151,5.06,0.1248
455,2158,1,121.3,181,32.19,56.19,22.11,1.545,6.0,-1.527,-8.0,13,6.43,15,7.42,74,0.21,4.94,0.1263
455,2158,2,119.6,234,41.25,56.45,14.3,1.108,6.0,-1.766,-8.0,21,10.54,19,9.53,98,0.03,5.13,0.1599
455,2158,3,119.6,179,13.63,29.51,8.74,1.161,5.278,-1.192,-8.0,14,7.02,12,6.02,67,0.145,2.46,0.0694
455,2158,4,105.4,198,30.59,44.27,11.9,1.481,6.0,-1.35,-8.0,18,10.25,22,12.52,102,0.056,5.05,0.1313
455,2158,5,110.8,132,22.38,40.35,13.92,1.41,6.0,-1.585,-6.241,14,7.58,12,6.5,48,0.174,2.66,0.0599
455,2158,6,120.8,239,34.19,54.32,15.77,1.025,6.0,-1.286,-7.556,9,4.47,18,8.94,73,0.042,1.32,0.0338
455,2158,7,120.0,259,30.21,42.07,9.1,1.165,6.0,-1.405,-8.0,23,11.5,20,10.0,118,0.008,6.82,0.2388
455,2158,8,119.9,168,18.33,40.77,13.27,1.788,6.0,-1.488,-8.0,11,5.5,19,9.51,71,0.149,0.92,0.0277
455,2158,9,109.2,232,41.8,64.81,18.53,0.859,3.278,-0.976,-4.454,13,7.14,9,4.95,71,0.013,7.9,0.2293
455,2158,10,120.2,239,47.99,63.39,14.13,1.383,6.0,-0.947,-4.324,14,6.99,19,9.48,96,0.017,5.91,0.1805
455,2158,11,108.9,66,5.82,33.4,10.64,2.333,4.148,-3.057,-8.0,8,4.41,1,0.55,16,0.697,-0.45,0.0114
455,2158,12,120.0,262,58.99,77.08,12.29,0.792,5.898,-0.529,-4.005,2,1.0,14,7.0,52,0.0,7.92,0.2711
455,2158,13,36.4,76,46.63,77.08,26.68,2.689,6.0,-1.702,-8.0,15,24.73,5,8.24,33,0.053,0.34,0.0088
455,2164,0,120.8,203,28.81,56.11,19.52,1.384,5.292,-1.997,-8.0,18,8.94,20,9.93,83,0.148,6.4,0.1762
455,2164,1,120.0,254,32.4,55.34,14.21,1.359,6.0,-1.214,-8.0,19,9.5,26,13.0,104,0.02,2.86,0.0982
455,2164,2,119.8,267,42.39,63.66,11.76,0.515,3.546,-0.834,-4.093,8,4.01,3,1.5,54,0.0,6.28,0.208
455,2164,3,120.0,236,42.73,63.44,16.57,0.861,6.0,-1.013,-6.157,15,7.5,10,5.0,71,0.047,3.06,0.0906
455,2164,4,120.3,237,43.21,65.49,18.14,0.881,6.0,-1.293,-5.611,21,10.47,10,4.99,83,0.042,3.3,0.0949
455,2164,5,33.1,71,44.29,57.4,9.01,0.919,3.306,-0.918,-2.602,2,3.63,4,7.25,21,0.0,3.49,0.0432
455,2170,0,118.1,227,49.35,70.83,21.14,1.312,6.0,-1.502,-8.0,23,11.69,13,6.6,71,0.084,3.61,0.1083
455,2170,1,100.1,114,16.79,60.07,18.39,2.363,6.0,-2.177,-8.0,16,9.59,17,10.19,56,0.325,4.51,0.0676
455,2176,0,120.8,230,36.54,61.0,18.23,1.252,6.0,-1.289,-8.0,20,9.93,24,11.92,89,0.03,6.55,0.1987
455,2176,1,120.0,258,51.45,62.23,9.66,0.504,2.231,-0.746,-5.852,9,4.5,1,0.5,52,0.0,-0.09,0.0049
455,2176,2,109.4,104,35.13,70.0,31.03,1.823,6.0,-0.858,-3.37,2,1.1,14,7.68,30,0.317,6.55,0.0959
455,2176,3,120.4,229,48.54,69.67,24.39,1.042,6.0,-1.408,-5.551,14,6.98,10,4.98,70,0.1,3.87,0.1154
455,2176,4,76.0,165,42.29,69.17,13.45,1.853,6.0,-2.073,-8.0,21,16.58,22,17.37,100,0.0,3.11,0.0686
455,2178,0,120.2,245,26.64,44.26,12.46,1.396,6.0,-1.651,-8.0,22,10.98,24,11.98,106,0.069,6.48,0.1991
455,2178,1,120.0,170,26.9,52.41,18.23,1.432,6.0,-1.746,-8.0,17,8.5,14,7.0,79,0.171,1.94,0.0538
455,2178,2,120.5,266,40.86,55.97,10.12,1.212,6.0,-1.333,-8.0,18,8.96,21,10.46,116,0.0,5.62,0.1896
455,2178,3,120.1,208,28.99,51.45,15.87,1.469,6.0,-1.479,-8.0,22,10.99,19,9.49,87,0.072,1.78,0.0485
455,2178,4,119.9,207,28.7,67.25,24.3,1.409,6.0,-1.43,-6.583,13,6.51,19,9.51,77,0.174,7.63,0.1955
455,2178,5,120.1,219,40.53,66.68,24.3,1.583,6.0,-1.453,-8.0,15,7.49,20,9.99,86,0.078,7.63,0.2225
455,2178,6,119.6,191,42.66,63.34,20.45,1.233,6.0,-1.604,-8.0,18,9.03,15,7.53,86,0.105,5.69,0.1318
455,2178,7,120.0,248,54.65,73.28,21.54,1.13,6.0,-1.499,-8.0,22,11.0,15,7.5,98,0.056,5.6,0.1724
455,2178,8,66.0,144,48.95,71.33,15.51,1.524,6.0,-1.286,-6.88,10,9.09,15,13.64,61,0.0,4.25,0.0775
455,2188,0,97.3,136,30.1,53.04,19.02,1.147,6.0,-1.114,-4.093,11,6.78,8,4.93,41,0.176,1.18,0.0234
455,2188,1,120.2,255,33.59,43.9,9.17,0.997,6.0,-1.413,-8.0,16,7.99,17,8.49,101,0.024,3.15,0.0945
455,2188,2,120.2,190,25.34,44.21,14.07,1.287,6.0,-1.063,-4.639,15,7.49,14,6.99,71,0.121,1.92,0.0571
455,2188,3,105.0,220,29.65,42.28,11.74,1.151,6.0,-1.366,-8.0,19,10.86,16,9.14,100,0.064,3.3,0.0974
455,2188,4,121.2,169,22.31,43.31,15.68,1.558,6.0,-1.151,-8.0,7,3.47,21,10.4,68,0.172,2.18,0.0626
455,2188,5,120.0,249,36.54,52.08,12.01,0.961,6.0,-1.015,-8.0,13,6.5,13,6.5,87,0.02,3.46,0.1065
455,2188,6,109.2,223,29.79,49.56,15.22,1.416,6.0,-1.195,-8.0,17,9.34,19,10.44,88,0.054,4.22,0.1085
455,2188,7,119.6,161,16.83,41.64,14.47,1.005,5.333,-2.214,-8.0,23,11.54,6,3.01,66,0.242,-0.49,-0.0002
455,2188,8,120.6,156,41.8,70.43,28.7,1.24,6.0,-0.456,-1.042,0,0.0,16,7.96,45,0.224,12.03,0.2394
455,2188,9,116.0,248,47.72,69.89,19.77,1.052,6.0,-1.395,-7.926,26,13.45,12,6.21,110,0.02,4.14,0.136
455,2188,10,123.6,261,42.31,67.26,18.76,1.37,6.0,-1.945,-8.0,24,11.65,26,12.62,124,0.015,3.85,0.1301
455,2188,11,120.3,106,24.17,58.27,25.26,2.136,6.0,-1.647,-8.0,4,2.0,13,6.48,36,0.453,6.12,0.0775
455,2188,12,93.6,174,47.03,76.14,22.34,1.435,6.0,-1.804,-8.0,23,14.74,12,7.69,77,0.052,3.18,0.0792
455,2189,0,114.4,214,50.23,80.85,22.91,1.404,6.0,-1.815,-8.0,23,12.06,25,13.11,113,0.042,6.04,0.18
455,2196,0,107.1,165,9.88,24.29,7.73,1.158,6.0,-1.087,-7.12,8,4.48,8,4.48,55,0.212,1.75,0.0435
455,2196,1,96.1,106,16.81,38.65,14.32,1.278,6.0,-1.781,-8.0,8,4.99,8,4.99,39,0.321,2.98,0.0389
455,2196,2,120.5,170,33.94,54.93,14.75,1.035,5.259,-0.674,-2.106,1,0.5,13,6.47,44,0.1,3.92,0.086
455,2196,3,120.1,235,34.74,52.98,15.49,1.641,6.0,-1.292,-8.0,17,8.49,25,12.49,87,0.068,4.32,0.1344
455,2196,4,113.1,233,34.63,50.8,12.02,1.335,6.0,-1.517,-8.0,26,13.79,16,8.49,118,0.03,3.21,0.0985
455,2196,5,91.3,168,39.01,54.96,13.4,1.143,6.0,-1.09,-6.648,5,3.29,12,7.89,47,0.048,3.84,0.0823
455,2196,6,109.2,185,26.25,57.95,17.16,1.327,6.0,-0.895,-4.815,10,5.49,15,8.24,68,0.103,3.28,0.0719
455,2196,7,120.0,175,36.26,63.93,23.1,1.204,5.417,-0.84,-6.648,9,4.5,8,4.0,42,0.149,3.66,0.0926
455,2196,8,93.7,170,25.82,53.97,17.14,1.789,6.0,-2.647,-8.0,28,17.93,27,17.29,103,0.094,6.65,0.1516
455,2196,9,120.2,269,42.9,60.59,14.52,1.386,6.0,-1.202,-8.0,21,10.48,20,9.98,119,0.019,2.9,0.1023
455,2196,10,120.2,218,32.03,55.34,15.12,1.705,6.0,-1.514,-8.0,27,13.48,26,12.98,109,0.055,2.48,0.0654
455,2196,11,16.6,39,42.26,45.43,2.29,0.622,1.551,-0.758,-1.833,0,0.0,0,0.0,13,0.0,11.03,0.0521
455,2202,0,70.0,128,34.42,65.41,17.4,1.429,6.0,-1.779,-8.0,18,15.43,8,6.86,58,0.094,1.04,0.0163
455,2207,0,120.5,212,49.06,78.64,27.4,1.619,6.0,-1.406,-8.0,17,8.46,17,8.46,86,0.127,6.29,0.1539
455,2207,1,120.3,276,61.07,78.16,10.49,1.01,6.0,-1.0,-6.685,12,5.99,22,10.97,105,0.0,7.21,0.2535
455,2207,2,119.6,232,42.3,65.88,20.5,1.11,6.0,-1.217,-8.0,13,6.52,14,7.02,80,0.112,1.36,0.041
455,2207,3,120.4,247,44.98,66.02,17.76,0.946,6.0,-0.896,-4.889,12,5.98,11,5.48,70,0.049,0.81,0.0249
455,2207,4,120.0,259,39.44,56.76,14.6,0.975,6.0,-0.924,-5.333,10,5.0,12,6.0,74,0.027,3.73,0.1208
455,2207,5,36.6,79,32.42,44.82,12.07,1.366,5.259,-1.06,-3.694,6,9.84,4,6.56,21,0.0,7.8,0.088
455,2208,0,120.2,254,23.97,42.46,11.45,1.447,6.0,-1.288,-8.0,25,12.48,29,14.48,125,0.02,4.12,0.1324
455,2208,1,120.6,231,20.47,37.55,9.66,1.179,6.0,-0.863,-6.0,8,3.98,13,6.47,80,0.052,2.98,0.0792
455,2208,2,118.2,146,10.58,34.35,10.63,1.487,6.0,-1.937,-8.0,18,9.14,14,7.11,70,0.288,1.5,0.0312
455,2208,3,118.1,186,29.17,68.82,26.55,1.628,6.0,-1.653,-8.0,17,8.64,17,8.64,83,0.172,2.33,0.0714
455,2208,4,123.2,197,39.97,63.9,22.73,1.352,6.0,-0.974,-5.074,6,2.92,18,8.77,64,0.122,4.71,0.126
455,2208,5,80.5,174,29.9,52.49,14.1,2.024,6.0,-2.41,-8.0,27,20.12,26,19.38,114,0.0,2.37,0.0535
455,2214,0,76.8,155,43.76,65.29,21.49,1.159,5.787,-1.405,-8.0,16,12.5,10,7.81,54,0.065,1.66,0.0374
455,2220,0,102.3,190,51.46,77.32,28.07,1.341,6.0,-1.262,-6.287,13,7.62,14,8.21,63,0.105,7.18,0.1769
455,2233,0,120.3,201,72.1,119.14,36.22,1.575,6.0,-1.706,-8.0,11,5.49,29,14.46,91,0.065,20.03,0.5532
455,2233,1,120.2,271,114.55,123.34,4.26,0.399,1.398,-0.67,-3.139,5,2.5,0,0.0,52,0.0,21.2,0.7132
455,2233,2,120.4,276,99.27,112.22,12.96,0.571,2.454,-0.975,-8.0,19,9.47,2,1.0,93,0.0,2.79,0.0946
455,2233,3,119.9,211,54.17,73.86,22.85,1.319,6.0,-1.895,-8.0,18,9.01,14,7.01,76,0.1,3.46,0.0847
455,2233,4,44.1,72,42.87,62.79,22.35,2.659,6.0,-2.117,-8.0,8,10.88,5,6.8,33,0.111,4.8,0.058
455,2237,0,120.3,206,24.49,45.66,12.28,1.272,6.0,-1.471,-5.602,24,11.97,21,10.47,99,0.102,5.16,0.1436
455,2237,1,119.8,244,32.94,44.76,9.48,1.315,6.0,-1.154,-8.0,16,8.01,20,10.02,104,0.029,1.97,0.0541
455,2237,2,120.1,211,30.3,52.6,18.05,1.193,4.912,-1.963,-8.0,20,9.99,14,6.99,89,0.128,0.13,0.0082
455,2237,3,120.6,225,29.56,43.27,11.73,0.905,5.278,-1.167,-7.472,18,8.96,13,6.47,86,0.076,6.6,0.1941
455,2237,4,119.5,123,11.53,29.66,11.43,1.359,5.361,-1.28,-8.0,6,3.01,7,3.51,34,0.439,0.43,0.0144
455,2237,5,119.8,103,4.55,21.11,6.99,1.167,6.0,-0.944,-4.759,2,1.0,2,1.0,12,0.67,1.21,0.0256
455,2237,6,116.9,71,0.0,0.0,0.0,0.0,0.0,0.0,0.0,0,0.0,0,0.0,0,1.0,0.44,0.0145
455,2237,7,123.4,103,2.87,19.59,6.1,1.121,4.546,-0.359,-0.542,0,0.0,5,2.43,10,0.777,2.04,0.0388
455,2237,8,120.0,260,25.86,39.48,7.66,0.699,4.444,-0.777,-3.653,6,3.0,6,3.0,65,0.0,1.92,0.0643
455,2237,9,120.1,271,33.74,48.46,10.39,0.768,4.056,-0.894,-6.162,13,6.49,8,4.0,69,0.0,3.47,0.1181
455,2237,10,107.7,208,13.66,37.78,9.24,0.939,5.269,-0.836,-5.167,4,2.23,14,7.8,65,0.067,3.46,0.0974
455,2237,11,119.8,199,27.57,50.78,17.17,0.898,6.0,-0.991,-6.806,9,4.51,5,2.5,49,0.186,3.48,0.0895
455,2237,12,119.9,180,23.58,45.7,14.9,1.413,6.0,-1.331,-8.0,13,6.51,15,7.51,71,0.15,1.84,0.0531
455,2237,13,119.5,222,28.42,51.4,15.38,0.916,6.0,-1.0,-5.356,8,4.02,12,6.03,62,0.077,3.36,0.0959
455,2237,14,119.9,206,38.84,62.98,19.79,0.884,6.0,-0.975,-4.727,9,4.5,8,4.0,43,0.141,4.94,0.1382
455,2237,15,120.3,237,44.7,66.22,21.22,1.056,6.0,-1.507,-8.0,24,11.97,11,5.49,83,0.093,3.77,0.1058
455,2237,16,120.4,226,44.17,77.02,24.23,1.585,6.0,-1.51,-8.0,20,9.97,28,13.95,107,0.075,4.99,0.1486
455,2241,0,120.1,249,51.7,69.41,18.84,1.073,6.0,-1.882,-8.0,20,9.99,18,8.99,94,0.028,4.65,0.1655
455,2241,1,116.8,260,51.81,72.39,17.13,1.02,6.0,-1.091,-8.0,19,9.76,14,7.19,78,0.0,5.31,0.1752
455,2247,0,120.5,263,56.9,73.54,15.73,1.234,6.0,-1.682,-8.0,23,11.45,22,10.95,126,0.015,4.4,0.1583
455,2247,1,119.8,147,43.7,68.4,27.15,1.385,6.0,-1.327,-6.065,5,2.5,12,6.01,47,0.204,5.4,0.1086
455,2247,2,94.3,184,47.68,70.63,23.99,1.442,6.0,-1.94,-8.0,18,11.45,16,10.18,72,0.087,2.99,0.0796
455,2247,3,31.3,66,39.08,46.26,6.93,1.495,6.0,-0.924,-5.917,3,5.75,7,13.42,24,0.0,5.22,0.0509
455,2273,0,120.6,222,29.35,47.61,12.28,1.221,6.0,-0.999,-5.259,11,5.47,17,8.46,80,0.054,4.29,0.1276
455,2273,1,119.3,180,19.94,43.65,14.46,1.432,6.0,-1.433,-8.0,17,8.55,18,9.05,77,0.167,1.29,0.0351
455,2273,2,120.5,194,40.01,58.06,17.32,0.855,6.0,-1.224,-5.255,13,6.47,7,3.49,53,0.098,5.55,0.154
455,2273,3,120.5,200,33.1,53.84,18.87,1.191,6.0,-1.244,-7.079,8,3.98,15,7.47,54,0.145,5.37,0.1431
455,2273,4,84.3,186,38.63,55.28,10.5,0.968,4.407,-1.114,-6.125,11,7.83,10,7.12,65,0.0,3.13,0.0679
455,2277,0,120.8,261,48.99,70.72,17.17,1.41,6.0,-1.471,-8.0,25,12.42,28,13.91,130,0.019,2.32,0.0829
455,2277,1,119.8,258,33.71,61.17,16.44,1.13,6.0,-1.361,-8.0,28,14.02,15,7.51,102,0.035,2.58,0.0814
455,2277,2,119.6,163,16.9,36.6,13.27,1.387,5.324,-1.441,-7.296,14,7.02,11,5.52,60,0.282,2.89,0.0652
455,2277,3,120.3,197,25.55,45.74,16.82,1.832,6.0,-2.01,-8.0,21,10.47,29,14.46,97,0.193,5.01,0.1195
455,2277,4,120.1,180,12.85,38.51,12.6,1.876,6.0,-2.013,-8.0,22,10.99,19,9.49,79,0.322,2.25,0.0549
455,2277,5,120.3,173,22.35,48.53,18.12,1.748,6.0,-1.933,-8.0,14,6.98,24,11.97,72,0.214,4.69,0.1192
455,2277,6,116.1,191,23.93,48.77,17.1,1.839,6.0,-2.014,-8.0,28,14.47,22,11.37,93,0.173,3.38,0.0925
455,2277,7,123.8,270,29.12,47.96,12.49,1.654,6.0,-1.857,-8.0,27,13.09,36,17.45,154,0.03,4.21,0.1301
455,2277,8,119.8,211,22.63,68.21,21.94,1.639,6.0,-1.703,-8.0,16,8.01,27,13.52,97,0.204,6.81,0.1855
455,2277,9,120.1,238,40.43,69.49,20.68,1.133,6.0,-1.348,-7.583,18,8.99,15,7.49,87,0.059,3.09,0.084
455,2277,10,76.2,176,38.68,62.29,12.16,1.407,6.0,-2.404,-8.0,27,21.26,21,16.54,97,0.0,3.24,0.0739
455,2279,0,120.7,159,17.0,41.67,11.78,0.997,5.815,-0.99,-4.134,9,4.47,6,2.98,43,0.195,1.52,0.0443
455,2279,1,119.8,229,26.42,37.73,10.85,1.085,6.0,-0.784,-4.741,5,2.5,13,6.51,63,0.096,3.12,0.0981
455,2279,2,119.3,210,28.8,43.11,10.57,0.798,4.741,-0.902,-4.639,12,6.04,4,2.01,64,0.071,2.32,0.0679
455,2279,3,120.5,264,37.02,51.53,10.5,1.014,6.0,-0.6,-3.685,1,0.5,13,6.47,77,0.023,6.74,0.2173
455,2279,4,120.2,273,46.49,66.26,7.12,0.883,4.528,-0.982,-5.944,12,5.99,15,7.49,122,0.0,2.89,0.0976
455,2279,5,120.0,228,35.39,65.88,21.99,1.305,6.0,-1.318,-8.0,29,14.5,10,5.0,98,0.057,3.59,0.1063
455,2279,6,107.5,167,24.35,43.34,13.94,1.296,6.0,-1.822,-8.0,20,11.16,16,8.93,70,0.156,5.59,0.1228
455,2279,7,120.8,253,28.75,45.46,11.17,1.732,6.0,-1.54,-8.0,25,12.42,38,18.87,149,0.036,1.35,0.0503
455,2279,8,119.9,65,0.11,3.55,0.62,0.0,0.0,-2.787,-7.13,2,1.0,0,0.0,5,0.969,0.94,0.0294
455,2279,9,118.5,223,36.04,57.32,15.55,1.402,6.0,-1.278,-8.0,15,7.59,20,10.13,92,0.049,5.86,0.1642
455,2280,0,120.6,242,27.8,53.28,16.28,1.646,6.0,-1.994,-8.0,35,17.41,27,13.43,133,0.107,5.5,0.1724
455,2280,1,119.6,210,49.52,85.42,25.94,1.506,6.0,-1.583,-6.315,21,10.54,32,16.05,96,0.076,9.45,0.2557
455,2280,2,120.4,196,41.78,72.42,24.77,1.382,6.0,-1.423,-6.176,21,10.47,19,9.47,89,0.107,3.97,0.1003
455,2280,3,97.6,212,36.34,63.6,15.78,1.612,6.0,-1.834,-8.0,32,19.67,17,10.45,117,0.024,2.69,0.0648
455,2281,0,120.0,153,44.42,76.32,29.7,1.385,6.0,-2.498,-8.0,14,7.0,15,7.5,51,0.222,8.97,0.1902
455,2281,1,77.6,144,52.6,75.47,21.28,1.305,6.0,-1.825,-8.0,17,13.14,9,6.96,76,0.035,6.46,0.1342
455,2287,0,120.3,267,41.69,53.47,9.4,0.424,2.426,-0.63,-2.241,4,2.0,1,0.5,50,0.0,3.82,0.1298
455,2287,1,120.6,176,20.08,46.35,17.49,1.453,6.0,-1.771,-8.0,15,7.46,18,8.96,75,0.318,5.81,0.1437
455,2287,2,119.4,219,24.84,45.5,15.25,1.355,6.0,-1.421,-8.0,25,12.56,19,9.55,92,0.119,4.18,0.1381
455,2287,3,119.9,190,20.36,38.93,14.39,1.262,4.88,-1.531,-8.0,10,5.0,22,11.01,82,0.242,4.01,0.1089
455,2287,4,120.6,206,31.25,53.32,20.46,1.27,6.0,-1.138,-8.0,9,4.48,11,5.47,67,0.214,1.17,0.0437
455,2287,5,119.9,246,34.59,50.14,13.4,0.974,6.0,-1.674,-8.0,22,11.01,18,9.01,109,0.081,8.38,0.2702
455,2287,6,120.1,142,6.52,42.69,10.1,1.926,6.0,-1.174,-3.907,3,1.5,12,6.0,38,0.577,3.44,0.0844
455,2287,7,120.1,209,17.03,43.69,14.07,1.597,6.0,-1.717,-8.0,22,10.99,24,11.99,87,0.201,2.04,0.0649
455,2287,8,119.9,268,59.89,74.06,14.29,1.268,6.0,-1.229,-8.0,13,6.51,25,12.51,111,0.0,12.93,0.4363
455,2287,9,119.8,253,47.53,69.4,21.15,1.089,6.0,-1.341,-8.0,19,9.52,16,8.01,114,0.04,5.96,0.1903
455,2287,10,120.2,219,52.39,76.43,22.1,1.332,6.0,-2.05,-8.0,29,14.48,14,6.99,108,0.078,6.12,0.1778
455,2287,11,60.6,41,7.58,33.19,10.02,3.693,6.0,-3.149,-8.0,5,4.95,4,3.96,18,0.537,0.72,0.0003
455,2289,0,65.2,103,38.33,77.35,29.95,2.795,6.0,-2.135,-8.0,18,16.56,9,8.28,55,0.184,3.13,0.0556
455,2290,0,120.3,261,73.41,91.02,15.81,0.77,5.731,-0.581,-3.38,3,1.5,10,4.99,42,0.0,11.28,0.3807
455,2290,1,120.0,266,51.16,74.75,24.8,0.545,2.694,-0.941,-8.0,11,5.5,2,1.0,63,0.0,1.97,0.0536
455,2290,2,117.2,260,46.35,63.24,18.07,0.725,3.102,-0.94,-8.0,9,4.61,8,4.1,57,0.027,2.96,0.088
455,2290,3,123.3,156,42.28,69.46,26.37,1.059,6.0,-0.549,-1.222,0,0.0,9,4.38,25,0.179,9.21,0.1871
455,2290,4,120.0,234,51.7,79.21,28.34,0.98,6.0,-1.119,-8.0,10,5.0,9,4.5,59,0.124,5.97,0.1768
455,2290,5,120.1,127,19.36,55.29,20.12,2.301,6.0,-1.138,-6.009,11,5.5,10,5.0,33,0.433,1.98,0.0421
455,2290,6,120.0,267,45.51,69.23,19.85,1.279,5.157,-1.483,-8.0,27,13.5,28,14.0,134,0.0,5.56,0.1832
455,2290,7,118.0,228,57.43,73.3,20.81,1.151,6.0,-1.416,-8.0,13,6.61,9,4.58,85,0.066,6.55,0.2074
455,2290,8,85.1,131,36.79,64.49,20.03,1.799,6.0,-1.829,-8.0,15,10.58,19,13.4,66,0.092,6.32,0.0976
455,2298,0,120.8,244,58.05,78.55,21.41,0.884,6.0,-1.149,-6.583,11,5.46,11,5.46,67,0.02,6.66,0.2221
455,2298,1,116.7,153,31.95,73.57,21.39,1.646,6.0,-2.118,-8.0,23,11.83,14,7.2,68,0.222,-0.1,0.0093
455,2300,0,120.1,256,46.16,59.89,10.68,1.311,6.0,-1.488,-8.0,21,10.49,23,11.49,114,0.0,8.07,0.2692
455,2300,1,120.7,204,38.58,71.76,23.77,1.748,6.0,-2.216,-8.0,23,11.43,24,11.93,105,0.118,7.71,0.2058
455,2300,2,120.1,266,54.37,67.16,11.17,0.955,5.713,-1.171,-8.0,23,11.49,15,7.49,87,0.0,7.33,0.2348
455,2300,3,62.9,139,52.22,72.86,16.95,1.261,6.0,-1.79,-6.389,17,16.22,15,14.31,70,0.0,8.84,0.155
455,2305,0,120.3,200,23.74,62.08,17.51,1.386,6.0,-1.477,-8.0,22,10.97,15,7.48,79,0.17,3.76,0.0967
455,2305,1,120.6,200,20.33,38.02,11.77,1.375,6.0,-1.503,-8.0,25,12.44,14,6.97,95,0.135,2.63,0.0701
455,2305,2,117.6,242,27.23,51.23,15.31,1.638,6.0,-1.645,-8.0,30,15.31,29,14.8,132,0.091,2.98,0.099
455,2305,3,122.4,199,37.35,53.35,16.29,0.955,6.0,-0.711,-3.296,6,2.94,11,5.39,56,0.111,4.98,0.1232
455,2305,4,119.9,191,34.92,57.67,19.24,1.105,6.0,-1.532,-8.0,19,9.51,13,6.51,85,0.126,3.24,0.0896
455,2305,5,62.0,141,40.79,58.46,12.83,0.74,4.019,-0.62,-3.861,2,1.94,6,5.81,32,0.0,5.49,0.095
455,2310,0,120.3,270,69.48,86.08,13.73,0.62,4.023,-0.945,-4.588,12,5.99,6,2.99,64,0.0,8.89,0.2848
455,2310,1,120.2,241,35.09,75.42,24.55,1.028,6.0,-0.943,-6.116,16,7.99,12,5.99,80,0.029,-0.12,-0.0034
455,2310,2,120.4,237,13.61,25.97,6.69,0.853,6.0,-0.874,-5.796,11,5.48,8,3.99,72,0.059,0.84,0.0239
455,2310,3,119.7,223,10.49,20.24,5.01,0.885,5.75,-1.138,-5.5,17,8.52,9,4.51,68,0.099,-0.02,0.0024
455,2310,4,118.3,241,47.97,70.78,22.54,0.733,6.0,-1.274,-5.963,12,6.09,6,3.04,62,0.058,3.15,0.0965
455,2310,5,97.1,135,37.35,68.72,28.49,1.599,6.0,-0.943,-4.074,4,2.47,12,7.42,48,0.23,10.76,0.187
455,2310,6,120.1,270,46.59,84.37,28.84,0.972,6.0,-1.272,-8.0,27,13.49,13,6.49,130,0.0,4.83,0.1565
455,2310,7,109.1,196,13.82,32.15,9.92,1.145,6.0,-1.327,-6.694,15,8.25,15,8.25,74,0.128,1.52,0.0397
455,2310,8,121.0,162,34.67,67.82,26.41,1.467,6.0,-1.753,-8.0,15,7.44,14,6.94,72,0.185,5.11,0.1232
455,2310,9,114.0,194,37.24,58.29,19.54,0.861,4.435,-1.236,-7.593,15,7.89,10,5.26,49,0.113,4.61,0.1064
455,2310,10,126.7,233,46.85,72.21,22.88,1.346,6.0,-0.95,-5.296,11,5.21,19,9.0,92,0.06,8.19,0.2555
455,2310,11,57.8,119,48.1,68.67,21.3,1.417,6.0,-2.577,-8.0,15,15.57,14,14.53,64,0.067,7.71,0.1093
455,2314,0,120.6,271,33.51,60.06,12.88,1.877,6.0,-1.977,-8.0,35,17.41,35,17.41,144,0.0,3.53,0.1018
455,2314,1,59.5,134,32.38,44.11,10.34,1.357,5.394,-1.782,-8.0,16,16.13,11,11.09,68,0.0,4.68,0.0769
455,2316,0,74.2,143,31.0,50.69,14.92,1.522,6.0,-1.693,-8.0,15,12.13,18,14.56,69,0.056,3.41,0.0564
455,2323,0,120.6,255,40.28,64.17,18.44,1.237,6.0,-2.288,-8.0,30,14.93,25,12.44,128,0.035,7.31,0.2404
455,2323,1,120.1,133,21.09,53.83,17.53,1.264,6.0,-1.374,-8.0,8,4.0,11,5.5,48,0.271,5.53,0.1094
455,2323,2,119.5,264,42.31,59.15,12.51,1.063,6.0,-0.93,-4.181,15,7.53,16,8.03,85,0.019,4.25,0.1312
455,2323,3,109.4,190,26.27,46.35,12.06,1.53,6.0,-1.809,-8.0,26,14.26,17,9.32,100,0.058,5.0,0.1218
455,2323,4,114.4,161,26.58,45.72,16.09,1.252,6.0,-2.017,-8.0,18,9.44,13,6.82,67,0.149,2.18,0.0524
455,2323,5,115.0,203,42.37,64.42,19.85,1.141,6.0,-1.686,-8.0,14,7.3,13,6.78,75,0.079,1.91,0.044
455,2323,6,82.6,163,35.35,52.36,15.36,1.802,6.0,-1.221,-8.0,11,7.99,23,16.71,86,0.031,9.57,0.212
455,2323,7,107.5,182,22.76,49.32,15.42,1.432,6.0,-2.209,-8.0,27,15.07,16,8.93,97,0.148,4.39,0.1145
455,2323,8,120.0,261,44.36,55.24,9.65,1.037,6.0,-0.834,-8.0,12,6.0,16,8.0,71,0.0,9.86,0.3238
455,2323,9,120.1,275,59.66,72.53,9.18,0.621,4.954,-0.691,-4.052,7,3.5,6,3.0,45,0.0,8.41,0.2826
455,2323,10,119.3,262,48.04,66.84,17.69,1.087,6.0,-1.137,-7.269,17,8.55,16,8.05,89,0.015,6.68,0.2316
455,2323,11,120.1,277,58.51,68.78,6.0,0.732,3.852,-0.669,-5.046,4,2.0,7,3.5,75,0.0,4.06,0.1427
455,2323,12,117.6,86,8.48,49.91,15.83,0.0,0.0,-2.115,-8.0,8,4.08,0,0.0,16,0.721,-2.17,-0.0059
455,2323,13,117.3,226,47.53,76.97,23.13,1.492,6.0,-1.387,-8.0,16,8.18,24,12.28,100,0.084,8.55,0.2624
455,2329,0,119.0,202,19.5,38.74,12.47,1.716,6.0,-1.773,-8.0,26,13.11,24,12.1,100,0.124,3.28,0.0838
455,2329,1,116.9,43,0.0,0.0,0.0,0.0,0.0,0.0,0.0,0,0.0,0,0.0,0,1.0,0.3,0.0118
455,2329,2,122.4,42,0.0,0.0,0.0,0.0,0.0,0.0,0.0,0,0.0,0,0.0,0,1.0,0.31,0.0131
455,2329,3,122.3,54,0.0,0.0,0.0,0.0,0.0,0.0,0.0,0,0.0,0,0.0,0,1.0,0.23,0.01
455,2329,4,101.6,57,0.0,0.0,0.0,0.0,0.0,0.0,0.0,0,0.0,0,0.0,0,1.0,0.22,0.0064
455,2329,5,120.0,80,2.81,11.26,4.1,0.751,3.731,0.0,0.0,0,0.0,2,1.0,6,0.65,0.71,0.0106
455,2329,6,42.8,67,9.14,15.72,5.02,1.021,4.417,-0.895,-2.87,2,2.8,4,5.61,18,0.179,0.54,0.0074
455,2335,0,119.7,248,36.56,52.25,12.62,1.164,6.0,-1.422,-8.0,30,15.04,14,7.02,114,0.036,5.33,0.161
455,2335,1,120.3,241,32.79,52.54,15.47,1.731,6.0,-1.495,-8.0,17,8.48,26,12.97,103,0.037,3.18,0.0872
455,2335,2,104.2,178,36.45,49.26,15.1,0.936,5.407,-1.001,-6.259,8,4.61,8,4.61,61,0.084,4.14,0.0992
455,2335,3,94.1,165,30.1,46.91,14.46,1.179,6.0,-1.737,-8.0,18,11.48,12,7.65,74,0.109,2.65,0.0637
455,2335,4,49.0,106,33.21,44.0,6.59,1.356,6.0,-1.027,-4.287,8,9.8,11,13.47,55,0.0,4.31,0.0526
455,2339,0,119.9,241,41.67,55.86,16.94,0.625,3.477,-0.871,-3.37,9,4.5,6,3.0,47,0.058,6.6,0.2076
455,2339,1,121.0,203,30.02,57.73,21.14,0.802,5.907,-0.87,-4.991,4,1.98,6,2.98,34,0.187,4.1,0.1204
455,2339,2,119.7,226,27.69,49.14,15.94,1.226,5.454,-1.583,-8.0,22,11.03,20,10.03,90,0.142,6.57,0.1811
455,2339,3,120.1,242,28.56,54.89,15.09,1.276,6.0,-1.629,-8.0,27,13.49,18,8.99,112,0.103,3.07,0.1023
455,2339,4,120.2,218,35.15,53.89,17.06,0.863,6.0,-0.665,-2.829,2,1.0,9,4.49,41,0.133,5.13,0.1584
455,2339,5,119.5,242,27.34,48.28,16.85,1.137,6.0,-1.461,-8.0,21,10.54,16,8.03,91,0.116,6.79,0.2111
455,2339,6,120.3,238,37.09,67.27,22.58,1.292,6.0,-1.237,-5.231,15,7.48,22,10.97,83,0.084,7.67,0.2386
455,2339,7,120.2,216,43.51,66.91,24.68,1.083,6.0,-1.649,-8.0,17,8.49,13,6.49,72,0.162,8.13,0.2351
455,2339,8,119.3,263,62.02,77.16,6.8,0.697,3.944,-0.839,-6.611,9,4.53,3,1.51,94,0.0,7.88,0.2643
455,2339,9,115.9,252,43.85,68.38,19.17,1.485,6.0,-1.593,-8.0,32,16.57,26,13.46,127,0.052,4.73,0.143
455,2344,0,120.9,225,47.69,67.19,24.21,0.461,3.296,-1.045,-6.199,11,5.46,2,0.99,45,0.147,4.78,0.142
455,2344,1,81.9,184,56.5,66.95,13.19,1.062,6.0,-0.985,-7.412,7,5.13,13,9.52,51,0.0,8.14,0.1821
455,2355,0,120.3,264,73.22,84.83,11.5,0.874,5.319,-0.599,-3.917,3,1.5,10,4.99,81,0.0,10.13,0.3431
455,2355,1,119.9,253,47.04,73.66,25.23,0.754,3.454,-1.181,-8.0,19,9.51,7,3.5,87,0.04,0.5,0.0104
455,2355,2,120.0,237,30.61,63.06,24.11,1.253,6.0,-1.308,-8.0,10,5.0,23,11.5,101,0.097,4.67,0.1524
455,2355,3,120.7,150,28.37,66.68,24.94,1.329,5.019,-2.029,-8.0,18,8.95,8,3.98,61,0.273,-2.69,-0.0512
455,2355,4,118.7,88,7.25,29.92,10.92,2.161,6.0,-1.493,-6.023,4,2.02,5,2.53,23,0.636,1.23,0.0137
455,2355,5,121.3,208,51.05,77.25,22.37,1.043,6.0,-0.827,-3.463,3,1.48,14,6.92,63,0.096,11.91,0.3127
455,2355,6,120.0,155,44.69,78.42,32.45,0.613,1.847,-1.564,-8.0,20,10.0,0,0.0,51,0.252,-1.91,-0.0274
455,2355,7,118.5,170,11.91,26.57,9.14,1.305,6.0,-1.248,-6.972,10,5.06,13,6.58,65,0.271,1.13,0.0283
455,2355,8,120.5,113,9.45,43.32,14.4,2.008,6.0,-1.799,-8.0,7,3.49,9,4.48,35,0.575,1.5,0.0236
455,2355,9,121.0,158,33.83,60.9,23.48,1.756,6.0,-1.825,-8.0,12,5.95,18,8.93,65,0.215,6.68,0.1214
455,2355,10,119.8,264,53.87,76.59,18.04,1.236,6.0,-1.367,-8.0,19,9.52,23,11.52,118,0.015,8.13,0.2622
455,2355,11,58.2,136,65.18,70.51,3.06,0.64,3.389,-0.68,-2.565,3,3.09,2,2.06,33,0.0,9.35,0.1543
455,2356,0,119.7,182,33.87,62.59,26.51,1.508,6.0,-1.565,-8.0,13,6.52,13,6.52,49,0.308,3.89,0.0923
455,2356,1,120.5,237,31.36,55.92,17.1,1.635,6.0,-1.792,-8.0,24,11.95,27,13.44,116,0.093,6.24,0.185
455,2356,2,120.6,268,36.1,53.33,14.03,2.216,6.0,-2.224,-8.0,44,21.89,44,21.89,167,0.026,8.44,0.276
455,2356,3,119.8,213,30.93,58.23,21.61,1.243,6.0,-1.923,-7.009,22,11.02,18,9.02,84,0.221,6.77,0.1918
455,2356,4,57.1,134,30.57,48.07,10.79,1.312,6.0,-1.051,-5.708,8,8.41,11,11.56,53,0.0,3.57,0.0502
455,2357,0,119.4,226,30.87,57.3,18.65,1.709,6.0,-2.24,-8.0,30,15.08,28,14.07,129,0.142,3.04,0.0845
455,2357,1,121.3,258,41.72,59.29,13.94,1.114,6.0,-1.455,-8.0,17,8.41,21,10.39,91,0.031,7.63,0.2463
455,2357,2,120.2,259,38.3,62.59,17.84,1.659,6.0,-2.077,-8.0,33,16.47,31,15.47,123,0.062,5.12,0.1707
455,2360,0,120.9,214,30.7,66.7,23.0,1.157,5.12,-1.495,-8.0,21,10.42,20,9.93,91,0.14,3.86,0.1147
455,2360,1,118.8,200,23.45,55.39,18.14,1.465,6.0,-1.371,-8.0,21,10.61,12,6.06,74,0.17,0.84,0.0274
455,2360,2,120.4,221,38.51,63.04,19.96,1.504,6.0,-1.184,-8.0,9,4.49,31,15.45,102,0.104,6.71,0.1781
455,2360,3,120.1,249,62.17,78.47,17.49,0.623,2.593,-1.39,-8.0,19,9.49,5,2.5,93,0.036,7.37,0.2322
455,2360,4,120.6,168,37.3,65.03,26.38,1.535,6.0,-1.169,-5.023,12,5.97,12,5.97,42,0.226,2.0,0.0425
455,2360,5,119.3,161,33.02,59.8,23.3,1.508,6.0,-1.51,-8.0,14,7.04,19,9.56,63,0.23,3.0,0.0654
455,2360,6,120.3,214,44.15,69.27,24.02,1.132,6.0,-1.131,-5.583,17,8.48,11,5.49,77,0.136,7.46,0.2022
455,2360,7,120.3,133,31.59,66.57,27.41,1.302,6.0,-1.131,-5.824,2,1.0,11,5.49,35,0.368,9.23,0.1587
455,2360,8,120.0,121,18.48,58.43,22.13,2.036,6.0,-2.586,-8.0,12,6.0,13,6.5,45,0.504,2.35,0.0413
455,2360,9,118.7,139,15.12,56.29,17.22,0.656,2.454,-1.197,-5.366,12,6.07,2,1.01,25,0.424,-0.81,-0.0099
455,2360,10,121.1,50,0.0,0.0,0.0,0.0,0.0,0.0,0.0,0,0.0,0,0.0,0,1.0,0.49,0.0163
455,2360,11,120.4,159,10.06,24.53,7.6,1.185,5.852,-1.143,-6.241,10,4.98,13,6.48,60,0.233,2.19,0.0465
455,2360,12,119.3,214,23.98,55.43,17.05,1.462,6.0,-1.576,-8.0,18,9.05,25,12.57,95,0.098,3.81,0.096
455,2360,13,120.5,254,40.39,75.09,21.9,1.33,6.0,-1.312,-6.741,20,9.96,20,9.96,103,0.039,3.17,0.0888
455,2360,14,120.2,279,47.11,68.89,15.12,1.227,5.139,-1.424,-8.0,24,11.98,30,14.98,120,0.0,5.78,0.2023
455,2377,0,120.2,250,45.38,66.97,17.42,1.095,6.0,-1.542,-8.0,23,11.48,20,9.98,106,0.028,7.2,0.2385
455,2377,1,120.0,217,39.76,76.73,27.12,0.933,4.389,-1.57,-6.014,24,12.0,9,4.5,81,0.134,1.5,0.0438
455,2377,2,120.4,140,23.96,57.9,22.59,1.737,6.0,-1.769,-8.0,12,5.98,14,6.98,55,0.386,-0.28,0.0006
455,2377,3,120.1,126,31.9,67.64,30.1,1.282,6.0,-0.216,-0.333,0,0.0,9,4.5,15,0.405,7.63,0.1324
455,2377,4,119.6,263,63.59,74.14,14.09,0.429,1.551,-1.058,-7.639,9,4.52,0,0.0,50,0.019,5.59,0.1743
455,2377,5,120.6,265,59.52,76.16,15.03,1.328,6.0,-1.043,-8.0,14,6.97,27,13.43,121,0.015,11.88,0.386
455,2377,6,58.7,78,31.97,70.29,25.52,2.518,6.0,-2.281,-8.0,13,13.29,11,11.24,39,0.231,3.92,0.0312
541,672,0,120.1,220,43.88,56.13,17.41,1.115,6.0,-1.116,-6.935,15,7.49,11,5.5,55,0.064,5.23,0.1463
541,672,1,120.4,268,49.24,65.9,13.99,0.576,4.028,-0.777,-4.019,8,3.99,3,1.5,49,0.0,6.99,0.2317
541,672,2,99.3,169,30.02,66.56,22.49,1.526,6.0,-1.498,-6.944,21,12.69,12,7.25,71,0.201,-0.99,-0.0159
541,673,0,120.8,245,41.05,59.7,16.7,1.534,6.0,-1.393,-7.713,13,6.46,20,9.93,87,0.049,8.36,0.2739
541,673,1,120.1,249,43.4,63.64,19.42,0.972,6.0,-1.185,-8.0,14,6.99,14,6.99,71,0.088,5.88,0.1827
541,673,2,120.0,272,61.41,73.65,12.7,0.87,6.0,-0.852,-4.875,11,5.5,10,5.0,60,0.0,5.8,0.1959
541,673,3,46.5,81,29.62,68.8,21.37,1.785,6.0,-2.308,-6.926,6,7.74,18,23.23,43,0.16,11.62,0.1214
541,693,0,120.8,257,50.44,67.74,16.95,0.733,6.0,-0.829,-6.824,10,4.97,8,3.97,64,0.031,5.35,0.1796
541,693,1,119.6,190,52.82,72.43,24.17,1.232,6.0,-1.616,-8.0,19,9.53,12,6.02,77,0.105,3.55,0.0894
541,693,2,89.1,171,35.17,62.49,20.72,1.885,6.0,-1.561,-8.0,19,12.79,26,17.51,99,0.053,6.75,0.1432
541,834,0,120.7,246,52.39,82.31,28.7,1.23,6.0,-1.838,-8.0,32,15.91,13,6.46,109,0.098,8.36,0.2676
541,845,0,61.9,131,56.7,78.95,19.53,1.877,6.0,-1.929,-8.0,16,15.51,22,21.32,81,0.0,13.26,0.2178
541,1072,0,120.9,277,70.35,85.71,18.93,1.393,6.0,-1.208,-8.0,15,7.44,22,10.92,108,0.0,17.43,0.5911
541,1072,1,119.9,246,67.86,82.87,12.74,0.95,6.0,-1.366,-8.0,17,8.51,9,4.5,86,0.0,5.25,0.1817
541,1072,2,119.8,197,46.86,74.23,22.04,1.022,4.852,-1.774,-8.0,22,11.02,9,4.51,85,0.081,0.74,0.0285
541,1073,0,120.9,196,28.65,50.5,17.79,0.988,6.0,-1.522,-8.0,11,5.46,11,5.46,65,0.199,4.58,0.1277
541,1073,1,116.8,243,52.46,63.37,13.04,0.623,3.343,-1.209,-8.0,15,7.71,2,1.03,75,0.025,8.14,0.2453
541,1073,2,123.1,211,57.6,84.0,34.19,1.58,6.0,-0.597,-3.352,4,1.95,13,6.34,41,0.218,18.96,0.4909
541,1073,3,120.1,270,65.06,82.09,15.56,0.874,6.0,-0.99,-8.0,13,6.49,11,5.5,68,0.0,6.55,0.22
541,1073,4,119.7,257,49.29,73.76,20.67,1.144,6.0,-1.212,-8.0,10,5.01,17,8.52,70,0.066,6.62,0.2133
541,1148,0,120.9,247,42.21,70.7,24.74,1.842,6.0,-2.058,-8.0,40,19.85,27,13.4,131,0.073,4.17,0.1454
541,1148,1,59.4,82,10.22,37.54,10.74,1.373,6.0,-2.321,-8.0,13,13.13,6,6.06,38,0.183,2.17,0.0318
541,1151,0,120.3,140,36.71,66.94,24.3,1.51,6.0,-1.687,-8.0,13,6.48,11,5.49,63,0.243,1.69,0.03
541,1151,1,72.6,139,57.88,72.88,18.67,1.448,6.0,-0.385,-1.0,0,0.0,15,12.4,34,0.036,13.13,0.24
541,1153,0,111.8,183,54.0,77.52,26.29,1.136,6.0,-1.45,-8.0,13,6.98,11,5.9,47,0.12,6.23,0.1586
