VehId,Trip,window_id,duration_s,sample_count,mean_speed_kmh,max_speed_kmh,std_speed_kmh,mean_pos_accel_ms2,max_pos_accel_ms2,mean_neg_accel_ms2,min_neg_accel_ms2,hard_braking_events,hard_braking_rate_min,rapid_accel_events,rapid_accel_rate_min,high_jerk_events,idle_ratio,mean_power_kw,total_energy_kwh,cluster_id,cluster_label,pca_x,pca_y
10,1558,0,102.0,85,35.9,54.52,16.07,0.67,2.115,-0.712,-1.833,0,0.0,1,0.59,0,0.059,4.49,0.1268,1,Moderado / Regular,0.7384208452071287,-0.5036391012721728
10,1561,0,112.0,84,22.0,53.05,15.94,0.58,1.556,-0.685,-1.469,0,0.0,0,0.0,0,0.083,9.25,0.2517,1,Moderado / Regular,-0.4555543636168154,-1.0901346366983398
10,1561,1,116.0,84,26.18,47.44,15.63,0.984,2.233,-0.993,-2.768,5,2.59,3,1.55,0,0.095,5.13,0.1504,2,Agressivo / Dinâmico,3.3652056284684018,0.2369231505285734
10,1561,2,122.0,94,21.42,44.01,14.07,0.929,1.844,-1.051,-2.1,2,0.98,0,0.0,0,0.096,4.24,0.1389,1,Moderado / Regular,0.9878113074775073,-1.1917386882549006
10,1561,3,101.0,83,23.98,51.0,17.07,0.591,1.744,-0.913,-2.53,1,0.59,0,0.0,0,0.072,5.88,0.1421,1,Moderado / Regular,-0.00823582841292343,-0.6484980927102886
10,1567,0,120.0,83,20.62,36.93,12.86,0.636,1.722,-0.545,-1.388,0,0.0,0,0.0,0,0.157,6.86,0.2043,1,Moderado / Regular,-0.27070117340787164,-1.426211636191625
10,1567,1,120.0,92,24.31,41.83,12.63,0.706,1.979,-0.54,-1.446,0,0.0,0,0.0,0,0.065,5.01,0.165,1,Moderado / Regular,0.13828569063149843,-1.398886361769265
10,1567,2,117.0,56,11.02,37.4,13.5,0.916,1.994,-0.762,-2.023,1,0.51,0,0.0,0,0.393,5.16,0.1263,1,Moderado / Regular,1.0274336098111172,-1.9686424029890488
10,1568,0,120.0,113,37.0,49.09,9.26,0.457,1.597,-0.499,-1.348,0,0.0,0,0.0,0,0.0,5.98,0.1952,0,Econômico / Suave,-1.1917294296665024,-0.6111817677626508
10,1568,1,113.0,43,3.82,28.08,6.5,0.249,0.444,-0.668,-1.279,0,0.0,0,0.0,0,0.558,1.48,0.0565,0,Econômico / Suave,-2.7821028897822364,-1.8600652207738717
10,1568,2,70.0,31,16.0,42.29,17.72,0.772,2.213,-0.334,-0.38,0,0.0,2,1.71,0,0.387,5.13,0.0706,2,Agressivo / Dinâmico,2.2963338995597233,-1.2259754215163774
10,1572,0,120.0,86,29.34,58.74,16.43,0.797,2.092,-0.709,-1.75,0,0.0,1,0.5,0,0.105,9.33,0.2397,1,Moderado / Regular,1.0499370381844495,-0.9765617339103186
10,1572,1,115.0,94,27.18,47.68,13.68,0.629,2.246,-0.638,-2.139,1,0.52,2,1.04,0,0.085,2.51,0.0693,2,Agressivo / Dinâmico,1.26660044739113,-0.6122018611615925
10,1572,2,119.0,87,17.78,48.12,14.87,1.056,2.381,-0.852,-2.594,2,1.01,5,2.52,0,0.138,6.2,0.1886,2,Agressivo / Dinâmico,4.057467746386899,-0.9662815626427514
10,1578,0,120.0,110,23.25,42.8,15.22,0.865,2.141,-0.795,-2.672,2,1.0,2,1.0,0,0.191,4.68,0.1452,2,Agressivo / Dinâmico,2.0055466617051336,-0.755850304592397
10,1578,1,114.0,102,12.74,34.39,11.45,0.663,1.712,-0.551,-1.194,0,0.0,0,0.0,0,0.324,4.11,0.123,1,Moderado / Regular,-0.2079295437166656,-1.9053113761156846
10,1582,0,54.0,54,26.22,38.78,10.14,0.695,1.594,-0.772,-1.655,0,0.0,0,0.0,0,0.0,2.55,0.0383,1,Moderado / Regular,-0.42946970348130686,-1.3826927558036235
10,1585,0,115.0,79,21.08,73.8,30.45,0.178,0.265,-1.02,-2.786,3,1.57,0,0.0,0,0.633,1.57,0.0438,0,Econômico / Suave,-1.6632284840850875,1.2784563563424973
10,1585,1,120.0,105,29.27,62.19,18.62,0.913,2.923,-0.831,-1.814,0,0.0,3,1.5,0,0.162,6.28,0.1858,2,Agressivo / Dinâmico,3.160263632546732,-0.8989278248818778
10,1599,0,118.0,98,37.7,65.98,25.52,0.221,0.397,-0.536,-1.6,0,0.0,0,0.0,0,0.224,2.12,0.0632,0,Econômico / Suave,-2.289841901087449,0.8221897268032649
10,1599,1,118.0,99,21.3,51.58,16.88,0.889,2.614,-0.797,-1.494,0,0.0,2,1.02,0,0.242,6.71,0.202,2,Agressivo / Dinâmico,2.3625058488396995,-1.4005335928556406
10,1599,2,122.0,96,25.08,52.19,18.14,0.762,2.027,-0.748,-2.059,1,0.49,1,0.49,0,0.229,5.18,0.1483,1,Moderado / Regular,1.1554855289621044,-0.7513710208932464
10,1599,3,120.0,89,12.25,50.72,15.91,0.807,1.686,-0.771,-2.007,1,0.5,0,0.0,0,0.494,1.75,0.0513,1,Moderado / Regular,0.5205678518469187,-1.591287501297851
10,1599,4,54.0,52,21.33,41.94,13.85,0.91,1.962,-0.708,-1.728,0,0.0,0,0.0,0,0.115,2.61,0.0375,1,Moderado / Regular,0.7434576978783599,-1.7424271448356652
10,1601,0,120.0,111,24.9,50.83,18.52,0.898,2.321,-0.719,-1.436,0,0.0,3,1.5,0,0.252,7.87,0.2499,2,Agressivo / Dinâmico,2.5262386140790354,-1.0033071856634694
10,1601,1,87.0,78,19.74,42.36,15.82,0.676,1.536,-0.759,-1.937,0,0.0,0,0.0,0,0.256,5.82,0.1328,1,Moderado / Regular,-0.2091049797388611,-1.3288899695797558
10,1602,0,78.0,77,31.2,43.64,12.06,0.411,1.274,-0.449,-0.795,0,0.0,0,0.0,0,0.026,3.48,0.0764,0,Econômico / Suave,-1.4638846066204139,-0.6148787125656244
10,1615,0,120.0,102,28.32,64.54,22.34,0.657,1.959,-0.815,-1.835,0,0.0,0,0.0,0,0.216,6.16,0.185,1,Moderado / Regular,0.42019031106142074,-0.5975630143535804
10,1625,0,111.0,99,50.08,67.99,20.29,0.372,1.065,-0.731,-1.731,0,0.0,0,0.0,0,0.101,6.68,0.1863,0,Econômico / Suave,-1.5561516018160217,0.8034215802868577
10,1625,1,113.0,101,34.46,56.58,17.15,0.756,2.112,-0.836,-2.301,1,0.53,1,0.53,0,0.119,7.59,0.216,1,Moderado / Regular,1.1432901897234562,-0.3454570525351307
10,1625,2,119.0,88,19.58,45.11,17.29,0.915,2.0,-1.221,-2.518,3,1.51,1,0.5,0,0.33,2.98,0.0807,2,Agressivo / Dinâmico,1.867009219058247,-0.6893141206700397
10,1625,3,78.0,65,19.0,41.61,14.11,1.12,2.227,-1.264,-2.995,2,1.54,3,2.31,0,0.231,5.96,0.1133,2,Agressivo / Dinâmico,4.009863882039906,-0.7724105939737602
10,1629,0,120.0,118,28.92,50.34,13.57,0.675,1.923,-0.44,-1.112,0,0.0,0,0.0,0,0.034,7.66,0.257,1,Moderado / Regular,0.0024597546786093312,-1.0829650349810918
10,1629,1,120.0,102,18.71,50.37,17.56,0.751,1.445,-0.812,-1.739,0,0.0,0,0.0,0,0.225,2.38,0.0753,1,Moderado / Regular,-0.013487793466695082,-1.3677663695330367
10,1629,2,75.0,61,20.41,43.7,15.19,0.689,2.138,-0.805,-1.914,0,0.0,1,0.8,0,0.246,3.88,0.0717,1,Moderado / Regular,1.0821143087608622,-1.250384535284071
10,1638,0,119.0,106,36.17,67.34,28.76,0.167,0.242,-0.702,-1.331,0,0.0,0,0.0,0,0.34,4.04,0.1264,0,Econômico / Suave,-2.4244109693762126,1.0284458272925643
10,1638,1,121.0,112,29.68,52.39,17.83,0.721,1.737,-0.502,-1.14,0,0.0,0,0.0,0,0.205,9.68,0.3055,1,Moderado / Regular,0.12791155671811888,-0.8447438922847921
10,1638,2,120.0,110,19.79,43.04,15.27,0.646,2.015,-0.935,-1.94,0,0.0,1,0.5,0,0.136,2.05,0.0684,1,Moderado / Regular,0.6004262572992282,-1.2681306289426881
10,1638,3,120.0,103,20.98,47.91,15.93,0.768,2.216,-0.938,-1.788,0,0.0,2,1.0,0,0.272,5.45,0.1639,2,Agressivo / Dinâmico,1.5685474594853224,-1.2543734151377104
10,1644,0,120.0,114,40.17,64.99,19.84,0.578,2.2,-0.655,-2.607,2,1.0,2,1.0,0,0.035,7.02,0.2282,2,Agressivo / Dinâmico,1.382919097361569,0.668022298610634
10,1644,1,118.0,105,40.65,72.35,22.13,0.615,1.54,-0.88,-2.331,5,2.54,0,0.0,0,0.124,9.17,0.2711,1,Moderado / Regular,0.5499439618437868,1.4847103106829123
10,1644,2,120.0,86,17.54,58.07,20.4,0.592,1.237,-0.863,-2.138,2,1.0,0,0.0,0,0.5,3.45,0.0911,1,Moderado / Regular,-0.1886728036969093,-0.4628983782165025
10,1644,3,119.0,118,48.87,66.5,13.02,0.343,0.801,-0.543,-2.387,3,1.51,0,0.0,0,0.034,3.95,0.1296,0,Econômico / Suave,-1.7734522511608197,1.251593998383477
10,1644,4,119.0,100,38.36,55.31,18.92,0.563,2.33,-0.313,-1.198,0,0.0,1,0.5,0,0.16,5.04,0.1506,1,Moderado / Regular,0.7214302483808682,-0.13458299356839773
10,1644,5,120.0,85,5.49,29.97,8.67,0.69,1.095,-0.806,-1.775,0,0.0,0,0.0,0,0.6,1.48,0.0441,1,Moderado / Regular,-0.8503862660740464,-2.3486747942567203
10,1644,6,120.0,98,26.88,50.28,18.95,0.634,1.656,-0.781,-2.266,1,0.5,0,0.0,0,0.265,6.96,0.1938,1,Moderado / Regular,0.04977253203583483,-0.5046482138124655
10,1644,7,93.0,74,22.17,50.28,17.43,0.949,2.094,-0.826,-1.998,0,0.0,1,0.65,0,0.284,0.81,0.0192,1,Moderado / Regular,1.6891130581563116,-1.4239377559556092
10,1674,0,118.0,97,33.4,64.95,23.62,0.804,2.124,-0.871,-1.843,0,0.0,1,0.51,0,0.196,10.56,0.3029,1,Moderado / Regular,1.4202683025862473,-0.395629010196154
10,1674,1,122.0,73,4.05,46.01,11.21,1.159,1.807,0.0,0.0,0,0.0,0,0.0,0,0.863,4.03,0.1025,1,Moderado / Regular,1.2642321406569395,-3.006699752553056
10,1674,2,118.0,84,45.62,66.93,21.12,0.616,2.042,-0.877,-2.254,3,1.53,1,0.51,0,0.095,14.11,0.5388,2,Agressivo / Dinâmico,1.0906178974129321,1.1439313564393776
10,1674,3,122.0,40,55.19,55.19,0.0,0.0,0.0,0.0,0.0,0,0.0,0,0.0,0,0.0,26.96,0.9138,0,Econômico / Suave,-4.6708183470811875,0.5490761664139265
10,1707,0,120.0,116,28.29,48.42,15.87,0.806,1.915,-0.902,-2.259,2,1.0,0,0.0,0,0.121,9.88,0.324,1,Moderado / Regular,0.7696908959279487,-0.6044934107012853
10,1707,1,117.0,106,26.84,55.9,16.77,1.176,3.44,-0.892,-2.723,3,1.54,5,2.56,0,0.104,5.24,0.1609,2,Agressivo / Dinâmico,5.690021986408721,-0.44591708225127435
10,1707,2,119.0,111,38.39,66.89,27.34,0.679,2.157,-0.696,-1.675,0,0.0,2,1.01,0,0.144,7.84,0.2473,2,Agressivo / Dinâmico,1.675545655493076,0.32438317509115216
10,1707,3,72.0,63,22.88,46.89,18.8,0.721,2.025,-0.913,-1.525,0,0.0,1,0.83,0,0.286,9.08,0.1652,1,Moderado / Regular,1.2253273585387274,-0.9538517311623604
10,1712,0,120.0,120,47.26,67.45,12.76,0.352,0.683,-0.619,-1.663,0,0.0,0,0.0,0,0.0,7.26,0.2418,0,Econômico / Suave,-2.345195138687028,0.3289068717553233
10,1712,1,116.0,96,18.46,53.15,18.35,0.711,1.864,-0.664,-1.272,0,0.0,0,0.0,0,0.312,5.65,0.1561,1,Moderado / Regular,0.3587431482932016,-1.338386758831448
10,1712,2,118.0,96,7.99,22.56,6.99,0.524,1.374,-0.364,-1.038,0,0.0,0,0.0,0,0.344,1.22,0.0384,1,Moderado / Regular,-1.0997690203944723,-2.1409148598433894
10,1712,3,122.0,101,13.74,37.96,13.28,0.612,1.263,-0.829,-1.666,0,0.0,0,0.0,0,0.337,1.77,0.0565,1,Moderado / Regular,-0.7318530560322486,-1.6249288024409632
10,1712,4,113.0,110,22.78,51.58,14.08,0.723,1.599,-0.584,-2.083,1,0.53,0,0.0,0,0.091,4.17,0.1287,1,Moderado / Regular,0.03618204151245809,-1.064667772682487
10,1721,0,120.0,117,48.45,79.88,19.8,0.553,1.445,-0.659,-1.129,0,0.0,0,0.0,0,0.026,10.79,0.3516,1,Moderado / Regular,-0.6914774387896596,0.4025035755219921
10,1721,1,120.0,104,17.36,54.81,18.64,0.733,1.431,-0.774,-2.139,1,0.5,0,0.0,0,0.404,6.18,0.1952,1,Moderado / Regular,0.1454026068175286,-1.0656953092207277
10,1721,2,120.0,107,14.29,45.96,11.94,0.631,1.587,-0.732,-2.029,1,0.5,0,0.0,0,0.234,3.31,0.1067,1,Moderado / Regular,-0.2559641618840911,-1.4680179573922392
10,1721,3,120.0,106,20.03,46.45,15.85,1.152,2.154,-1.379,-3.027,10,5.0,3,1.5,0,0.226,6.75,0.2071,2,Agressivo / Dinâmico,4.505790770389561,1.0732818207741621
10,1725,0,120.0,106,32.18,57.91,21.4,0.686,1.919,-0.661,-2.323,1,0.5,0,0.0,0,0.236,9.96,0.305,1,Moderado / Regular,0.5323287307055471,-0.2283959338869524
10,1725,1,120.0,103,25.15,52.14,18.07,0.992,2.16,-0.877,-2.316,3,1.5,2,1.0,0,0.223,4.16,0.1308,2,Agressivo / Dinâmico,2.637479729147968,-0.4050603163445074
10,1727,0,120.0,109,19.14,46.97,17.01,0.73,1.571,-0.679,-1.444,0,0.0,0,0.0,0,0.266,4.79,0.1534,1,Moderado / Regular,0.03239599171828679,-1.3677309010881513
10,1727,1,82.0,68,22.71,42.65,16.25,0.522,1.379,-0.688,-1.487,0,0.0,0,0.0,0,0.265,10.11,0.198,1,Moderado / Regular,-0.7845908130524033,-0.9367528822112551
10,1728,0,119.0,99,31.58,52.14,19.03,0.559,2.024,-0.865,-1.835,0,0.0,1,0.5,0,0.182,3.55,0.1151,1,Moderado / Regular,0.45690633537188896,-0.39435878028005805
10,1737,0,120.0,118,26.92,47.54,15.04,0.719,1.876,-0.734,-2.545,1,0.5,0,0.0,0,0.119,11.81,0.3956,1,Moderado / Regular,0.31487472337193706,-0.86855640734476
10,1737,1,120.0,104,13.21,52.78,16.36,0.868,1.547,-0.903,-1.766,0,0.0,0,0.0,0,0.462,6.58,0.2141,1,Moderado / Regular,0.39242926541594253,-1.862494734644538
10,1737,2,120.0,107,15.99,52.14,19.36,0.941,1.821,-0.923,-1.917,0,0.0,0,0.0,0,0.477,7.21,0.2347,1,Moderado / Regular,0.9906695340708499,-1.7018434368329112
10,1737,3,120.0,120,50.81,77.32,20.66,0.498,1.241,-0.499,-1.564,0,0.0,0,0.0,0,0.058,14.93,0.4977,0,Econômico / Suave,-1.0289533444953034,0.6628200181339466
10,1737,4,120.0,116,29.01,48.33,16.77,0.71,1.971,-0.77,-2.361,3,1.5,0,0.0,0,0.086,13.09,0.4314,1,Moderado / Regular,0.769017135845203,-0.12065700345700318
10,1737,5,83.0,79,24.84,45.5,14.28,0.746,2.316,-0.932,-2.062,1,0.72,3,2.17,0,0.114,8.23,0.1878,2,Agressivo / Dinâmico,2.6995257273765643,-0.48467852988205745
10,1756,0,120.0,109,14.91,50.36,20.3,0.539,1.276,-0.994,-2.833,4,2.0,0,0.0,0,0.578,7.06,0.2245,1,Moderado / Regular,0.044802230288258124,0.03107592538385292
10,1756,1,120.0,103,0.0,0.0,0.0,0.0,0.0,0.0,0.0,0,0.0,0,0.0,0,1.0,3.8,0.1255,0,Econômico / Suave,-4.181031131438371,-2.00365689244464
10,1756,2,120.0,118,18.65,49.19,13.45,0.794,2.215,-0.954,-2.793,2,1.0,1,0.5,0,0.153,8.04,0.2638,1,Moderado / Regular,1.4357584212298757,-1.096930341569639
10,1761,0,120.0,110,16.19,41.0,12.83,0.594,1.794,-0.591,-1.086,0,0.0,0,0.0,0,0.227,5.34,0.1699,1,Moderado / Regular,-0.2683767487957211,-1.5857605588213823
10,1761,1,120.0,113,11.21,23.82,7.57,0.401,1.117,-0.349,-1.027,0,0.0,0,0.0,0,0.239,4.27,0.1387,1,Moderado / Regular,-1.6929313030197028,-1.7570297844614953
10,1761,2,120.0,113,14.15,40.65,11.12,0.786,1.644,-0.736,-1.806,0,0.0,0,0.0,0,0.23,5.86,0.1888,1,Moderado / Regular,0.0168998107501467,-2.0161435910319754
10,1761,3,120.0,114,41.18,65.73,18.33,0.6,2.385,-0.563,-1.77,0,0.0,2,1.0,0,0.061,5.58,0.178,2,Agressivo / Dinâmico,1.2384292343709267,0.019640192655095416
10,1761,4,120.0,112,24.98,59.96,19.97,0.546,1.466,-0.52,-1.787,0,0.0,0,0.0,0,0.205,7.63,0.247,1,Moderado / Regular,-0.4715347621628421,-0.6668978340368903
10,1761,5,120.0,116,28.97,50.92,16.85,0.574,1.47,-0.685,-1.659,0,0.0,0,0.0,0,0.086,8.68,0.2816,1,Moderado / Regular,-0.5791886640341103,-0.6965189404851275
10,1761,6,118.0,108,24.15,43.29,16.36,0.733,1.878,-0.749,-2.02,1,0.51,0,0.0,0,0.194,4.16,0.1321,1,Moderado / Regular,0.4451449099041141,-0.93608979736966
10,1765,0,120.0,112,29.11,56.03,20.23,0.808,2.739,-0.813,-1.375,0,0.0,3,1.5,0,0.179,10.88,0.3507,2,Agressivo / Dinâmico,2.7703458692659826,-0.6478822040956264
10,1765,1,120.0,105,21.19,62.6,27.02,0.695,1.485,-0.248,-0.772,0,0.0,0,0.0,0,0.571,10.5,0.3234,1,Moderado / Regular,0.31414251388278597,-0.6500643917548693
10,1765,2,120.0,118,49.73,79.09,23.68,0.423,2.072,-0.717,-2.089,1,0.5,1,0.5,0,0.059,9.12,0.2997,1,Moderado / Regular,0.36832049054713234,1.1621450036667664
10,1765,3,120.0,104,29.38,73.16,30.08,0.707,1.776,-0.79,-1.357,0,0.0,0,0.0,0,0.413,7.56,0.2352,1,Moderado / Regular,0.7242154081422502,-0.1554010309597229
10,1769,0,120.0,105,38.89,65.16,25.7,0.599,1.79,-0.485,-1.25,0,0.0,0,0.0,0,0.21,7.0,0.2176,1,Moderado / Regular,0.15885802783532477,0.18247329196688147
10,1769,1,120.0,105,27.91,58.46,20.45,0.706,2.197,-0.813,-2.609,3,1.5,1,0.5,0,0.181,7.9,0.2553,2,Agressivo / Dinâmico,1.5968433400135786,0.12466160453098098
10,1769,2,119.0,118,35.91,53.03,13.9,0.546,1.67,-0.837,-2.061,1,0.5,0,0.0,0,0.034,7.45,0.2449,1,Moderado / Regular,-0.49086651795176633,-0.25382316645981473
10,1769,3,52.0,32,6.18,25.56,10.18,0.943,1.628,-0.131,-0.131,0,0.0,0,0.0,0,0.688,3.2,0.0386,1,Moderado / Regular,0.4395081284402545,-2.648467222737377
10,1771,0,119.0,119,44.85,74.52,21.22,0.654,1.889,-0.729,-1.558,0,0.0,0,0.0,0,0.008,6.97,0.2303,1,Moderado / Regular,0.13858264829928246,0.11768253392815878
10,1771,1,121.0,88,4.77,40.83,12.2,1.017,2.057,-0.274,-0.274,0,0.0,1,0.5,0,0.852,4.68,0.1368,1,Moderado / Regular,1.6076803506622066,-2.6447427659085356
10,1771,2,120.0,109,26.48,68.98,19.43,1.076,2.015,-0.716,-2.344,5,2.5,1,0.5,0,0.193,8.82,0.2727,2,Agressivo / Dinâmico,2.6596602413967902,0.07902451700302977
10,1771,3,119.0,105,10.28,40.2,10.02,0.582,1.725,-0.645,-1.888,0,0.0,0,0.0,0,0.19,2.64,0.0855,1,Moderado / Regular,-0.45489122499232215,-1.991511393997919
10,1771,4,121.0,93,15.23,40.42,14.82,0.798,2.139,-0.549,-1.631,0,0.0,1,0.5,0,0.323,2.58,0.0788,1,Moderado / Regular,1.1493377149633488,-1.727672211271493
10,1771,5,107.0,90,18.25,40.81,14.71,0.751,2.03,-1.044,-2.266,2,1.12,1,0.56,0,0.256,5.05,0.1335,1,Moderado / Regular,1.28103352049926,-0.8803130790163476
10,1778,0,120.0,118,41.46,64.08,14.42,0.631,1.255,-0.486,-1.336,0,0.0,0,0.0,0,0.0,5.08,0.1677,1,Moderado / Regular,-0.8812343984758058,-0.30327533047351113
10,1778,1,120.0,108,31.96,57.67,18.66,0.969,1.954,-0.676,-2.47,2,1.0,0,0.0,0,0.148,8.07,0.247,1,Moderado / Regular,1.3418291476279822,-0.5041724990345675
10,1778,2,119.0,112,23.1,45.39,17.25,0.854,1.887,-0.661,-2.201,1,0.5,0,0.0,0,0.268,3.39,0.1088,1,Moderado / Regular,0.8225202669971384,-1.1054809974719535
10,1778,3,36.0,35,25.06,37.26,7.92,0.491,1.107,-0.751,-1.755,0,0.0,0,0.0,0,0.0,5.28,0.0526,0,Econômico / Suave,-1.5721970946542736,-1.217422301306816
10,1781,0,120.0,109,14.97,29.76,8.51,0.419,1.184,-0.596,-1.401,0,0.0,0,0.0,0,0.128,8.13,0.2642,1,Moderado / Regular,-1.5636482756015386,-1.5638578930608724
10,1781,1,119.0,107,11.1,27.21,10.13,0.443,1.066,-0.498,-1.256,0,0.0,0,0.0,0,0.393,6.54,0.2145,1,Moderado / Regular,-1.5112243068042388,-1.6679434513840152
10,1781,2,120.0,94,0.23,6.32,1.12,0.421,0.585,-0.475,-0.585,0,0.0,0,0.0,0,0.957,5.32,0.1773,0,Econômico / Suave,-2.408710890627181,-2.581747417236904
10,1781,3,121.0,113,8.75,28.54,8.32,0.595,1.116,-0.508,-1.012,0,0.0,0,0.0,0,0.345,7.19,0.2361,1,Moderado / Regular,-1.1246605830113499,-2.0916187389818877
10,1781,4,43.0,40,14.0,29.31,9.66,0.818,1.702,-0.535,-0.909,0,0.0,0,0.0,0,0.25,6.96,0.0817,1,Moderado / Regular,0.0928312893719044,-2.156679580927387
10,1793,0,120.0,114,37.81,71.05,28.73,0.735,2.062,-0.723,-1.74,0,0.0,1,0.5,0,0.263,11.16,0.3614,1,Moderado / Regular,1.3722616345117893,0.19586892849488938
10,1793,1,120.0,107,19.96,45.28,18.07,0.696,1.648,-0.655,-1.992,0,0.0,0,0.0,0,0.346,10.26,0.3287,1,Moderado / Regular,0.06691903721709698,-1.2346295375504304
10,1793,2,120.0,115,19.33,40.76,12.69,0.594,1.732,-0.7,-2.318,1,0.5,0,0.0,0,0.148,8.24,0.27,1,Moderado / Regular,-0.21073787413038159,-1.1624872094874505
10,1793,3,120.0,111,14.95,38.54,10.58,0.758,1.979,-0.831,-1.896,0,0.0,0,0.0,0,0.243,7.23,0.2368,1,Moderado / Regular,0.2597137845907911,-2.017761906136913
10,1793,4,120.0,104,2.76,25.42,6.3,0.555,1.305,-0.755,-1.502,0,0.0,0,0.0,0,0.798,4.68,0.1537,1,Moderado / Regular,-1.076896205340829,-2.454199258103748
10,1793,5,120.0,102,0.0,0.0,0.0,0.0,0.0,0.0,0.0,0,0.0,0,0.0,0,1.0,3.81,0.1271,0,Econômico / Suave,-4.181031131438371,-2.00365689244464
10,1793,6,120.0,103,0.0,0.0,0.0,0.0,0.0,0.0,0.0,0,0.0,0,0.0,0,1.0,3.47,0.1161,0,Econômico / Suave,-4.181031131438371,-2.00365689244464
10,1793,7,120.0,100,0.0,0.0,0.0,0.0,0.0,0.0,0.0,0,0.0,0,0.0,0,1.0,3.3,0.1096,0,Econômico / Suave,-4.181031131438371,-2.00365689244464
10,1793,8,120.0,96,0.0,0.0,0.0,0.0,0.0,0.0,0.0,0,0.0,0,0.0,0,1.0,3.1,0.103,0,Econômico / Suave,-4.181031131438371,-2.00365689244464
10,1793,9,120.0,105,0.0,0.0,0.0,0.0,0.0,0.0,0.0,0,0.0,0,0.0,0,1.0,2.98,0.0992,0,Econômico / Suave,-4.181031131438371,-2.00365689244464
10,1793,10,120.0,103,0.0,0.0,0.0,0.0,0.0,0.0,0.0,0,0.0,0,0.0,0,1.0,2.89,0.0961,0,Econômico / Suave,-4.181031131438371,-2.00365689244464
10,1793,11,120.0,104,0.0,0.0,0.0,0.0,0.0,0.0,0.0,0,0.0,0,0.0,0,1.0,2.81,0.0927,0,Econômico / Suave,-4.181031131438371,-2.00365689244464
10,1793,12,120.0,101,0.0,0.0,0.0,0.0,0.0,0.0,0.0,0,0.0,0,0.0,0,1.0,2.69,0.09,0,Econômico / Suave,-4.181031131438371,-2.00365689244464
10,1793,13,120.0,105,10.15,40.08,13.75,0.653,1.023,-0.908,-1.438,0,0.0,0,0.0,0,0.571,4.71,0.1471,1,Moderado / Regular,-0.8198358552044583,-1.7870359771565818
10,1793,14,120.0,98,9.67,37.94,13.3,0.657,1.463,-0.885,-2.081,1,0.5,0,0.0,0,0.541,4.12,0.1286,1,Moderado / Regular,-0.21039491093959875,-1.6233157105712137
10,1793,15,119.0,100,3.45,17.04,5.19,0.454,1.203,-0.387,-0.927,0,0.0,0,0.0,0,0.65,3.06,0.0981,1,Moderado / Regular,-1.5091769110819435,-2.3336948128208044
10,1793,16,121.0,98,10.56,27.3,10.0,0.662,1.314,-0.689,-1.266,0,0.0,0,0.0,0,0.388,3.94,0.1211,1,Moderado / Regular,-0.6765244406071608,-2.031520696662652
10,1793,17,120.0,106,13.3,39.54,13.81,0.71,1.596,-0.851,-1.813,0,0.0,0,0.0,0,0.434,3.91,0.1217,1,Moderado / Regular,-0.09647493983925336,-1.7943115620996508
10,1799,0,120.0,109,42.22,72.26,27.66,0.616,2.415,-0.633,-1.982,0,0.0,3,1.5,0,0.22,9.67,0.3032,2,Agressivo / Dinâmico,2.167414390501022,0.6819077302976444
10,1799,1,113.0,96,37.94,64.96,27.0,0.251,0.546,-0.538,-1.03,0,0.0,0,0.0,0,0.281,2.78,0.0835,0,Econômico / Suave,-1.9860852752349882,0.8553601724627219
10,1799,2,117.0,107,34.2,62.14,18.67,0.701,2.179,-0.635,-1.61,0,0.0,2,1.03,0,0.14,5.36,0.1647,2,Agressivo / Dinâmico,1.3928510469548172,-0.3857783852730867
10,1804,0,119.0,107,24.43,58.78,23.0,0.446,1.317,-0.508,-0.923,0,0.0,0,0.0,0,0.402,6.26,0.1953,1,Moderado / Regular,-0.7399015900703192,-0.3655629285163109
10,1804,1,44.0,32,1.17,23.08,4.44,1.16,2.137,0.0,0.0,0,0.0,1,1.36,0,0.906,4.32,0.0481,2,Agressivo / Dinâmico,2.441080671704978,-3.2556963764525464
10,1808,0,115.0,98,29.42,56.05,18.44,0.752,1.656,-0.771,-2.424,3,1.57,0,0.0,0,0.122,10.06,0.2816,1,Moderado / Regular,0.6496315742776892,0.017622505715676633
10,1808,1,120.0,99,25.53,62.33,24.67,0.561,1.609,-0.64,-1.132,0,0.0,0,0.0,0,0.404,7.53,0.224,1,Moderado / Regular,-0.06129066141418553,-0.41694545418304724
10,1808,2,120.0,120,52.67,68.42,12.87,0.45,1.4,-0.496,-1.062,0,0.0,0,0.0,0,0.0,7.25,0.2416,0,Econômico / Suave,-1.3810823765141957,0.3535008087123881
10,1808,3,118.0,107,32.08,59.55,19.38,0.615,1.785,-0.61,-2.331,2,1.02,0,0.0,0,0.15,4.21,0.1271,1,Moderado / Regular,0.27216393342744993,0.05652022532461055
10,1808,4,119.0,93,10.77,32.47,11.41,0.841,1.529,-0.7,-1.288,0,0.0,0,0.0,0,0.43,3.55,0.1003,1,Moderado / Regular,0.0857822378694268,-2.214902252354543
10,1808,5,116.0,69,0.0,0.0,0.0,0.0,0.0,0.0,0.0,0,0.0,0,0.0,0,1.0,1.22,0.0386,0,Econômico / Suave,-4.181031131438371,-2.00365689244464
10,1808,6,121.0,98,12.49,34.67,10.76,0.865,2.283,-0.882,-1.768,0,0.0,1,0.5,0,0.296,3.7,0.1092,1,Moderado / Regular,1.305102399864943,-2.193709907763281
10,1808,7,113.0,104,30.02,58.42,18.72,0.832,2.16,-0.761,-1.802,0,0.0,1,0.53,0,0.135,5.07,0.1498,1,Moderado / Regular,1.342339529550536,-0.866165234802704
10,1808,8,124.0,107,40.58,75.59,27.59,0.593,1.866,-0.677,-1.604,0,0.0,0,0.0,0,0.14,8.29,0.2548,1,Moderado / Regular,0.29838645251010537,0.3646951075516741
10,1808,9,120.0,94,40.41,74.1,29.46,0.642,1.592,-0.774,-2.69,3,1.5,0,0.0,0,0.255,4.98,0.1333,1,Moderado / Regular,0.7039662838881035,1.2655259874626024
10,1808,10,116.0,98,35.27,57.46,19.13,0.628,2.12,-0.684,-1.7,0,0.0,1,0.52,0,0.102,1.66,0.0562,1,Moderado / Regular,0.7276914531537539,-0.3203028893552212
10,1814,0,120.0,118,45.19,57.37,13.71,0.426,1.212,-0.261,-0.721,0,0.0,0,0.0,0,0.042,12.57,0.4162,0,Econômico / Suave,-1.5337785437025386,0.11329773287057074
10,1814,1,118.0,81,9.95,52.86,14.94,1.12,2.21,-0.973,-1.668,0,0.0,2,1.02,0,0.617,1.46,0.0539,2,Agressivo / Dinâmico,2.556970448063955,-2.292356199125621
10,1814,2,121.0,75,0.08,4.04,0.52,0.329,0.427,0.0,0.0,0,0.0,0,0.0,0,0.973,1.3,0.0432,0,Econômico / Suave,-2.8437180727028597,-2.475870676012164
10,1814,3,119.0,85,22.15,57.16,23.05,0.582,1.888,-0.532,-1.585,0,0.0,0,0.0,0,0.353,3.88,0.1013,1,Moderado / Regular,0.23731759645947403,-0.7314470648841359
10,1814,4,97.0,96,46.14,59.27,14.19,0.607,1.655,-0.49,-1.615,0,0.0,0,0.0,0,0.021,3.41,0.0911,1,Moderado / Regular,-0.5795274572904262,-0.12236975541883739
10,1816,0,119.0,118,48.11,60.03,13.4,0.253,0.761,-0.473,-1.849,0,0.0,0,0.0,0,0.042,10.3,0.3402,0,Econômico / Suave,-2.5014528513817464,0.5277877570284649
10,1816,1,78.0,58,17.17,49.67,20.09,0.73,1.762,-1.092,-1.871,0,0.0,0,0.0,0,0.483,6.29,0.1162,1,Moderado / Regular,0.3975720741593974,-1.311807053256522
10,1817,0,120.0,116,46.91,60.65,17.54,0.195,0.303,-0.531,-1.895,0,0.0,0,0.0,0,0.095,3.12,0.1016,0,Econômico / Suave,-2.9224740915664613,0.8471895903819439
10,1824,0,120.0,117,29.73,59.78,17.26,0.608,1.749,-0.686,-2.31,1,0.5,0,0.0,0,0.043,7.21,0.2347,1,Moderado / Regular,-0.028340253206937182,-0.44552074532632147
10,1824,1,120.0,104,19.33,41.32,13.92,0.76,2.237,-0.56,-1.559,0,0.0,1,0.5,0,0.212,1.82,0.0576,1,Moderado / Regular,1.0717582977008873,-1.5506666511358378
10,1824,2,74.0,55,17.73,41.98,16.65,0.577,1.109,-0.661,-1.272,0,0.0,0,0.0,0,0.345,0.55,0.0117,1,Moderado / Regular,-0.8580236088779002,-1.1819465831388143
10,1831,0,120.0,114,29.96,58.65,22.29,0.532,1.474,-0.69,-1.969,0,0.0,0,0.0,0,0.272,9.81,0.3154,1,Moderado / Regular,-0.4325748955385901,-0.2880642914741746
10,1831,1,120.0,108,19.18,44.33,15.86,0.721,1.507,-0.713,-1.346,0,0.0,0,0.0,0,0.315,2.56,0.0857,1,Moderado / Regular,-0.11386653784165614,-1.4095835685221276
10,1831,2,113.0,92,14.0,39.3,13.49,0.701,1.688,-0.865,-1.691,0,0.0,0,0.0,0,0.337,2.92,0.0887,1,Moderado / Regular,-0.04577572613077878,-1.7804286819335036
10,1835,0,120.0,105,16.89,56.95,18.03,1.076,1.934,-1.326,-2.399,5,2.5,0,0.0,0,0.4,5.25,0.1626,2,Agressivo / Dinâmico,2.1773117041339383,-0.5469661120525703
10,1835,1,120.0,104,11.62,46.57,13.55,0.775,2.263,-0.749,-2.129,2,1.0,1,0.5,0,0.394,3.4,0.106,1,Moderado / Regular,1.502988017089541,-1.3973098754521296
10,1835,2,120.0,112,32.72,71.22,29.49,0.509,1.294,-0.446,-0.884,0,0.0,0,0.0,0,0.393,7.4,0.2379,1,Moderado / Regular,-0.35892860034593477,0.3009415743915135
10,1835,3,120.0,112,34.13,56.88,18.34,0.756,2.204,-0.842,-2.401,3,1.5,2,1.0,0,0.143,9.67,0.3086,2,Agressivo / Dinâmico,1.9946395705271955,0.3395649658007832
10,1835,4,120.0,115,30.52,49.51,16.36,0.734,2.023,-0.852,-2.051,2,1.0,2,1.0,0,0.096,7.98,0.2621,2,Agressivo / Dinâmico,1.5274265167571708,-0.16143283178805443
10,1835,5,66.0,52,17.32,47.76,17.33,0.986,2.072,-1.134,-1.925,0,0.0,1,0.91,0,0.385,3.61,0.0587,2,Agressivo / Dinâmico,2.0179558694699167,-1.6413686439817494
10,1838,0,120.0,109,21.55,53.21,15.63,0.722,1.623,-0.433,-1.242,0,0.0,0,0.0,0,0.248,5.48,0.1809,1,Moderado / Regular,-0.02224045748037688,-1.3302661056349623
10,1838,1,120.0,106,13.49,36.69,14.06,0.709,1.823,-0.704,-2.113,1,0.5,0,0.0,0,0.415,3.67,0.119,1,Moderado / Regular,0.30518541041670183,-1.5240349013992984
10,1838,2,106.0,106,27.65,46.6,12.42,0.564,1.733,-0.663,-1.317,0,0.0,0,0.0,0,0.0,4.73,0.1393,1,Moderado / Regular,-0.5325789911776835,-1.0296668332159746
10,1849,0,120.0,113,38.36,74.45,25.5,0.828,2.703,-0.808,-1.543,0,0.0,5,2.5,0,0.177,13.96,0.449,2,Agressivo / Dinâmico,3.788114738244892,0.2840272803796331
10,1849,1,120.0,119,54.12,74.38,16.73,0.688,1.781,-0.638,-1.787,0,0.0,0,0.0,0,0.0,9.87,0.3252,1,Moderado / Regular,-0.18299957801858283,0.26246518136584107
10,1849,2,120.0,119,27.84,44.77,13.14,0.543,1.828,-0.481,-1.196,0,0.0,0,0.0,0,0.067,6.76,0.2244,1,Moderado / Regular,-0.4557776955567291,-0.9649626422900011
10,1849,3,120.0,100,8.75,36.82,12.88,0.723,2.158,-0.983,-1.556,0,0.0,2,1.0,0,0.61,4.62,0.1464,1,Moderado / Regular,1.3510619079197157,-1.9227094654299892
10,1849,4,120.0,107,22.39,53.51,19.97,0.759,1.494,-0.915,-1.928,0,0.0,0,0.0,0,0.346,6.38,0.2015,1,Moderado / Regular,0.1421346102573468,-1.079494163098874
10,1849,5,37.0,30,14.95,46.33,17.97,1.238,1.767,-0.85,-1.2,0,0.0,0,0.0,0,0.5,4.72,0.0463,1,Moderado / Regular,1.6594708002274907,-2.2236335412794004
10,1850,0,120.0,120,50.61,70.92,18.51,0.691,2.098,-0.749,-1.815,0,0.0,1,0.5,0,0.008,6.27,0.2091,1,Moderado / Regular,0.6881805939572082,0.26730663047576414
10,1850,1,63.0,63,59.62,74.4,14.76,0.517,1.315,-0.502,-1.232,0,0.0,0,0.0,0,0.0,8.76,0.1534,0,Econômico / Suave,-1.2638856162372847,0.7021964273369953
10,1871,0,120.0,116,34.3,63.84,21.39,0.348,1.619,-0.501,-1.052,0,0.0,0,0.0,0,0.198,10.0,0.3275,1,Moderado / Regular,-0.848065270579266,0.0916109294725371
10,1871,1,120.0,114,30.59,56.67,17.37,0.415,1.374,-0.538,-1.091,0,0.0,0,0.0,0,0.079,9.36,0.3087,1,Moderado / Regular,-1.0878596080901717,-0.36338843411515404
10,1871,2,120.0,111,28.86,62.26,23.99,0.548,1.289,-0.632,-1.541,0,0.0,0,0.0,0,0.288,6.88,0.2236,1,Moderado / Regular,-0.4919130788728007,-0.23943093954144193
10,1871,3,120.0,106,30.61,53.43,19.63,0.439,1.62,-0.515,-1.018,0,0.0,0,0.0,0,0.217,10.11,0.3149,1,Moderado / Regular,-0.659147258622417,-0.3017236635659165
10,1871,4,120.0,115,29.21,59.81,22.13,0.642,1.592,-0.5,-1.34,0,0.0,0,0.0,0,0.252,9.46,0.3117,1,Moderado / Regular,-0.020485053170488748,-0.4972532984660975
10,1871,5,120.0,120,35.4,50.8,11.07,0.564,1.319,-0.592,-1.239,0,0.0,0,0.0,0,0.008,5.5,0.1832,1,Moderado / Regular,-1.0985505019497808,-0.69009875422839
10,1875,0,120.0,118,39.94,57.75,14.64,0.491,1.381,-0.83,-2.014,1,0.5,0,0.0,0,0.025,10.55,0.3461,0,Econômico / Suave,-0.9376759270411944,0.08870491457078072
10,1875,1,71.0,71,37.06,51.97,12.66,0.784,1.799,-0.831,-2.314,2,1.69,0,0.0,0,0.0,6.0,0.1183,1,Moderado / Regular,0.5748324707257522,0.04905424966491204
10,1878,0,119.0,100,0.2,13.19,1.48,0.0,0.0,-0.822,-1.221,0,0.0,0,0.0,0,0.98,3.24,0.1063,0,Econômico / Suave,-4.111544850531013,-1.9110904293950641
10,1897,0,120.0,111,52.97,75.68,26.01,0.213,0.347,-0.585,-1.991,0,0.0,0,0.0,0,0.153,7.31,0.2349,0,Econômico / Suave,-2.4750478238045748,1.57381393450013
10,1897,1,120.0,102,10.28,51.66,18.32,1.028,2.475,-0.881,-1.389,0,0.0,3,1.5,0,0.716,3.58,0.116,2,Agressivo / Dinâmico,3.149793264300581,-1.888380193240452
10,1897,2,119.0,116,49.26,64.99,15.48,0.615,1.754,-0.497,-1.852,0,0.0,0,0.0,0,0.026,6.63,0.2145,1,Moderado / Regular,-0.4206656014606517,0.07005449935319344
10,1914,0,120.0,120,31.77,54.07,11.44,0.502,1.269,-0.505,-1.868,0,0.0,0,0.0,0,0.0,6.56,0.2187,1,Moderado / Regular,-1.2641455107923316,-0.746170017310681
10,1914,1,87.0,86,26.5,40.94,10.32,0.526,1.36,-0.548,-1.183,0,0.0,0,0.0,0,0.023,6.51,0.1626,1,Moderado / Regular,-1.113042840123174,-1.098083417343567
10,1920,0,120.0,119,31.43,50.59,14.89,0.556,1.901,-0.692,-1.796,0,0.0,0,0.0,0,0.101,11.65,0.3865,1,Moderado / Regular,-0.29290095168649977,-0.7281003340554615
10,1920,1,120.0,120,26.94,48.89,12.02,0.9,1.627,-0.951,-2.369,5,2.5,0,0.0,0,0.017,8.05,0.2683,1,Moderado / Regular,1.0143296625714413,-0.13935809773400026
10,1920,2,120.0,100,8.09,39.12,12.71,1.259,2.113,-0.516,-0.969,0,0.0,2,1.0,0,0.66,6.6,0.2111,2,Agressivo / Dinâmico,2.7146168093887035,-2.6836925132510308
10,1920,3,120.0,111,37.38,73.44,29.82,0.561,2.056,-0.666,-1.3,0,0.0,1,0.5,0,0.315,11.63,0.3763,1,Moderado / Regular,0.963644486028602,0.4742020527956424
10,1920,4,120.0,120,39.37,60.23,12.61,0.512,1.736,-0.936,-2.23,2,1.0,0,0.0,0,0.008,15.34,0.5114,1,Moderado / Regular,-0.44743658408748355,0.14797995599777664
10,1920,5,115.0,109,24.82,45.84,14.69,0.784,1.691,-0.776,-1.427,0,0.0,0,0.0,0,0.11,8.79,0.2747,1,Moderado / Regular,0.13789515599931312,-1.3254165771173494
10,1928,0,120.0,116,23.18,44.42,13.75,0.629,1.877,-0.625,-1.349,0,0.0,0,0.0,0,0.086,9.32,0.3072,1,Moderado / Regular,-0.10720761315673709,-1.2695831586654553
10,1928,1,120.0,117,24.83,58.99,14.45,0.681,2.055,-1.018,-2.449,1,0.5,1,0.5,0,0.103,10.92,0.359,1,Moderado / Regular,0.8072015651837906,-0.8568020598171306
10,1928,2,120.0,106,7.37,45.83,13.66,0.781,1.943,-0.829,-1.73,0,0.0,0,0.0,0,0.651,5.19,0.1696,1,Moderado / Regular,0.49832787958380936,-2.221211509180375
10,1928,3,120.0,108,7.02,25.97,7.71,0.451,0.972,-0.383,-1.139,0,0.0,0,0.0,0,0.398,5.56,0.1832,1,Moderado / Regular,-1.6685808170633303,-1.9907776789367269
10,1928,4,120.0,112,25.09,54.62,22.95,0.407,1.615,-0.142,-0.176,0,0.0,0,0.0,0,0.42,9.47,0.3051,1,Moderado / Regular,-0.5398730585812961,-0.32604760709463493
10,1928,5,120.0,114,28.12,51.32,17.84,0.442,1.452,-0.518,-1.364,0,0.0,0,0.0,0,0.167,9.25,0.2985,1,Moderado / Regular,-0.8907115253475775,-0.49856030341071633
10,1928,6,120.0,116,25.14,45.96,13.93,0.527,1.294,-0.739,-2.403,2,1.0,0,0.0,0,0.078,9.58,0.3118,1,Moderado / Regular,-0.679477483511656,-0.3952845785354281
10,1928,7,120.0,118,23.46,54.99,16.71,0.751,1.88,-0.75,-1.34,0,0.0,0,0.0,0,0.119,7.41,0.2445,1,Moderado / Regular,0.3575456353167263,-1.2559093063922127
10,1936,0,119.0,116,32.43,86.37,19.9,1.122,2.764,-1.008,-2.872,7,3.53,8,4.03,0,0.112,9.95,0.3243,2,Agressivo / Dinâmico,6.789349865000143,1.5967012647533096
10,1936,1,54.0,51,17.8,43.4,17.15,0.591,1.396,-0.675,-1.277,0,0.0,0,0.0,0,0.412,5.33,0.079,1,Moderado / Regular,-0.49805575569024435,-1.2091370660168455
10,1949,0,120.0,118,30.78,46.8,11.18,0.737,2.246,-0.774,-2.303,2,1.0,3,1.5,0,0.034,10.57,0.3475,2,Agressivo / Dinâmico,1.931898850308136,-0.3610598776967757
10,1949,1,120.0,110,17.92,46.18,14.19,0.833,1.916,-0.876,-1.825,0,0.0,0,0.0,0,0.218,5.45,0.1741,1,Moderado / Regular,0.5391025622643383,-1.7702154271406345
10,1949,2,120.0,97,14.43,50.17,16.69,0.952,2.013,-0.679,-2.243,2,1.0,1,0.5,0,0.443,3.71,0.1166,1,Moderado / Regular,1.834814619262392,-1.2961950981438497
10,1949,3,120.0,106,3.76,38.82,9.95,0.706,0.91,-1.038,-1.681,0,0.0,0,0.0,0,0.858,2.62,0.087,1,Moderado / Regular,-0.9243562449796369,-2.352824834675375
10,1949,4,120.0,111,39.26,61.07,24.43,0.866,2.307,-0.691,-2.4,3,1.5,5,2.5,0,0.207,11.9,0.3725,2,Agressivo / Dinâmico,3.8862832265966394,1.1005922465131526
10,1949,5,120.0,120,37.57,59.63,14.51,0.657,1.934,-0.92,-2.481,4,2.0,0,0.0,0,0.0,11.4,0.3801,1,Moderado / Regular,0.5628730814621496,0.5024135736803921
10,1949,6,74.0,74,35.56,50.0,13.32,0.726,1.974,-0.648,-1.748,0,0.0,0,0.0,0,0.027,7.01,0.1441,1,Moderado / Regular,0.11916892976566908,-0.8661315298867823
10,1951,0,118.0,100,9.18,45.74,13.06,0.591,1.258,-0.658,-1.875,0,0.0,0,0.0,0,0.5,2.81,0.0888,1,Moderado / Regular,-0.7625522386955125,-1.819053290849293
10,1951,1,121.0,81,0.45,4.66,1.2,0.26,0.431,-0.316,-0.431,0,0.0,0,0.0,0,0.877,2.17,0.0703,0,Econômico / Suave,-2.991963691750949,-2.327428788958765
10,1951,2,120.0,115,41.83,64.96,24.67,0.412,1.158,-0.293,-0.592,0,0.0,0,0.0,0,0.078,6.58,0.2158,0,Econômico / Suave,-1.0695179019176675,0.6013118841211387
10,1951,3,120.0,108,35.95,65.86,21.9,0.54,2.044,-0.554,-1.159,0,0.0,1,0.5,0,0.13,6.09,0.1905,1,Moderado / Regular,0.5271095187696475,-0.007650476289144117
10,1951,4,104.0,102,31.73,53.0,14.53,0.415,0.791,-0.462,-1.145,0,0.0,0,0.0,0,0.0,5.71,0.16,0,Econômico / Suave,-1.8433390860737975,-0.3901257948056119
10,1954,0,115.0,108,32.49,61.27,17.2,0.738,1.944,-0.681,-1.699,0,0.0,0,0.0,0,0.083,3.94,0.1261,1,Moderado / Regular,0.33354668240645174,-0.8018479851170169
10,1962,0,115.0,100,28.19,54.57,18.46,0.475,0.969,-0.719,-2.072,3,1.57,0,0.0,0,0.12,0.89,0.0254,1,Moderado / Regular,-0.785831322621727,0.4323651841644162
10,1962,1,116.0,100,52.75,76.89,27.15,0.665,1.835,-0.413,-0.723,0,0.0,0,0.0,0,0.16,13.28,0.3714,1,Moderado / Regular,0.3266222765719578,0.8094377230996174
10,1962,2,44.0,44,49.69,65.7,11.05,0.342,0.806,-0.321,-0.797,0,0.0,0,0.0,0,0.0,8.66,0.1058,0,Econômico / Suave,-2.347050404896158,0.3416399930116921
10,1996,0,120.0,117,38.71,55.73,15.33,0.431,1.965,-0.552,-1.631,0,0.0,0,0.0,0,0.085,9.15,0.3093,1,Moderado / Regular,-0.5990014660273303,-0.20586771272067925
10,1996,1,120.0,117,35.78,62.88,18.24,0.451,1.459,-0.649,-2.415,2,1.0,0,0.0,0,0.085,6.57,0.2235,1,Moderado / Regular,-0.5944592769610284,0.4198197950380033
10,1996,2,120.0,117,39.86,83.74,29.72,0.935,3.187,-1.023,-2.702,4,2.0,6,3.0,0,0.179,14.52,0.4752,2,Agressivo / Dinâmico,5.808674656491254,1.6033150402397307
10,1996,3,120.0,116,43.77,71.08,19.67,0.757,2.344,-0.845,-2.592,2,1.0,2,1.0,0,0.069,9.33,0.3005,2,Agressivo / Dinâmico,1.9649450008301574,0.5622876720947875
10,1996,4,43.0,43,74.33,84.05,13.32,0.526,0.959,-0.95,-3.044,5,6.98,0,0.0,0,0.0,22.94,0.274,2,Agressivo / Dinâmico,0.3796201081794914,5.210459790132727
10,2002,0,120.0,118,30.19,63.71,15.95,0.469,1.645,-0.674,-2.75,3,1.5,0,0.0,0,0.025,4.38,0.1431,1,Moderado / Regular,-0.256522429966323,0.25964422410535504
10,2002,1,120.0,92,6.85,29.45,10.73,0.686,1.758,-0.527,-1.057,0,0.0,0,0.0,0,0.674,4.93,0.1434,1,Moderado / Regular,-0.08167817195462822,-2.2558210996353947
10,2002,2,120.0,117,49.35,74.51,22.04,0.593,1.548,-0.862,-2.253,1,0.5,0,0.0,0,0.06,10.33,0.3426,1,Moderado / Regular,-0.22167610384457903,0.7791316285910238
10,2002,3,120.0,110,25.34,52.72,16.07,0.829,2.61,-0.765,-2.244,1,0.5,2,1.0,0,0.127,5.17,0.1637,2,Agressivo / Dinâmico,2.265670593093854,-0.9045491515820206
10,2002,4,101.0,97,40.19,75.78,27.82,0.922,1.987,-0.44,-1.465,0,0.0,0,0.0,0,0.072,11.57,0.3198,1,Moderado / Regular,1.3064610489066593,-0.1033784369989185
10,2010,0,120.0,119,45.68,62.64,16.78,0.482,2.327,-0.422,-1.172,0,0.0,1,0.5,0,0.042,7.02,0.2352,1,Moderado / Regular,0.3367861454069428,0.19381438476473087
10,2010,1,117.0,81,18.18,61.7,24.54,0.701,2.074,-1.877,-3.731,5,2.56,1,0.51,0,0.58,3.03,0.0795,2,Agressivo / Dinâmico,2.0796264399171243,0.5189200132408315
10,2010,2,103.0,98,30.7,52.35,17.76,0.838,2.53,-0.598,-1.444,0,0.0,5,2.91,0,0.092,0.9,0.0294,2,Agressivo / Dinâmico,3.6698739560599547,-0.4015793968405851
10,2011,0,120.0,119,46.59,59.6,7.74,0.385,1.219,-0.413,-1.317,0,0.0,0,0.0,0,0.0,3.78,0.1218,0,Econômico / Suave,-1.9344208725013052,-0.10337338383691203
10,2019,0,118.0,104,37.79,53.69,16.66,0.627,2.087,-0.667,-1.55,0,0.0,2,1.02,0,0.096,7.1,0.2119,2,Agressivo / Dinâmico,0.9647994800790274,-0.22210438272993321
10,2019,1,120.0,118,49.67,75.09,15.87,0.619,2.307,-0.625,-2.449,2,1.0,2,1.0,0,0.017,7.01,0.2336,2,Agressivo / Dinâmico,1.3272324433008211,0.8135670648518328
10,2019,2,120.0,105,40.78,83.93,35.82,0.991,3.283,-1.409,-4.564,9,4.5,9,4.5,0,0.343,13.67,0.4059,2,Agressivo / Dinâmico,8.373365298281294,3.6312308775301787
10,2019,3,120.0,110,50.08,91.27,29.63,1.284,3.019,-1.048,-2.855,10,5.0,11,5.5,0,0.127,13.8,0.4274,2,Agressivo / Dinâmico,9.477459192782618,3.8588040401119117
10,2019,4,77.0,64,33.24,82.83,32.27,1.033,1.962,-0.663,-1.665,0,0.0,0,0.0,0,0.344,4.97,0.0956,1,Moderado / Regular,1.8488944481847078,-0.3214554594102256
10,2029,0,115.0,87,17.52,54.37,18.89,0.94,2.153,-1.191,-2.777,5,2.61,1,0.52,0,0.379,5.96,0.1535,2,Agressivo / Dinâmico,2.5499055584501913,-0.1347417394832962
10,2029,1,117.0,108,38.09,63.71,19.5,0.811,2.268,-0.615,-1.278,0,0.0,3,1.54,0,0.111,3.37,0.103,2,Agressivo / Dinâmico,2.204953397213236,-0.20354528650619513
10,2029,2,114.0,87,26.97,51.67,22.37,0.695,1.338,-1.152,-2.01,1,0.53,0,0.0,0,0.31,3.68,0.093,1,Moderado / Regular,0.051881667964989234,-0.3302039798556879
10,2029,3,120.0,107,45.61,74.66,28.68,0.738,2.212,-1.134,-3.197,5,2.5,1,0.5,0,0.187,11.17,0.3334,2,Agressivo / Dinâmico,2.2499832047683626,1.9159094077725078
10,2029,4,120.0,119,63.74,103.31,20.23,0.913,3.209,-0.661,-2.37,4,2.0,6,3.0,0,0.0,12.86,0.4258,2,Agressivo / Dinâmico,5.1047879012286845,2.2004245354324183
10,2034,0,118.0,93,42.19,65.34,22.79,0.66,1.811,-0.685,-2.788,3,1.53,0,0.0,0,0.172,1.91,0.0505,1,Moderado / Regular,0.6525009545338785,0.9343928196535752
10,2034,1,107.0,61,6.81,43.31,11.48,1.007,2.34,-1.04,-2.408,2,1.12,1,0.56,0,0.607,4.23,0.072,2,Agressivo / Dinâmico,2.2254567626789266,-1.9813090419029173
10,2034,2,120.0,119,57.08,76.08,19.04,0.639,2.362,-1.031,-2.924,8,4.0,2,1.0,0,0.025,11.63,0.3874,2,Agressivo / Dinâmico,2.466063067240282,2.9642459009379043
10,2034,3,120.0,117,36.01,55.54,17.47,0.672,1.99,-0.886,-2.681,4,2.0,0,0.0,0,0.06,6.14,0.1994,1,Moderado / Regular,0.8172395317129185,0.568818071905088
10,2034,4,55.0,30,4.18,27.88,9.18,1.102,1.978,0.0,0.0,0,0.0,0,0.0,0,0.8,2.19,0.0183,1,Moderado / Regular,1.1936008647874117,-3.0612281344420196
10,2035,0,115.0,95,40.99,67.49,28.17,0.551,1.185,-0.739,-1.493,0,0.0,0,0.0,0,0.263,3.33,0.0901,1,Moderado / Regular,-0.49895896088106617,0.5672098183338844
10,2035,1,120.0,92,24.09,52.52,19.48,1.049,2.107,-0.929,-2.179,3,1.5,2,1.0,0,0.272,2.94,0.0792,2,Agressivo / Dinâmico,2.809696810439793,-0.4447253247853515
10,2035,2,120.0,106,34.99,62.49,22.84,1.011,3.288,-0.624,-1.365,0,0.0,4,2.0,0,0.16,7.14,0.2116,2,Agressivo / Dinâmico,4.367539150708356,-0.4652970845357846
10,2035,3,75.0,72,26.79,45.6,14.52,0.777,1.92,-0.715,-1.346,0,0.0,0,0.0,0,0.125,4.56,0.0914,1,Moderado / Regular,0.33283797383427377,-1.2659561713430403
10,2079,0,108.0,82,18.28,47.71,16.14,0.597,1.459,-0.599,-1.722,0,0.0,0,0.0,0,0.293,3.84,0.0961,1,Moderado / Regular,-0.46936256595375303,-1.26062105159022
10,2079,1,120.0,113,18.32,39.23,11.99,0.674,1.726,-0.65,-2.179,2,1.0,0,0.0,0,0.071,3.82,0.1218,1,Moderado / Regular,0.12610218206516893,-1.0789359276580512
10,2079,2,112.0,81,25.7,62.52,25.36,0.668,1.75,-0.83,-1.875,0,0.0,0,0.0,0,0.346,2.91,0.0707,1,Moderado / Regular,0.3996644769350162,-0.5348336461579679
10,2079,3,119.0,109,39.07,62.89,18.77,0.707,1.53,-0.559,-1.282,0,0.0,0,0.0,0,0.064,6.59,0.2061,1,Moderado / Regular,-0.16315912377235067,-0.3099648435391423
10,2079,4,120.0,120,38.78,62.78,14.29,0.453,1.033,-0.487,-1.819,0,0.0,0,0.0,0,0.0,5.95,0.1985,0,Econômico / Suave,-1.5646612581474346,-0.16247420462507514
10,2079,5,116.0,99,29.96,62.63,23.89,0.635,1.925,-0.977,-2.056,1,0.52,0,0.0,0,0.202,5.24,0.1458,1,Moderado / Regular,0.5500322508898688,-0.11145624761399044
10,2079,6,64.0,64,60.01,75.87,18.87,0.746,1.791,-0.472,-1.732,0,0.0,0,0.0,0,0.0,18.14,0.3225,1,Moderado / Regular,0.0310926441764879,0.5753114956984926
10,2095,0,120.0,117,47.53,63.54,18.04,0.639,2.457,-1.07,-3.361,8,4.0,3,1.5,0,0.051,7.16,0.2396,2,Agressivo / Dinâmico,3.017327260723713,2.567906143037712
10,2099,0,120.0,119,46.42,68.68,17.37,0.699,1.763,-0.629,-1.993,0,0.0,0,0.0,0,0.042,8.76,0.29,1,Moderado / Regular,-0.07364545987353603,-0.07009770283066222
10,2099,1,120.0,115,30.33,58.14,21.49,0.747,1.862,-0.913,-3.089,6,3.0,0,0.0,0,0.191,7.2,0.2323,2,Agressivo / Dinâmico,1.439218992430901,1.003051478118454
10,2099,2,119.0,110,20.49,42.53,15.86,0.87,1.894,-0.807,-1.634,0,0.0,0,0.0,0,0.245,3.83,0.1212,1,Moderado / Regular,0.6712673515976318,-1.6044888626446887
10,2099,3,115.0,106,21.39,50.75,20.93,0.802,2.978,-1.339,-3.107,6,3.13,3,1.57,0,0.406,6.57,0.1972,2,Agressivo / Dinâmico,4.147050974929226,0.7620091294893798
10,2102,0,120.0,116,42.55,65.91,17.95,0.492,2.223,-0.668,-2.183,1,0.5,1,0.5,0,0.069,10.41,0.3393,1,Moderado / Regular,0.49565811104985397,0.39305137899622594
10,2102,1,120.0,112,33.68,65.71,25.31,0.608,1.578,-0.722,-2.412,2,1.0,0,0.0,0,0.295,5.57,0.1795,1,Moderado / Regular,0.30266461568780884,0.49130307655791466
10,2102,2,120.0,110,39.37,77.41,30.34,0.664,1.804,-0.933,-2.085,2,1.0,0,0.0,0,0.3,12.56,0.3934,1,Moderado / Regular,0.8779032201327758,0.9305109961603373
10,2102,3,120.0,119,39.79,65.09,19.59,0.567,1.964,-0.729,-2.356,1,0.5,0,0.0,0,0.05,7.79,0.2584,1,Moderado / Regular,0.11094404537924109,0.17691935884528567
10,2102,4,62.0,62,60.79,75.62,17.06,0.756,2.416,-0.623,-1.613,0,0.0,3,2.9,0,0.0,22.34,0.3848,2,Agressivo / Dinâmico,3.0256680283758275,1.0754456608861733
10,2105,0,120.0,119,60.11,75.78,12.98,0.428,1.108,-0.641,-2.947,3,1.5,0,0.0,0,0.0,8.48,0.2815,0,Econômico / Suave,-1.3337232673868635,1.6060381858211419
10,2105,1,120.0,102,43.52,80.79,29.08,0.586,2.177,-0.94,-2.827,4,2.0,2,1.0,0,0.206,3.55,0.1053,2,Agressivo / Dinâmico,2.109107718212973,1.8901866139775756
10,2105,2,119.0,90,24.94,54.65,23.63,0.827,1.905,-0.765,-2.266,1,0.5,0,0.0,0,0.411,2.72,0.0733,1,Moderado / Regular,1.0610053334538392,-0.6270727424023457
10,2105,3,120.0,112,40.44,64.78,19.47,0.816,2.681,-0.533,-1.342,0,0.0,3,1.5,0,0.089,7.39,0.2309,2,Agressivo / Dinâmico,2.593742317413456,-0.1694658459730211
10,2105,4,65.0,60,35.19,57.48,17.07,0.314,0.603,-1.286,-2.842,5,4.62,0,0.0,0,0.1,8.06,0.1358,0,Econômico / Suave,-0.7638300779259418,2.6387095365403868
10,2107,0,120.0,112,34.51,67.42,21.91,0.619,2.394,-0.757,-1.851,0,0.0,2,1.0,0,0.143,6.2,0.2007,2,Agressivo / Dinâmico,1.5294758457142066,-0.1143519966617627
10,2107,1,120.0,107,21.94,72.91,29.1,0.774,1.662,-0.857,-1.265,0,0.0,0,0.0,0,0.551,7.8,0.2414,1,Moderado / Regular,0.8006539053447553,-0.6298591114348681
10,2107,2,120.0,106,40.53,73.55,26.62,0.699,2.082,-0.831,-2.257,4,2.0,2,1.0,0,0.198,8.08,0.2542,2,Agressivo / Dinâmico,2.2158810532367235,1.473220780956957
10,2107,3,120.0,118,49.99,74.29,20.01,0.861,2.271,-1.017,-3.122,8,4.0,3,1.5,0,0.017,13.5,0.4504,2,Agressivo / Dinâmico,3.4813543851103375,2.5170973612810466
10,2107,4,53.0,42,15.88,59.15,20.25,1.131,1.881,-0.943,-1.634,0,0.0,0,0.0,0,0.5,4.0,0.0537,1,Moderado / Regular,1.5979626611104079,-1.9228426558118175
10,2112,0,120.0,120,52.03,68.5,11.88,0.468,1.386,-0.478,-1.14,0,0.0,0,0.0,0,0.0,16.57,0.5523,0,Econômico / Suave,-1.3902389930482981,0.2456807178388567
10,2112,1,119.0,115,48.5,65.35,17.66,0.491,1.634,-0.461,-1.362,0,0.0,0,0.0,0,0.061,6.63,0.2149,1,Moderado / Regular,-0.7610839072558099,0.3423824652765274
10,2112,2,99.0,82,3.56,30.02,8.97,1.146,1.982,-0.248,-0.365,0,0.0,0,0.0,0,0.841,3.6,0.0953,1,Moderado / Regular,1.3091485597025576,-3.161965534587471
10,2121,0,118.0,105,25.99,53.97,17.65,0.912,2.571,-0.655,-1.694,0,0.0,2,1.02,0,0.21,7.03,0.2112,2,Agressivo / Dinâmico,2.373696203505266,-1.165526879805608
10,2121,1,121.0,117,18.35,48.9,16.93,0.573,1.861,-0.647,-2.452,4,1.98,0,0.0,0,0.068,6.09,0.2002,1,Moderado / Regular,0.5460589027102503,-0.13742594407662423
10,2133,0,120.0,111,42.0,62.85,19.0,0.531,2.132,-0.474,-2.451,2,1.0,1,0.5,0,0.117,7.08,0.2251,1,Moderado / Regular,0.7158690858005368,0.6637352238219607
10,2133,1,120.0,105,29.19,61.44,23.41,1.029,2.574,-0.935,-2.164,2,1.0,1,0.5,0,0.286,6.39,0.1966,2,Agressivo / Dinâmico,2.8160085865179068,-0.41702136763680697
10,2133,2,120.0,120,53.24,68.92,13.25,0.648,2.935,-0.463,-2.79,1,0.5,1,0.5,0,0.0,10.95,0.365,2,Agressivo / Dinâmico,1.328978739828303,0.31309955202991363
10,2133,3,120.0,117,32.5,74.86,19.47,0.723,2.258,-0.945,-2.026,1,0.5,3,1.5,0,0.077,9.25,0.3025,2,Agressivo / Dinâmico,2.134447494646893,-0.07485399027766314
10,2133,4,48.0,48,54.7,75.2,22.55,0.102,0.102,-0.579,-1.631,0,0.0,0,0.0,0,0.042,9.39,0.1252,0,Econômico / Suave,-3.205352299376129,1.6434184642865273
10,2143,0,120.0,115,41.58,58.38,16.58,0.564,2.178,-0.56,-1.781,0,0.0,2,1.0,0,0.078,6.93,0.2251,2,Agressivo / Dinâmico,0.8396283123576098,0.01701121177005701
10,2143,1,120.0,109,35.65,61.69,19.81,0.593,1.693,-0.668,-1.637,0,0.0,0,0.0,0,0.138,6.3,0.1981,1,Moderado / Regular,-0.21306662365438633,-0.277444638764271
10,2143,2,116.0,96,31.48,71.82,31.99,0.703,2.144,-0.752,-2.066,1,0.52,2,1.03,0,0.438,8.24,0.2326,2,Agressivo / Dinâmico,2.1903236442357996,0.5288299124057235
10,2143,3,120.0,114,40.86,65.86,20.77,0.635,1.913,-0.767,-1.936,0,0.0,0,0.0,0,0.114,8.21,0.2638,1,Moderado / Regular,0.12729676640149973,-0.06973798433570152
10,2143,4,96.0,94,51.6,80.56,21.31,1.125,2.205,-0.819,-2.45,3,1.88,3,1.88,0,0.0,11.83,0.3174,2,Agressivo / Dinâmico,3.806863022285494,1.2269264485512028
10,2144,0,120.0,118,51.86,75.01,19.04,0.439,1.47,-0.672,-2.146,3,1.5,0,0.0,0,0.025,4.51,0.1514,0,Econômico / Suave,-0.561820238409914,1.5007404804335711
10,2144,1,116.0,90,23.31,61.83,23.29,0.869,2.187,-0.793,-1.949,0,0.0,3,1.55,0,0.367,6.95,0.1762,2,Agressivo / Dinâmico,2.595240514737352,-0.7390272331181524
10,2144,2,120.0,108,33.9,61.65,19.76,0.801,2.051,-0.951,-2.705,6,3.0,1,0.5,0,0.083,5.52,0.1692,2,Agressivo / Dinâmico,2.0793707394253027,1.086246576220666
10,2146,0,120.0,113,30.55,57.57,18.99,0.893,2.243,-0.746,-1.562,0,0.0,3,1.5,0,0.088,9.1,0.2988,2,Agressivo / Dinâmico,2.4041204459622736,-0.6979756238502653
10,2146,1,119.0,117,54.01,77.57,23.41,0.451,1.159,-0.523,-1.143,0,0.0,0,0.0,0,0.094,5.93,0.1959,0,Econômico / Suave,-1.1344330545998285,1.0407070384418693
10,2146,2,121.0,75,16.78,62.62,25.4,0.845,1.87,0.0,0.0,0,0.0,0,0.0,0,0.653,7.62,0.175,1,Moderado / Regular,1.0725848450885525,-1.2018175954509942
10,2146,3,120.0,109,45.26,63.44,18.77,0.748,2.121,-0.913,-2.768,4,2.0,1,0.5,0,0.064,7.53,0.2335,2,Agressivo / Dinâmico,1.5503185239433168,1.0634616772756382
10,2146,4,115.0,101,50.14,76.27,28.09,0.56,2.244,-0.665,-1.698,0,0.0,1,0.52,0,0.158,6.27,0.1831,1,Moderado / Regular,0.977351078168614,0.9470258327919775
10,2146,5,107.0,89,43.59,69.43,25.76,0.354,0.743,-0.643,-1.819,0,0.0,0,0.0,0,0.157,4.2,0.1086,0,Econômico / Suave,-1.6187741978029262,0.8799954602559147
10,2146,6,119.0,80,33.87,76.27,27.67,0.782,1.938,-0.275,-0.597,0,0.0,0,0.0,0,0.35,7.78,0.1832,1,Moderado / Regular,0.9351420134747371,-0.2074745592674594
10,2150,0,117.0,107,16.43,36.99,11.59,0.692,1.582,-1.013,-2.459,2,1.03,0,0.0,0,0.187,4.71,0.1458,1,Moderado / Regular,0.030152745531639342,-1.1767870670995006
10,2150,1,122.0,87,11.55,48.63,14.98,0.656,1.75,-0.814,-1.813,0,0.0,0,0.0,0,0.448,1.81,0.0559,1,Moderado / Regular,-0.006182985574414308,-1.757379269564547
10,2150,2,117.0,85,17.88,48.88,18.53,1.146,2.066,-0.793,-2.056,2,1.03,1,0.51,0,0.424,1.1,0.035,2,Agressivo / Dinâmico,2.477220382929508,-1.2845749831577888
10,2150,3,120.0,119,53.23,74.63,17.27,0.663,1.794,-0.676,-2.201,1,0.5,0,0.0,0,0.0,10.15,0.3356,1,Moderado / Regular,-0.04445729291796603,0.5611855358747359
10,2150,4,120.0,106,31.75,68.07,25.69,0.912,2.383,-1.313,-3.142,7,3.5,4,2.0,0,0.283,8.55,0.2557,2,Agressivo / Dinâmico,4.426586216896372,1.7459669538349771
10,2150,5,45.0,44,69.8,79.11,10.95,0.578,0.935,-0.562,-1.723,0,0.0,0,0.0,0,0.0,16.12,0.2029,0,Econômico / Suave,-1.7735840034806765,0.9282394632333543
10,2161,0,116.0,105,56.55,74.92,19.09,0.34,0.969,-0.689,-1.404,0,0.0,0,0.0,0,0.048,6.61,0.1946,0,Econômico / Suave,-1.855917664491818,1.0917779017033862
10,2165,0,119.0,109,60.91,82.59,21.8,0.528,2.082,-0.789,-2.15,1,0.5,1,0.5,0,0.037,8.54,0.261,1,Moderado / Regular,0.46579434104745104,1.4296127365621787
10,2165,1,43.0,35,15.08,43.89,16.17,1.003,1.98,-1.15,-1.887,0,0.0,0,0.0,0,0.4,5.56,0.0567,1,Moderado / Regular,1.1745632491687188,-2.0295472813380613
10,2175,0,119.0,94,23.3,58.48,22.2,0.817,1.825,-1.154,-2.658,4,2.02,0,0.0,0,0.362,6.16,0.1688,1,Moderado / Regular,1.3740209887546047,0.08436562309815582
10,2175,1,120.0,99,40.82,66.79,26.97,0.658,1.606,-0.995,-2.551,4,2.0,0,0.0,0,0.242,7.76,0.2212,1,Moderado / Regular,0.794196009839302,1.3980487749389152
10,2175,2,120.0,118,43.15,63.41,16.05,0.733,2.34,-0.938,-2.522,3,1.5,3,1.5,0,0.017,8.33,0.2768,2,Agressivo / Dinâmico,2.3011654385211338,0.7550786591536438
10,2175,3,66.0,64,59.31,76.46,21.39,0.884,2.607,-0.489,-1.794,0,0.0,1,0.91,0,0.0,17.5,0.3167,2,Agressivo / Dinâmico,2.1304432734851426,0.5939481730213207
10,2180,0,120.0,102,29.03,62.93,20.57,0.875,2.385,-0.946,-2.595,4,2.0,1,0.5,0,0.196,2.91,0.0896,2,Agressivo / Dinâmico,2.3913859213848165,0.20540721219287225
10,2180,1,54.0,51,26.25,45.59,16.62,0.927,1.77,-0.768,-1.447,0,0.0,0,0.0,0,0.157,7.75,0.1098,1,Moderado / Regular,0.6775428949992762,-1.3555034695064314
10,2200,0,95.0,87,19.59,38.52,12.9,0.709,2.133,-0.92,-2.123,2,1.26,1,0.63,0,0.115,4.32,0.1074,1,Moderado / Regular,1.280927752828281,-0.783726954424186
10,2213,0,120.0,114,49.91,70.35,17.74,0.607,2.414,-0.881,-2.42,3,1.5,1,0.5,0,0.053,7.7,0.2484,2,Agressivo / Dinâmico,1.2366958113913413,1.0940471399592009
10,2213,1,120.0,113,50.7,69.2,22.82,0.641,2.118,-0.933,-3.135,9,4.5,2,1.0,0,0.088,11.92,0.3773,2,Agressivo / Dinâmico,2.612208135594738,3.1902488414114956
10,2213,2,118.0,93,38.06,80.52,26.54,0.954,2.869,-1.181,-2.864,3,1.53,5,2.54,0,0.237,14.18,0.3822,2,Agressivo / Dinâmico,4.8598426539356625,0.9928068485286254
10,2213,3,42.0,41,70.73,76.78,2.35,0.151,0.176,-0.209,-0.536,0,0.0,0,0.0,0,0.0,17.67,0.2041,0,Econômico / Suave,-4.1138181258100905,1.1710396658693984
10,2219,0,120.0,111,44.03,83.23,28.25,0.786,1.974,-0.933,-2.521,6,3.0,0,0.0,0,0.135,6.82,0.2239,2,Agressivo / Dinâmico,1.862850663679254,1.9489237557765404
10,2219,1,119.0,105,38.35,78.22,34.41,0.508,2.246,-0.991,-2.916,4,2.02,2,1.01,0,0.352,4.25,0.1306,2,Agressivo / Dinâmico,2.2926435163916077,2.0607867947014555
10,2219,2,52.0,41,25.1,77.63,29.53,0.971,2.185,0.0,0.0,0,0.0,1,1.15,0,0.488,14.63,0.1724,2,Agressivo / Dinâmico,2.81419532556835,-0.5348679192086562
10,2220,0,120.0,120,58.74,81.04,17.95,0.763,1.667,-0.605,-2.18,1,0.5,0,0.0,0,0.0,10.7,0.3566,1,Moderado / Regular,0.07039825997032291,0.7361876000395718
10,2220,1,120.0,107,51.8,75.97,21.56,0.452,1.126,-0.676,-2.077,3,1.5,0,0.0,0,0.093,5.61,0.1727,0,Econômico / Suave,-0.7647999497935201,1.6696384343193351
10,2220,2,119.0,92,13.95,46.29,14.89,0.731,1.546,-0.53,-1.338,0,0.0,0,0.0,0,0.446,2.5,0.0766,1,Moderado / Regular,-0.047084472855685885,-1.7250393916285098
10,2220,3,94.0,47,0.0,0.0,0.0,0.0,0.0,0.0,0.0,0,0.0,0,0.0,0,1.0,1.24,0.0316,0,Econômico / Suave,-4.181031131438371,-2.00365689244464
10,2220,4,88.0,40,0.0,0.0,0.0,0.0,0.0,0.0,0.0,0,0.0,0,0.0,0,1.0,1.08,0.0261,0,Econômico / Suave,-4.181031131438371,-2.00365689244464
10,2220,5,106.0,49,0.51,4.67,1.4,0.3,0.407,-0.354,-0.432,0,0.0,0,0.0,0,0.878,1.18,0.0324,0,Econômico / Suave,-2.902483527017456,-2.364345126265449
10,2220,6,98.0,44,0.0,0.0,0.0,0.0,0.0,0.0,0.0,0,0.0,0,0.0,0,1.0,1.03,0.0279,0,Econômico / Suave,-4.181031131438371,-2.00365689244464
10,2220,7,119.0,62,0.18,3.9,0.82,0.352,0.361,-0.352,-0.361,0,0.0,0,0.0,0,0.952,1.09,0.0343,0,Econômico / Suave,-2.838434370397059,-2.476453853149268
10,2220,8,118.0,79,5.77,19.4,6.74,0.436,1.08,-0.521,-1.105,0,0.0,0,0.0,0,0.532,1.78,0.0491,1,Moderado / Regular,-1.6309858833110706,-2.097748281028331
10,2220,9,118.0,89,17.33,48.47,15.96,0.75,1.619,-0.662,-1.391,0,0.0,0,0.0,0,0.247,3.66,0.0996,1,Moderado / Regular,0.10072990229052038,-1.5443096312433802
10,2220,10,112.0,69,0.45,6.27,1.38,0.453,0.581,-0.245,-0.366,0,0.0,0,0.0,0,0.899,1.12,0.032,0,Econômico / Suave,-2.317970324299633,-2.599791881779329
10,2220,11,108.0,62,0.62,7.35,1.83,0.473,0.681,-0.419,-0.645,0,0.0,0,0.0,0,0.887,1.21,0.0329,0,Econômico / Suave,-2.1406988992302005,-2.60751900870224
10,2220,12,110.0,49,0.43,6.1,1.43,0.462,0.565,-0.34,-0.565,0,0.0,0,0.0,0,0.918,1.03,0.0295,0,Econômico / Suave,-2.308365024255056,-2.607904083284585
10,2220,13,110.0,52,0.33,3.36,0.96,0.224,0.311,-0.284,-0.284,0,0.0,0,0.0,0,0.904,1.04,0.0294,0,Econômico / Suave,-3.2226212333028768,-2.2811044258757835
10,2220,14,108.0,72,9.62,40.37,12.64,0.857,2.149,-0.739,-1.503,0,0.0,1,0.56,0,0.458,3.94,0.0926,1,Moderado / Regular,1.3099761673478862,-2.1775166363554455
10,2220,15,118.0,72,15.15,50.85,18.95,0.399,0.838,-0.844,-1.558,0,0.0,0,0.0,0,0.556,2.36,0.0572,1,Moderado / Regular,-1.4764878928466987,-0.8929663582195312
10,2220,16,107.0,46,0.0,0.0,0.0,0.0,0.0,0.0,0.0,0,0.0,0,0.0,0,1.0,0.96,0.028,0,Econômico / Suave,-4.181031131438371,-2.00365689244464
10,2220,17,121.0,59,0.24,5.07,0.96,0.338,0.469,-0.291,-0.469,0,0.0,0,0.0,0,0.949,1.08,0.035,0,Econômico / Suave,-2.756383287083568,-2.4617020130173977
10,2220,18,117.0,99,33.54,69.31,26.55,0.595,1.578,-0.526,-1.734,0,0.0,0,0.0,0,0.232,5.8,0.1643,1,Moderado / Regular,0.01540460594199629,0.017533079735282085
10,2220,19,66.0,65,37.56,56.5,14.38,0.841,1.386,-0.694,-1.564,0,0.0,0,0.0,0,0.0,2.47,0.0461,1,Moderado / Regular,-0.1582471289806563,-0.7888522194143651
10,2253,0,117.0,99,36.86,67.9,23.19,0.665,1.881,-0.892,-2.66,3,1.54,0,0.0,0,0.192,9.33,0.2676,1,Moderado / Regular,0.8084571607045571,0.699489280720256
10,2253,1,120.0,105,43.11,67.8,27.26,0.58,1.819,-0.666,-1.981,0,0.0,0,0.0,0,0.229,6.85,0.2171,1,Moderado / Regular,0.17671208495681945,0.4872565456294264
10,2253,2,67.0,58,32.66,64.45,24.46,0.584,1.619,-0.797,-2.105,1,0.9,0,0.0,0,0.276,7.43,0.1247,1,Moderado / Regular,0.21893477217412072,0.3677022478564159
10,2255,0,120.0,119,40.1,57.48,12.92,0.427,1.419,-0.531,-1.487,0,0.0,0,0.0,0,0.017,6.31,0.2097,0,Econômico / Suave,-1.307913210691485,-0.19651221514735454
10,2255,1,120.0,118,35.83,61.46,15.8,0.591,2.514,-0.763,-2.142,2,1.0,3,1.5,0,0.034,4.31,0.1424,2,Agressivo / Dinâmico,2.0044628402116427,0.29368835073699323
10,2255,2,117.0,97,41.37,72.91,29.76,0.683,2.204,-0.679,-1.828,0,0.0,1,0.51,0,0.268,8.18,0.2282,2,Agressivo / Dinâmico,1.4097430361720573,0.4717639514150016
10,2255,3,116.0,104,44.7,62.24,18.56,0.52,2.199,-0.539,-1.997,0,0.0,2,1.03,0,0.077,8.0,0.2326,2,Agressivo / Dinâmico,0.8381465106037532,0.33646223360836097
10,2255,4,85.0,84,46.59,74.86,25.31,0.865,2.157,-0.701,-2.14,1,0.71,1,0.71,0,0.0,12.09,0.2897,2,Agressivo / Dinâmico,1.968920098212673,0.6620667453728942
10,2259,0,112.0,103,32.89,55.63,14.23,0.7,1.754,-0.547,-1.711,0,0.0,0,0.0,0,0.058,7.95,0.236,1,Moderado / Regular,-0.11152143328233315,-0.8727878486590597
10,2259,1,120.0,115,33.99,65.82,22.43,0.667,1.713,-0.702,-1.726,0,0.0,0,0.0,0,0.165,5.43,0.1762,1,Moderado / Regular,0.14375465585775993,-0.30987473868643034
10,2259,2,120.0,110,41.24,74.29,27.44,0.715,1.819,-0.474,-1.317,0,0.0,0,0.0,0,0.218,8.06,0.2517,1,Moderado / Regular,0.5578254746672643,0.22776584056837645
10,2259,3,120.0,99,32.26,65.13,26.39,0.472,1.263,-0.787,-2.213,4,2.0,0,0.0,0,0.364,6.06,0.1755,1,Moderado / Regular,-0.006120082955142448,1.2690875175653298
10,2259,4,120.0,120,47.23,69.04,18.31,0.614,2.026,-0.709,-1.558,0,0.0,1,0.5,0,0.0,11.44,0.3812,1,Moderado / Regular,0.43041603089643654,0.21409299080960606
10,2265,0,120.0,114,29.54,50.92,16.69,0.625,1.829,-0.92,-1.806,0,0.0,0,0.0,0,0.123,6.11,0.1971,1,Moderado / Regular,-0.08274338229287241,-0.7978585820978348
10,2265,1,120.0,109,28.55,62.03,22.34,0.399,1.428,-0.729,-1.771,0,0.0,0,0.0,0,0.284,2.74,0.0918,1,Moderado / Regular,-0.8162547905001533,-0.16370601013397088
10,2265,2,120.0,115,37.43,70.83,20.34,0.576,1.875,-0.538,-1.396,0,0.0,0,0.0,0,0.052,8.05,0.261,1,Moderado / Regular,-0.05815761779509741,-0.16731871753703584
10,2265,3,117.0,112,33.89,65.78,18.21,0.568,1.51,-0.636,-1.481,0,0.0,0,0.0,0,0.071,5.53,0.1745,1,Moderado / Regular,-0.5314261958822689,-0.38976895771466497
10,2265,4,122.0,104,29.43,62.17,23.37,0.668,1.934,-0.814,-1.753,0,0.0,0,0.0,0,0.279,4.98,0.1501,1,Moderado / Regular,0.4628302113536968,-0.49971188522858784
10,2265,5,91.0,86,41.29,73.6,28.47,1.026,2.009,-0.827,-1.637,0,0.0,1,0.66,0,0.163,12.44,0.3031,2,Agressivo / Dinâmico,2.173542963143459,-0.008512070189474303
10,2272,0,117.0,88,15.61,49.92,14.63,0.749,1.754,-0.783,-2.046,1,0.51,0,0.0,0,0.33,2.44,0.0675,1,Moderado / Regular,0.35036129975071645,-1.4330860712639273
10,2272,1,113.0,99,36.72,56.24,17.75,0.431,1.906,-0.655,-1.998,0,0.0,0,0.0,0,0.131,1.91,0.056,1,Moderado / Regular,-0.5264119622161393,-0.1535422221286175
10,2272,2,122.0,94,30.28,56.31,19.44,0.466,1.267,-0.682,-1.729,0,0.0,0,0.0,0,0.191,4.62,0.1267,1,Moderado / Regular,-0.9627082647769833,-0.3156219659674553
10,2272,3,119.0,89,36.95,69.95,30.63,0.65,1.738,-0.229,-0.327,0,0.0,0,0.0,0,0.36,7.42,0.1896,1,Moderado / Regular,0.4935991478793153,0.30826272226417817
10,2272,4,114.0,97,29.25,57.76,19.43,0.683,1.559,-0.95,-1.77,0,0.0,0,0.0,0,0.134,4.6,0.1278,1,Moderado / Regular,-0.07722035919154223,-0.6984637477352521
10,2272,5,123.0,102,26.3,56.2,19.3,0.73,1.95,-0.975,-2.603,2,0.98,0,0.0,0,0.186,3.91,0.1132,1,Moderado / Regular,0.7824320956659032,-0.4162749339986912
10,2272,6,77.0,76,53.28,70.52,18.3,0.838,1.679,-0.425,-2.095,1,0.78,0,0.0,0,0.0,14.8,0.3159,1,Moderado / Regular,0.43383139893290673,0.5552781618985101
10,2297,0,120.0,104,44.33,66.8,21.59,0.493,1.773,-0.861,-2.472,4,2.0,0,0.0,0,0.125,8.03,0.2519,1,Moderado / Regular,0.24341142216272255,1.458326391208872
10,2297,1,116.0,103,37.38,83.05,33.14,0.995,1.902,-0.953,-2.302,1,0.52,0,0.0,0,0.33,11.89,0.3503,1,Moderado / Regular,1.8544909229628572,0.2672952281524121
10,2320,0,120.0,106,15.42,44.55,12.47,0.646,1.938,-0.698,-1.333,0,0.0,0,0.0,0,0.142,3.63,0.1086,1,Moderado / Regular,0.008519022745016884,-1.7320416582499945
10,2321,0,119.0,101,18.14,44.97,15.19,0.705,1.594,-0.581,-2.149,2,1.01,0,0.0,0,0.218,2.99,0.0859,1,Moderado / Regular,0.22883090547326213,-0.9254180403729011
10,2326,0,120.0,92,40.44,74.84,29.69,0.416,0.873,-0.663,-2.07,1,0.5,0,0.0,0,0.283,1.81,0.0487,0,Econômico / Suave,-0.9454813289434327,1.130866956771292
10,2326,1,119.0,91,23.8,53.05,19.81,0.636,1.799,-0.888,-1.972,0,0.0,0,0.0,0,0.308,1.6,0.0405,1,Moderado / Regular,0.116099937875652,-0.898499248520333
10,2326,2,115.0,72,3.72,30.66,8.37,1.11,1.851,-0.797,-1.316,0,0.0,0,0.0,0,0.806,0.43,0.0072,1,Moderado / Regular,1.0471889772910226,-3.1214390080597774
10,2326,3,120.0,81,12.45,57.35,18.85,1.108,2.517,-1.284,-2.349,2,1.0,3,1.5,0,0.605,4.7,0.109,2,Agressivo / Dinâmico,3.724715555263231,-1.31775370918786
10,2326,4,120.0,105,31.1,60.61,19.72,0.717,2.365,-0.901,-2.262,1,0.5,3,1.5,0,0.133,3.16,0.0941,2,Agressivo / Dinâmico,2.254795410271626,-0.13215413520589603
10,2326,5,100.0,73,20.77,49.42,15.93,1.096,2.493,-0.977,-2.354,3,1.8,3,1.8,0,0.233,4.14,0.0828,2,Agressivo / Dinâmico,3.954041727864715,-0.5650608798202362
10,2328,0,120.0,104,32.71,55.5,18.1,0.67,1.769,-0.778,-1.729,0,0.0,0,0.0,0,0.144,7.24,0.2122,1,Moderado / Regular,0.012995494439183146,-0.6246274484977721
10,2328,1,120.0,113,50.71,67.39,17.71,0.554,1.697,-0.87,-2.467,4,2.0,0,0.0,0,0.044,2.78,0.0875,1,Moderado / Regular,0.08142420040661182,1.462736411862506
10,2328,2,98.0,77,50.9,74.45,25.97,0.718,1.764,-0.358,-1.208,0,0.0,0,0.0,0,0.143,9.09,0.2,1,Moderado / Regular,0.3518084888660155,0.5953385413810413
10,2332,0,120.0,118,55.14,73.11,15.14,0.601,1.695,-0.753,-2.151,2,1.0,0,0.0,0,0.0,8.09,0.2698,1,Moderado / Regular,-0.27377385405775423,0.9047482607564448
10,2332,1,113.0,96,47.54,66.94,21.72,0.581,1.883,-0.594,-1.486,0,0.0,0,0.0,0,0.083,3.57,0.1049,1,Moderado / Regular,-0.0599020144310428,0.3701049474327395
10,2332,2,115.0,99,23.3,46.54,15.38,0.79,1.881,-0.741,-1.636,0,0.0,0,0.0,0,0.121,1.17,0.0342,1,Moderado / Regular,0.3987721468936544,-1.3912234873214684
10,2332,3,101.0,53,7.09,35.47,11.65,0.75,1.673,-0.883,-1.942,0,0.0,0,0.0,0,0.642,2.09,0.0438,1,Moderado / Regular,0.04045414344800975,-2.268022806693009
10,2332,4,101.0,65,33.45,62.75,24.2,0.831,2.542,-0.919,-1.906,0,0.0,3,1.78,0,0.2,10.32,0.1886,2,Agressivo / Dinâmico,3.0106263267564444,-0.16340561095606762
10,2332,5,117.0,95,21.56,61.42,18.02,0.802,1.983,-1.014,-2.464,4,2.05,0,0.0,0,0.211,3.1,0.0922,1,Moderado / Regular,1.3230200126157785,-0.2162285096939223
10,2332,6,64.0,59,20.79,46.77,13.81,0.689,1.327,-0.551,-1.129,0,0.0,0,0.0,0,0.085,3.74,0.0621,1,Moderado / Regular,-0.4991203582459564,-1.3822841039718843
10,2338,0,115.0,113,44.16,70.56,20.53,0.454,1.683,-0.696,-1.483,0,0.0,0,0.0,0,0.027,2.25,0.0669,1,Moderado / Regular,-0.6307557640569516,0.34663988304936744
10,2338,1,109.0,59,5.88,30.56,9.52,1.089,1.923,-0.823,-1.587,0,0.0,0,0.0,0,0.61,1.59,0.0294,1,Moderado / Regular,1.1032009870763573,-2.938236477013514
10,2338,2,79.0,47,9.25,30.04,11.53,0.594,1.542,-0.758,-1.459,0,0.0,0,0.0,0,0.553,1.88,0.0245,1,Moderado / Regular,-0.5324548757873646,-1.945186022246942
10,2338,3,117.0,92,29.5,59.17,23.08,0.772,2.161,-0.555,-1.523,0,0.0,1,0.51,0,0.261,6.94,0.1785,1,Moderado / Regular,1.3831543628859249,-0.5681115221112961
10,2338,4,110.0,91,22.09,54.87,15.89,0.738,1.388,-0.614,-1.779,0,0.0,0,0.0,0,0.187,2.64,0.0736,1,Moderado / Regular,-0.21766522810787722,-1.2799447124918595
10,2338,5,110.0,93,27.51,52.29,15.65,0.754,1.771,-0.803,-1.481,0,0.0,0,0.0,0,0.108,3.56,0.1001,1,Moderado / Regular,0.1646833803560398,-1.1172903642842684
10,2350,0,88.0,74,18.53,38.16,13.81,0.762,1.441,-0.908,-2.86,3,2.05,0,0.0,0,0.203,3.08,0.0635,1,Moderado / Regular,0.47594697658692503,-0.4643607883308963
10,2350,2,99.0,86,12.81,29.72,10.14,0.705,1.923,-0.721,-2.319,2,1.21,0,0.0,0,0.244,2.11,0.0513,1,Moderado / Regular,0.43922253732638145,-1.3906664767815886
10,2350,3,121.0,114,36.91,65.49,17.02,0.658,2.27,-0.7,-2.023,1,0.5,1,0.5,0,0.018,3.71,0.1194,1,Moderado / Regular,0.9875619196627775,-0.15183641197057776
10,2350,4,108.0,61,19.43,52.93,19.63,1.278,2.215,-1.294,-2.469,4,2.22,3,1.67,0,0.426,7.21,0.1213,2,Agressivo / Dinâmico,4.357439190366083,-0.42414821457131086
10,2350,5,113.0,110,53.46,78.94,26.37,0.568,1.719,-1.062,-4.207,3,1.59,0,0.0,1,0.045,9.43,0.2882,1,Moderado / Regular,0.4051475602137066,1.8279768017867826
10,2350,6,98.0,84,35.85,51.96,15.07,0.553,2.079,-0.621,-1.549,0,0.0,1,0.61,0,0.048,5.02,0.1213,1,Moderado / Regular,0.3613484549277081,-0.39397748636932384
10,2350,7,87.0,85,44.2,79.9,26.58,0.869,1.99,-0.853,-2.982,3,2.07,0,0.0,0,0.071,9.34,0.2209,2,Agressivo / Dinâmico,1.7244531730679267,1.2320747078566725
10,2382,0,120.0,120,67.42,83.26,14.42,0.368,1.395,-0.543,-1.518,0,0.0,0,0.0,0,0.0,7.4,0.2468,0,Econômico / Suave,-1.6587168210238517,1.2349208196416694
10,2382,1,40.0,40,40.44,70.47,18.83,0.693,1.278,-1.299,-2.284,1,1.5,0,0.0,0,0.0,5.84,0.0649,1,Moderado / Regular,-0.0014937423313123436,0.6426297149803087
10,2384,0,120.0,118,58.05,78.62,20.03,0.426,1.021,-0.63,-1.941,0,0.0,0,0.0,0,0.0,6.66,0.2157,0,Econômico / Suave,-1.5429937541161263,1.0902426015271696
10,2384,1,120.0,120,47.18,59.52,6.02,0.296,0.959,-0.432,-1.015,0,0.0,0,0.0,0,0.0,1.43,0.0475,0,Econômico / Suave,-2.52849687628183,-0.016320063815598168
10,2391,0,115.0,104,28.9,46.62,15.07,0.602,1.794,-0.65,-1.288,0,0.0,0,0.0,0,0.125,6.68,0.1932,1,Moderado / Regular,-0.25223021421878217,-0.8826306254207366
10,2391,1,77.0,75,41.32,54.4,8.12,0.324,1.084,-0.297,-0.646,0,0.0,0,0.0,0,0.0,6.52,0.1389,0,Econômico / Suave,-2.171079213273957,-0.22437047672780402
10,2395,0,101.0,101,38.2,50.7,8.15,0.452,1.245,-0.618,-1.421,0,0.0,0,0.0,0,0.0,6.95,0.1949,0,Econômico / Suave,-1.6364719556881082,-0.5628324551742447
10,2397,0,120.0,119,34.63,51.51,14.23,0.802,2.32,-0.764,-2.498,2,1.0,2,1.0,0,0.008,5.08,0.1716,2,Agressivo / Dinâmico,1.8776878999438915,-0.22444441863494266
10,2397,1,120.0,113,33.11,47.95,14.61,0.353,0.92,-0.484,-1.236,0,0.0,0,0.0,0,0.08,1.97,0.0669,0,Econômico / Suave,-1.8804934376953955,-0.255480612034676
10,2397,2,82.0,69,25.59,43.55,14.51,0.768,1.56,-0.752,-1.569,0,0.0,0,0.0,0,0.159,3.12,0.0626,1,Moderado / Regular,-0.056536465163049984,-1.2601620366766872
10,2400,0,109.0,74,18.73,40.65,15.34,0.753,2.249,-0.921,-1.668,0,0.0,2,1.1,0,0.297,3.56,0.0775,2,Agressivo / Dinâmico,1.6381155408171628,-1.3529056059986742
10,2401,0,120.0,93,31.3,59.29,21.34,0.611,1.889,-0.638,-2.093,1,0.5,0,0.0,0,0.237,2.63,0.0724,1,Moderado / Regular,0.308236099677585,-0.1666003400007934
10,2401,1,120.0,96,16.73,51.45,16.37,0.88,1.908,-0.62,-1.47,0,0.0,0,0.0,0,0.365,4.18,0.1143,1,Moderado / Regular,0.7701664576118151,-1.7651881189629512
10,2401,2,118.0,109,53.3,63.08,15.02,0.175,0.619,-0.692,-1.849,0,0.0,0,0.0,0,0.046,6.57,0.2,0,Econômico / Suave,-2.8233522777022584,0.9844340497996392
10,2401,3,112.0,91,30.58,63.08,24.42,0.704,1.842,-0.911,-2.017,1,0.54,0,0.0,0,0.231,5.26,0.1401,1,Moderado / Regular,0.671560308949971,-0.12400017469688064
10,2401,4,120.0,90,40.87,76.9,31.3,0.894,1.799,-0.969,-3.179,4,2.0,0,0.0,0,0.278,9.5,0.2473,2,Agressivo / Dinâmico,1.8258005322623403,1.2973593385480386
10,2402,0,115.0,108,44.44,75.52,25.86,0.572,1.621,-0.613,-1.616,0,0.0,0,0.0,0,0.083,4.68,0.1389,1,Moderado / Regular,-0.13028825310716627,0.5081226621898481
10,2402,1,123.0,104,24.88,48.73,18.89,0.899,1.917,-0.905,-1.779,0,0.0,0,0.0,0,0.298,7.93,0.2304,1,Moderado / Regular,0.8786536002326312,-1.2733748898137505
10,2402,2,117.0,100,23.46,47.53,13.5,0.751,1.945,-0.898,-1.871,0,0.0,0,0.0,0,0.09,2.17,0.0674,1,Moderado / Regular,0.2708420955298808,-1.4455794917957165
10,2410,0,120.0,112,31.65,54.11,16.96,0.576,1.656,-0.65,-1.984,0,0.0,0,0.0,0,0.098,3.52,0.1138,1,Moderado / Regular,-0.3982310299167223,-0.594733979022515
10,2410,1,118.0,111,43.44,61.74,16.56,0.463,1.538,-0.684,-1.692,0,0.0,0,0.0,0,0.054,1.42,0.0432,1,Moderado / Regular,-0.9431675606558922,0.09763881292987522
10,2410,2,113.0,78,27.37,70.82,30.36,0.577,1.886,-0.115,-0.126,0,0.0,0,0.0,0,0.5,5.78,0.1281,1,Moderado / Regular,0.5276973357310447,-0.07143286998625184
10,2410,3,120.0,106,39.11,68.76,23.99,0.645,1.871,-0.733,-1.841,0,0.0,0,0.0,0,0.123,4.33,0.1378,1,Moderado / Regular,0.2803822853462238,0.02281403530237599
10,2410,4,120.0,117,46.04,74.01,22.84,0.752,1.831,-0.781,-2.52,5,2.5,0,0.0,0,0.034,8.73,0.2851,2,Agressivo / Dinâmico,1.1886485063692516,1.5258180487392117
10,2410,5,90.0,59,18.13,63.75,24.86,1.454,2.396,-0.924,-1.823,0,0.0,1,0.67,0,0.576,1.53,0.0302,2,Agressivo / Dinâmico,3.7457531623340543,-1.9146366725921122
10,2428,0,95.0,90,38.85,65.23,22.71,0.725,1.981,-0.748,-1.989,0,0.0,0,0.0,0,0.133,13.0,0.3296,1,Moderado / Regular,0.5467666558675426,-0.18496164097795728
10,2437,0,115.0,98,35.62,65.4,27.97,0.309,0.615,-0.591,-1.195,0,0.0,0,0.0,0,0.276,1.13,0.0352,0,Econômico / Suave,-1.6938751796902567,0.7144628895690924
10,2437,1,119.0,105,30.46,56.45,16.29,0.674,2.294,-0.762,-1.58,0,0.0,2,1.01,0,0.076,4.35,0.1284,2,Agressivo / Dinâmico,1.34370981802489,-0.6765738913722557
10,2437,2,112.0,90,29.63,66.64,24.14,0.657,1.61,-0.79,-2.123,2,1.07,0,0.0,0,0.256,5.25,0.1362,1,Moderado / Regular,0.46681447096855616,0.20606031861916368
10,2437,3,67.0,61,33.49,50.24,11.6,0.639,1.942,-0.5,-0.808,0,0.0,0,0.0,0,0.049,5.89,0.1009,1,Moderado / Regular,-0.2080101533166392,-0.9362723713102279
10,2438,0,110.0,109,45.42,57.23,16.55,0.385,0.889,-0.521,-1.726,0,0.0,0,0.0,0,0.083,1.67,0.0475,0,Econômico / Suave,-1.8443416978804876,0.3839788548705364
10,2438,1,116.0,88,38.35,69.68,30.2,0.608,1.896,-0.162,-0.221,0,0.0,0,0.0,0,0.341,7.39,0.1826,1,Moderado / Regular,0.5147040669780935,0.38399270949276265
10,2438,2,109.0,88,38.11,69.0,24.3,0.632,2.07,-0.793,-2.691,3,1.65,2,1.1,0,0.227,4.99,0.1231,2,Agressivo / Dinâmico,1.9097340999606884,1.1520245101876345
10,2438,3,120.0,114,38.49,70.41,23.02,0.647,2.324,-0.688,-2.223,1,0.5,1,0.5,0,0.053,5.94,0.1958,2,Agressivo / Dinâmico,1.2898144212371683,0.2664845236253045
10,2438,4,45.0,43,38.23,67.53,24.36,1.059,1.642,-0.683,-1.597,0,0.0,0,0.0,0,0.116,5.55,0.0666,1,Moderado / Regular,1.1582211070292432,-0.5270728815353142
10,2444,0,117.0,112,36.72,59.87,14.98,0.651,1.646,-0.68,-1.548,0,0.0,0,0.0,0,0.027,4.31,0.1342,1,Moderado / Regular,-0.351305381687034,-0.5720508947322902
10,2444,1,120.0,113,34.59,61.64,19.24,0.647,1.661,-0.826,-3.036,3,1.5,0,0.0,0,0.071,4.56,0.1444,1,Moderado / Regular,0.3487404635580608,0.40470196143354675
10,2444,2,67.0,37,9.22,48.51,16.19,0.0,0.0,-1.037,-1.51,0,0.0,0,0.0,0,0.703,-0.48,-0.0035,0,Econômico / Suave,-3.4833149353353323,-0.665792422984621
10,2444,3,92.0,35,0.0,0.0,0.0,0.0,0.0,0.0,0.0,0,0.0,0,0.0,0,1.0,0.55,0.0137,0,Econômico / Suave,-4.181031131438371,-2.00365689244464
10,2444,5,115.0,112,55.36,71.76,18.61,0.677,2.127,-0.615,-2.063,1,0.52,2,1.04,0,0.054,8.43,0.2677,2,Agressivo / Dinâmico,1.2561877879633172,0.9200547595107721
10,2444,6,117.0,90,28.84,65.62,26.65,0.543,1.472,-0.831,-1.992,0,0.0,0,0.0,0,0.356,3.87,0.0989,1,Moderado / Regular,-0.1857963707934298,-0.10907037209253781
10,2444,7,113.0,102,39.07,73.03,26.8,0.903,1.912,-0.659,-1.861,0,0.0,0,0.0,0,0.108,7.95,0.2268,1,Moderado / Regular,1.138909747282471,-0.1764846196330907
10,2464,0,88.0,74,49.18,69.72,23.57,0.211,0.369,-0.661,-1.28,0,0.0,0,0.0,0,0.122,2.36,0.0525,0,Econômico / Suave,-2.541203044813779,1.2608332987914928
10,2464,1,107.0,86,23.24,54.12,18.67,0.865,2.197,-0.64,-2.559,2,1.12,2,1.12,0,0.174,2.79,0.0705,2,Agressivo / Dinâmico,2.3676015431147888,-0.47570578544638337
10,2464,2,104.0,56,4.57,23.0,7.2,0.694,1.05,-0.585,-1.094,0,0.0,0,0.0,0,0.589,1.67,0.0369,1,Moderado / Regular,-0.9494350083982399,-2.473200339189617
10,2464,3,115.0,85,30.23,63.89,23.58,0.873,2.407,-0.371,-0.815,0,0.0,1,0.52,0,0.318,6.48,0.1681,2,Agressivo / Dinâmico,1.9320993685396914,-0.6748410382285676
10,2464,4,116.0,98,26.42,47.99,14.4,0.706,1.728,-0.711,-2.132,1,0.52,0,0.0,0,0.112,2.25,0.0676,1,Moderado / Regular,0.10600465437319152,-0.8785694539691278
10,2467,0,120.0,112,37.6,55.82,17.18,0.483,2.586,-0.539,-1.355,0,0.0,2,1.0,0,0.089,2.41,0.077,2,Agressivo / Dinâmico,1.116256341870251,-0.07969653962908889
10,2467,1,120.0,111,33.29,59.28,18.09,0.671,1.867,-0.816,-2.044,1,0.5,0,0.0,0,0.108,5.36,0.166,1,Moderado / Regular,0.269279292010916,-0.33586927323575233
10,2467,2,120.0,120,44.91,58.98,8.68,0.529,1.621,-0.705,-2.339,2,1.0,0,0.0,0,0.0,11.15,0.3717,0,Econômico / Suave,-0.7610714550585832,0.17578799713883803
10,2467,3,120.0,114,36.65,56.33,17.88,0.485,2.792,-0.605,-2.341,2,1.0,1,0.5,0,0.088,1.87,0.0605,2,Agressivo / Dinâmico,1.2771691986737794,0.32459877768707
10,2467,4,98.0,58,13.83,41.11,14.98,0.791,1.937,-0.855,-1.887,0,0.0,0,0.0,0,0.448,0.97,0.0197,1,Moderado / Regular,0.5246511606633226,-1.8608425820940775
10,2471,0,113.0,96,18.97,45.75,14.85,0.9,1.807,-0.895,-1.843,0,0.0,0,0.0,0,0.25,4.33,0.1158,1,Moderado / Regular,0.624380821968973,-1.7603476821380653
10,2471,1,119.0,101,28.85,56.12,15.69,0.578,2.003,-0.684,-1.184,0,0.0,1,0.5,0,0.129,2.28,0.0639,1,Moderado / Regular,0.34847468046961416,-0.7315317304469007
10,2471,2,111.0,97,44.84,66.51,18.96,0.409,0.941,-0.719,-1.908,0,0.0,0,0.0,0,0.093,1.77,0.0503,0,Econômico / Suave,-1.6056068846546947,0.45309294803275774
10,2471,3,114.0,103,54.93,69.4,18.34,0.666,2.095,-0.429,-1.883,0,0.0,1,0.53,0,0.058,10.45,0.3014,1,Moderado / Regular,0.5975561253797361,0.4987652701201957
10,2471,4,101.0,82,37.3,61.75,18.6,0.506,1.617,-0.72,-2.353,2,1.19,0,0.0,0,0.085,1.36,0.031,1,Moderado / Regular,-0.2210469445114499,0.5193903298845887
10,2471,5,113.0,105,38.54,69.26,25.39,0.746,1.869,-0.72,-2.192,2,1.06,0,0.0,0,0.057,7.91,0.2307,1,Moderado / Regular,0.9497685197984217,0.5265478604265834
10,2478,0,115.0,91,31.65,69.18,25.68,0.687,2.024,-1.173,-1.94,0,0.0,1,0.52,0,0.264,6.78,0.1762,1,Moderado / Regular,1.1304979933082333,-0.18580589814469892
10,2478,1,116.0,98,40.32,68.42,23.99,0.634,1.621,-0.818,-2.15,1,0.52,0,0.0,0,0.173,4.41,0.1213,1,Moderado / Regular,0.14291249211600904,0.41664536040531214
10,2478,2,119.0,91,30.86,60.73,22.34,0.68,1.78,-0.856,-2.354,2,1.01,0,0.0,0,0.264,4.29,0.1114,1,Moderado / Regular,0.588489866579061,0.07369118935973942
10,2478,3,94.0,82,47.16,75.52,25.31,1.103,2.082,-0.698,-1.765,0,0.0,2,1.28,0,0.085,10.39,0.2378,2,Agressivo / Dinâmico,2.763675629657977,0.11291140489453959
10,2481,0,117.0,93,42.77,71.51,28.83,0.38,1.104,-0.698,-1.531,0,0.0,0,0.0,0,0.258,4.61,0.1294,0,Econômico / Suave,-1.0182809903871175,0.9298314340033148
10,2481,1,116.0,83,25.51,51.43,21.66,0.563,1.305,-0.808,-1.589,0,0.0,0,0.0,0,0.337,3.49,0.0918,1,Moderado / Regular,-0.5181294452657085,-0.5481008455743676
10,2481,2,119.0,85,27.15,63.12,23.82,0.935,2.581,-0.662,-1.529,0,0.0,3,1.51,0,0.329,8.4,0.2233,2,Agressivo / Dinâmico,3.1387270930085185,-0.684632012238238
10,2481,3,119.0,109,30.43,55.38,13.56,0.831,2.043,-0.876,-1.773,0,0.0,1,0.5,0,0.055,3.39,0.1064,1,Moderado / Regular,0.9405434285047521,-1.127073621515818
10,2485,0,120.0,117,53.3,73.17,18.4,0.583,1.37,-0.694,-2.218,2,1.0,0,0.0,0,0.026,6.78,0.2261,0,Econômico / Suave,-0.48720529636079546,1.0724042025813103
10,2485,1,119.0,113,47.15,72.79,21.63,0.588,1.789,-0.642,-1.651,0,0.0,0,0.0,0,0.035,3.03,0.0972,1,Moderado / Regular,-0.140453370677489,0.3504688290231788
10,2485,2,91.0,71,26.48,48.35,19.48,0.596,1.382,-0.547,-1.368,0,0.0,0,0.0,0,0.239,3.13,0.0697,1,Moderado / Regular,-0.46433426034511005,-0.6813419296590318
10,2485,3,115.0,110,35.15,61.66,20.75,0.823,2.378,-0.674,-1.844,0,0.0,3,1.57,0,0.118,6.82,0.2102,2,Agressivo / Dinâmico,2.4626254552388933,-0.29372578062191557
10,2485,4,101.0,85,31.62,50.62,15.78,0.636,2.057,-0.633,-1.398,0,0.0,2,1.19,0,0.106,5.71,0.1528,2,Agressivo / Dinâmico,1.1108547865527352,-0.5260739632666772
10,2533,0,119.0,115,33.81,53.05,15.99,0.774,1.678,-0.968,-2.269,3,1.51,0,0.0,0,0.043,5.39,0.172,1,Moderado / Regular,0.5548268921408759,0.016592483911520524
10,2533,1,120.0,108,43.13,63.11,18.66,0.559,1.597,-0.296,-0.581,0,0.0,0,0.0,0,0.111,7.46,0.2236,1,Moderado / Regular,-0.5246603911663063,0.06315551364953388
10,2533,2,118.0,111,57.4,79.97,22.53,0.21,0.356,-0.609,-1.384,0,0.0,0,0.0,0,0.063,4.87,0.157,0,Econômico / Suave,-2.6804345746746274,1.5856407488339312
10,2533,3,98.0,81,37.25,74.49,29.56,0.497,1.177,-0.431,-0.82,0,0.0,0,0.0,0,0.296,3.67,0.0833,1,Moderado / Regular,-0.549532301343455,0.5468260455199563
10,2533,4,120.0,118,44.55,64.46,16.26,0.514,1.681,-0.625,-2.281,1,0.5,0,0.0,0,0.025,3.25,0.1102,1,Moderado / Regular,-0.5267765610407723,0.32055362637568485
10,2533,5,117.0,92,33.1,58.81,21.83,0.484,1.496,-0.614,-1.296,0,0.0,0,0.0,0,0.163,3.18,0.0825,1,Moderado / Regular,-0.5861478782861742,-0.10664519549155671
10,2533,6,120.0,117,26.87,39.49,9.31,0.547,1.41,-0.596,-1.435,0,0.0,0,0.0,0,0.0,3.21,0.1058,1,Moderado / Regular,-1.0574056848300422,-1.1732100094670834
10,2533,7,112.0,53,1.37,15.3,3.86,0.303,0.497,-0.562,-0.905,0,0.0,0,0.0,0,0.868,0.75,0.0241,0,Econômico / Suave,-2.6898054367633546,-2.202565503814142
10,2533,10,120.0,117,25.23,43.73,12.19,0.577,1.158,-0.72,-1.905,0,0.0,0,0.0,0,0.051,3.1,0.1022,1,Moderado / Regular,-1.0881762691161418,-1.0928764426826416
10,2533,11,101.0,87,33.51,57.1,21.93,0.6,1.594,-0.553,-1.345,0,0.0,0,0.0,0,0.184,4.23,0.1046,1,Moderado / Regular,-0.17689690442333555,-0.2529241500737539
10,2533,12,100.0,88,53.36,71.32,21.76,0.64,1.648,-0.247,-0.551,0,0.0,0,0.0,0,0.08,8.59,0.2121,1,Moderado / Regular,-0.19943221593144905,0.5939301140186966
10,2533,13,120.0,120,48.83,64.37,14.35,0.443,1.232,-0.502,-1.109,0,0.0,0,0.0,0,0.0,6.23,0.2076,0,Econômico / Suave,-1.4695765995792258,0.29186982072195533
10,2533,14,98.0,81,24.32,52.97,20.24,0.494,1.546,-0.577,-1.224,0,0.0,0,0.0,0,0.185,1.39,0.0358,1,Moderado / Regular,-0.5062304126448599,-0.6227208089373054
10,2533,15,100.0,49,0.0,0.0,0.0,0.0,0.0,-0.313,-0.313,0,0.0,0,0.0,0,1.0,0.55,0.0152,0,Econômico / Suave,-4.181031131438371,-2.00365689244464
10,2533,16,79.0,31,0.0,0.0,0.0,0.0,0.0,0.0,0.0,0,0.0,0,0.0,0,1.0,0.59,0.0124,0,Econômico / Suave,-4.181031131438371,-2.00365689244464
10,2533,17,115.0,61,0.0,0.0,0.0,0.0,0.0,0.0,0.0,0,0.0,0,0.0,0,1.0,0.51,0.0152,0,Econômico / Suave,-4.181031131438371,-2.00365689244464
10,2533,18,88.0,35,0.0,0.0,0.0,0.0,0.0,0.0,0.0,0,0.0,0,0.0,0,1.0,0.78,0.0189,0,Econômico / Suave,-4.181031131438371,-2.00365689244464
10,2533,19,120.0,69,0.0,0.0,0.0,0.0,0.0,0.0,0.0,0,0.0,0,0.0,0,1.0,0.87,0.0288,0,Econômico / Suave,-4.181031131438371,-2.00365689244464
10,2533,20,118.0,55,0.0,0.0,0.0,0.0,0.0,0.0,0.0,0,0.0,0,0.0,0,1.0,0.87,0.029,0,Econômico / Suave,-4.181031131438371,-2.00365689244464
10,2533,21,93.0,36,0.0,0.0,0.0,0.0,0.0,0.0,0.0,0,0.0,0,0.0,0,1.0,0.86,0.0229,0,Econômico / Suave,-4.181031131438371,-2.00365689244464
10,2533,24,119.0,64,0.0,0.0,0.0,0.0,0.0,0.0,0.0,0,0.0,0,0.0,0,1.0,0.87,0.0291,0,Econômico / Suave,-4.181031131438371,-2.00365689244464
10,2533,25,119.0,60,0.0,0.0,0.0,0.0,0.0,0.0,0.0,0,0.0,0,0.0,0,1.0,0.88,0.0298,0,Econômico / Suave,-4.181031131438371,-2.00365689244464
10,2533,26,112.0,57,0.0,0.0,0.0,0.0,0.0,0.0,0.0,0,0.0,0,0.0,0,1.0,0.86,0.0271,0,Econômico / Suave,-4.181031131438371,-2.00365689244464
10,2533,27,103.0,45,0.0,0.0,0.0,0.0,0.0,0.0,0.0,0,0.0,0,0.0,0,1.0,0.87,0.0252,0,Econômico / Suave,-4.181031131438371,-2.00365689244464
10,2533,28,115.0,69,1.61,11.12,3.24,0.281,0.653,-0.615,-1.023,0,0.0,0,0.0,0,0.768,1.09,0.0338,0,Econômico / Suave,-2.616923628376651,-2.2180400276191032
10,2533,29,113.0,100,43.14,59.13,21.77,0.516,1.226,-0.191,-0.373,0,0.0,0,0.0,0,0.14,7.32,0.2064,1,Moderado / Regular,-0.8756518581164935,0.34819374160736904
10,2533,30,118.0,106,30.02,52.3,13.89,0.79,2.146,-0.774,-2.332,2,1.02,2,1.02,0,0.085,2.25,0.0705,2,Agressivo / Dinâmico,1.7118500605252407,-0.4008505353668935
10,2533,31,114.0,83,20.14,50.09,18.67,0.827,1.962,-0.807,-1.822,0,0.0,0,0.0,0,0.349,3.29,0.086,1,Moderado / Regular,0.7673163053816415,-1.4135389390286444
10,2533,32,38.0,38,27.16,40.34,12.34,0.853,1.702,-1.015,-1.929,0,0.0,0,0.0,0,0.079,7.04,0.0743,1,Moderado / Regular,0.19734024066175282,-1.4445919196309442
10,2536,0,120.0,120,51.36,67.71,15.28,0.391,1.417,-0.46,-1.64,0,0.0,0,0.0,0,0.0,5.35,0.1785,0,Econômico / Suave,-1.3911895900208637,0.5062679367437498
10,2536,1,93.0,53,4.77,25.96,7.67,0.578,0.784,-0.49,-0.741,0,0.0,0,0.0,0,0.623,1.18,0.027,1,Moderado / Regular,-1.512036485689527,-2.2434476422841994
10,2536,2,97.0,57,1.83,10.12,3.46,0.343,0.668,-0.343,-0.74,0,0.0,0,0.0,0,0.772,0.57,0.0117,0,Econômico / Suave,-2.4291961360417704,-2.2816522894390494
10,2536,3,110.0,50,0.33,4.99,1.13,0.384,0.462,-0.333,-0.462,0,0.0,0,0.0,0,0.92,0.39,0.0097,0,Econômico / Suave,-2.6350512314259125,-2.5094033796367383
10,2536,4,115.0,87,28.32,66.3,25.7,0.471,1.23,-0.319,-0.866,0,0.0,0,0.0,0,0.253,4.43,0.1109,1,Moderado / Regular,-0.6693447032486628,-0.05555517123613632
10,2536,5,120.0,119,54.71,74.22,17.78,0.481,2.071,-0.592,-1.488,0,0.0,1,0.5,0,0.0,4.81,0.1649,1,Moderado / Regular,0.034913269641084765,0.7044434068510639
10,2536,6,120.0,100,29.66,56.03,17.58,0.697,1.706,-0.713,-1.755,0,0.0,0,0.0,0,0.16,3.6,0.0981,1,Moderado / Regular,0.020427081673915343,-0.8229105526959899
10,2536,7,68.0,50,22.14,50.59,22.58,0.295,1.388,-1.464,-2.121,4,3.53,0,0.0,0,0.44,1.51,0.0221,1,Moderado / Regular,0.04450270323456905,1.6581260562927522
10,2545,0,112.0,91,43.26,67.01,24.72,0.582,1.756,-0.6,-1.606,0,0.0,0,0.0,0,0.187,4.26,0.1115,1,Moderado / Regular,-0.007415176904642924,0.35718291885880915
10,2545,1,116.0,80,18.68,51.07,19.43,0.714,1.517,-0.639,-1.683,0,0.0,0,0.0,0,0.388,1.79,0.0469,1,Moderado / Regular,0.05445218089863159,-1.223622863806309
10,2545,2,100.0,63,4.98,22.48,6.47,0.713,1.032,-0.317,-0.676,0,0.0,0,0.0,0,0.492,1.41,0.0318,1,Moderado / Regular,-0.956930892453726,-2.518622476869508
10,2545,3,115.0,77,5.7,22.74,8.16,0.764,1.468,-0.372,-0.84,0,0.0,0,0.0,0,0.636,1.65,0.0412,1,Moderado / Regular,-0.292356790860041,-2.519499553257343
10,2545,4,101.0,73,26.89,61.7,23.45,0.991,2.35,-0.666,-1.588,0,0.0,3,1.78,0,0.301,9.35,0.1981,2,Agressivo / Dinâmico,3.2540439638159486,-0.6996107014851736
10,2545,5,120.0,111,35.13,55.94,14.52,0.372,0.854,-0.43,-1.341,0,0.0,0,0.0,0,0.072,2.85,0.0934,0,Econômico / Suave,-1.9215709216961672,-0.18378575154414362
10,2545,6,56.0,37,13.13,50.56,19.22,0.965,1.681,0.0,0.0,0,0.0,0,0.0,0,0.622,6.42,0.069,1,Moderado / Regular,0.9264204336281822,-1.85525677952469
10,2548,0,106.0,96,43.64,65.14,17.55,0.613,2.224,-0.495,-1.495,0,0.0,1,0.57,0,0.062,9.96,0.2693,1,Moderado / Regular,0.6879148511156535,-0.004624428677416124
10,2548,1,68.0,52,21.07,49.2,18.6,0.664,1.755,-0.707,-1.225,0,0.0,0,0.0,0,0.269,6.32,0.097,1,Moderado / Regular,0.109939366680417,-1.1248014487487465
10,2556,0,98.0,98,49.3,80.82,23.25,0.64,1.612,-0.814,-2.304,2,1.22,0,0.0,0,0.031,9.1,0.2478,1,Moderado / Regular,0.2537668771919112,1.1717605322898816
10,2574,0,111.0,107,56.9,74.28,20.75,0.368,1.337,-0.559,-1.986,0,0.0,0,0.0,0,0.075,8.56,0.2574,0,Econômico / Suave,-1.3211189700379993,1.1126768770491908
10,2574,1,114.0,93,23.38,52.92,19.95,0.573,1.946,-0.525,-1.524,0,0.0,0,0.0,0,0.129,4.18,0.1118,1,Moderado / Regular,0.11396378689975574,-0.8448588973574902
10,2574,2,107.0,94,10.27,41.99,10.4,0.815,2.526,-0.652,-1.575,0,0.0,4,2.24,0,0.191,2.45,0.0698,2,Agressivo / Dinâmico,2.875246369307459,-1.8829183295722063
10,2574,3,47.0,47,72.48,84.74,10.33,0.678,2.025,-0.377,-0.743,0,0.0,1,1.28,0,0.0,19.02,0.2483,2,Agressivo / Dinâmico,0.6379163074095567,1.0251412944560558
10,2581,0,120.0,102,36.78,59.29,19.37,0.873,2.356,-0.93,-2.069,1,0.5,2,1.0,0,0.098,6.92,0.2,2,Agressivo / Dinâmico,2.1738586647895892,-0.21429094443662303
10,2581,1,109.0,102,48.4,62.08,16.65,0.562,1.838,-0.849,-2.837,4,2.2,0,0.0,0,0.02,2.35,0.0705,1,Moderado / Regular,0.2819574007962914,1.3768660631237521
10,2581,2,115.0,104,43.02,68.41,23.43,0.616,1.69,-0.556,-1.373,0,0.0,0,0.0,0,0.115,6.84,0.1991,1,Moderado / Regular,-0.046676485641354556,0.2364437262861777
10,2581,3,110.0,79,23.72,56.05,19.22,0.467,0.773,-1.185,-2.092,2,1.09,0,0.0,0,0.278,3.26,0.0744,0,Econômico / Suave,-1.0859599844433934,0.040008406458799974
10,2581,4,115.0,105,40.53,72.68,22.7,0.841,2.219,-0.854,-2.422,5,2.61,5,2.61,0,0.095,9.49,0.281,2,Agressivo / Dinâmico,4.073830023480135,1.7490014955455069
10,2581,5,85.0,65,36.7,70.7,29.02,1.18,2.089,-0.664,-1.503,0,0.0,1,0.71,0,0.262,5.51,0.1039,2,Agressivo / Dinâmico,2.7717572543228974,-0.39831331813271814
10,2584,0,120.0,102,32.96,65.83,24.57,0.84,1.854,-0.757,-1.531,0,0.0,0,0.0,0,0.225,7.77,0.2377,1,Moderado / Regular,0.8591476072571719,-0.49117027617957015
10,2584,1,113.0,83,24.34,52.4,19.31,0.704,1.708,-0.699,-1.993,0,0.0,0,0.0,0,0.229,3.99,0.1115,1,Moderado / Regular,0.17147774200053667,-0.9813614978597944
10,2584,2,117.0,96,14.79,40.87,13.35,0.893,1.958,-0.876,-2.042,1,0.51,0,0.0,0,0.292,3.67,0.1089,1,Moderado / Regular,0.8885457059093175,-1.7665455857944272
10,2584,3,105.0,69,8.7,40.53,10.17,0.769,1.79,-0.689,-1.9,0,0.0,0,0.0,0,0.42,4.46,0.1035,1,Moderado / Regular,0.12712882241121748,-2.318781273520029
10,2589,0,116.0,95,25.08,51.62,17.58,0.977,2.191,-1.007,-1.949,0,0.0,1,0.52,0,0.2,6.09,0.1659,1,Moderado / Regular,1.7375523399141974,-1.3620993422094798
10,2589,1,116.0,102,40.39,58.94,15.92,0.302,0.594,-0.69,-2.159,2,1.03,0,0.0,0,0.088,0.28,0.0082,0,Econômico / Suave,-2.0334232466138715,0.8405127621151652
10,2589,2,119.0,85,17.24,41.86,14.04,0.983,2.124,-0.994,-2.71,2,1.01,2,1.01,0,0.282,3.59,0.0822,2,Agressivo / Dinâmico,2.30680875514244,-1.2501427112466756
10,2589,3,109.0,68,17.18,48.18,19.2,0.719,1.348,-1.099,-2.51,2,1.1,0,0.0,0,0.471,3.8,0.0744,1,Moderado / Regular,0.2387778697235367,-0.6792165722641402
10,2589,4,119.0,109,48.28,73.92,24.29,0.692,1.984,-0.8,-1.843,0,0.0,0,0.0,0,0.101,8.82,0.2697,1,Moderado / Regular,0.45530166423308144,0.38450570533845796
10,2589,5,121.0,119,39.07,57.11,13.75,0.609,2.001,-0.93,-2.247,3,1.49,1,0.5,0,0.0,8.62,0.2907,1,Moderado / Regular,0.7117642958477098,0.4167462581960595
10,2589,6,61.0,59,23.75,48.38,15.31,1.029,2.656,-0.887,-2.106,2,1.97,2,1.97,0,0.102,-0.2,-0.0031,2,Agressivo / Dinâmico,4.0859333241863816,-0.2603933487907579
10,2591,0,120.0,117,42.92,71.68,17.76,0.522,1.998,-0.794,-2.372,2,1.0,0,0.0,0,0.051,6.36,0.2084,1,Moderado / Regular,0.06890047380296462,0.5523950623673399
10,2591,1,120.0,90,25.81,51.46,19.72,0.659,1.567,-0.648,-2.971,2,1.0,0,0.0,0,0.278,7.44,0.1985,1,Moderado / Regular,0.22630124422147357,-0.25506328455102734
10,2591,2,105.0,62,7.46,29.01,9.59,0.848,1.709,-0.87,-1.707,0,0.0,0,0.0,0,0.484,1.22,0.0398,1,Moderado / Regular,0.23388608304313785,-2.5047792949822574
10,2591,3,98.0,59,5.79,25.02,7.95,0.509,0.87,-0.455,-1.248,0,0.0,0,0.0,0,0.542,1.53,0.0399,1,Moderado / Regular,-1.5997071329286545,-2.098768503469842
10,2591,4,90.0,63,8.95,24.26,8.07,0.612,1.543,-0.585,-1.63,0,0.0,0,0.0,0,0.333,1.4,0.0334,1,Moderado / Regular,-0.647898873025924,-2.1783960092842807
10,2591,5,117.0,86,11.31,32.63,8.48,0.686,1.944,-0.487,-1.156,0,0.0,0,0.0,0,0.198,2.47,0.0727,1,Moderado / Regular,-0.035421844569321945,-2.201846651778751
10,2591,6,59.0,59,28.25,48.08,9.65,0.818,1.549,-0.669,-1.169,0,0.0,0,0.0,0,0.0,5.73,0.0939,1,Moderado / Regular,-0.19383583235063723,-1.477027137768812
10,2610,0,51.0,48,28.01,43.91,13.7,0.797,1.708,-0.753,-1.39,0,0.0,0,0.0,0,0.062,5.31,0.073,1,Moderado / Regular,0.11393148202193766,-1.2535786685014976
10,2612,0,117.0,105,35.21,51.18,14.28,0.514,2.072,-0.651,-1.683,0,0.0,1,0.51,0,0.076,6.87,0.2077,1,Moderado / Regular,0.13578368057981594,-0.43713854473024116
10,2612,1,117.0,110,45.78,63.55,20.29,0.506,1.655,-0.869,-2.306,3,1.54,0,0.0,0,0.1,3.36,0.1053,1,Moderado / Regular,-0.06538166467501415,1.1956738467998722
10,2612,2,107.0,97,48.37,68.48,19.86,0.608,1.708,-0.454,-1.163,0,0.0,0,0.0,0,0.062,11.45,0.3124,1,Moderado / Regular,-0.2683454799783047,0.29129856152585776
10,2612,3,120.0,118,43.75,70.03,14.18,0.571,1.681,-0.771,-1.995,0,0.0,0,0.0,0,0.0,8.81,0.2958,1,Moderado / Regular,-0.6265498718857376,-0.18823014254197873
10,2612,4,116.0,98,28.13,57.55,17.63,0.778,1.829,-0.891,-2.244,1,0.52,0,0.0,0,0.173,3.56,0.1031,1,Moderado / Regular,0.5415772308842381,-0.7292443363297131
10,2612,5,115.0,94,21.93,41.61,13.99,0.459,0.983,-0.643,-1.569,0,0.0,0,0.0,0,0.17,3.25,0.0937,0,Econômico / Suave,-1.4659511662057887,-0.9599776240472604
10,2612,6,116.0,76,14.0,45.5,15.34,0.672,1.689,-0.599,-1.064,0,0.0,0,0.0,0,0.421,4.66,0.119,1,Moderado / Regular,-0.03209737001164391,-1.6370829671335105
10,2612,8,86.0,36,0.0,0.0,0.0,0.0,0.0,0.0,0.0,0,0.0,0,0.0,0,1.0,1.26,0.0301,0,Econômico / Suave,-4.181031131438371,-2.00365689244464
10,2612,9,87.0,35,0.0,0.0,0.0,0.0,0.0,0.0,0.0,0,0.0,0,0.0,0,1.0,1.15,0.0279,0,Econômico / Suave,-4.181031131438371,-2.00365689244464
10,2612,10,104.0,52,0.0,0.0,0.0,0.0,0.0,0.0,0.0,0,0.0,0,0.0,0,1.0,1.12,0.0318,0,Econômico / Suave,-4.181031131438371,-2.00365689244464
10,2612,11,95.0,46,0.0,0.0,0.0,0.0,0.0,0.0,0.0,0,0.0,0,0.0,0,1.0,1.27,0.0336,0,Econômico / Suave,-4.181031131438371,-2.00365689244464
10,2612,12,106.0,46,0.0,0.0,0.0,0.0,0.0,0.0,0.0,0,0.0,0,0.0,0,1.0,1.27,0.0375,0,Econômico / Suave,-4.181031131438371,-2.00365689244464
10,2612,13,92.0,40,0.0,0.0,0.0,0.0,0.0,0.0,0.0,0,0.0,0,0.0,0,1.0,1.22,0.0309,0,Econômico / Suave,-4.181031131438371,-2.00365689244464
10,2612,14,83.0,34,0.0,0.0,0.0,0.0,0.0,0.0,0.0,0,0.0,0,0.0,0,1.0,1.08,0.0255,0,Econômico / Suave,-4.181031131438371,-2.00365689244464
10,2612,15,85.0,34,0.0,0.0,0.0,0.0,0.0,0.0,0.0,0,0.0,0,0.0,0,1.0,1.09,0.0266,0,Econômico / Suave,-4.181031131438371,-2.00365689244464
10,2612,16,107.0,46,0.0,0.0,0.0,0.0,0.0,0.0,0.0,0,0.0,0,0.0,0,1.0,1.06,0.0317,0,Econômico / Suave,-4.181031131438371,-2.00365689244464
10,2612,17,94.0,39,0.0,0.0,0.0,0.0,0.0,0.0,0.0,0,0.0,0,0.0,0,1.0,1.07,0.0284,0,Econômico / Suave,-4.181031131438371,-2.00365689244464
10,2612,18,98.0,47,0.0,0.0,0.0,0.0,0.0,0.0,0.0,0,0.0,0,0.0,0,1.0,1.15,0.0316,0,Econômico / Suave,-4.181031131438371,-2.00365689244464
10,2612,19,116.0,53,0.0,0.0,0.0,0.0,0.0,0.0,0.0,0,0.0,0,0.0,0,1.0,1.1,0.0352,0,Econômico / Suave,-4.181031131438371,-2.00365689244464
10,2612,20,93.0,39,0.0,0.0,0.0,0.0,0.0,0.0,0.0,0,0.0,0,0.0,0,1.0,1.08,0.0286,0,Econômico / Suave,-4.181031131438371,-2.00365689244464
10,2612,21,90.0,43,0.0,0.0,0.0,0.0,0.0,0.0,0.0,0,0.0,0,0.0,0,1.0,1.09,0.0277,0,Econômico / Suave,-4.181031131438371,-2.00365689244464
10,2612,22,107.0,45,0.0,0.0,0.0,0.0,0.0,0.0,0.0,0,0.0,0,0.0,0,1.0,1.24,0.0373,0,Econômico / Suave,-4.181031131438371,-2.00365689244464
10,2612,23,110.0,55,0.0,0.0,0.0,0.0,0.0,0.0,0.0,0,0.0,0,0.0,0,1.0,1.28,0.0394,0,Econômico / Suave,-4.181031131438371,-2.00365689244464
10,2612,24,110.0,54,0.0,0.0,0.0,0.0,0.0,0.0,0.0,0,0.0,0,0.0,0,1.0,1.29,0.0391,0,Econômico / Suave,-4.181031131438371,-2.00365689244464
10,2612,25,106.0,55,0.1,3.12,0.53,0.257,0.289,-0.184,-0.224,0,0.0,0,0.0,0,0.964,1.55,0.0443,0,Econômico / Suave,-3.177265254284608,-2.357680021441389
10,2612,26,100.0,44,0.0,0.0,0.0,0.0,0.0,0.0,0.0,0,0.0,0,0.0,0,1.0,1.67,0.0469,0,Econômico / Suave,-4.181031131438371,-2.00365689244464
10,2612,27,115.0,97,13.03,30.93,9.9,0.487,1.298,-0.477,-0.971,0,0.0,0,0.0,0,0.206,2.35,0.075,1,Moderado / Regular,-1.1812510288639833,-1.683306909806739
10,2612,28,118.0,88,15.09,33.7,12.97,0.551,1.709,-0.621,-1.321,0,0.0,0,0.0,0,0.341,5.4,0.146,1,Moderado / Regular,-0.4539540000308797,-1.5587045228294352
10,2612,29,116.0,95,28.37,74.34,23.52,0.868,1.957,-0.78,-1.694,0,0.0,0,0.0,0,0.232,7.33,0.2022,1,Moderado / Regular,1.0306570714152867,-0.8147718079807175
10,2612,30,117.0,80,12.15,44.3,15.12,0.924,1.648,-0.67,-0.997,0,0.0,0,0.0,0,0.512,4.01,0.1029,1,Moderado / Regular,0.5951813810365251,-2.0712237820795045
10,2612,31,120.0,116,44.42,68.91,21.74,0.472,1.44,-0.657,-2.166,2,1.0,0,0.0,0,0.078,3.91,0.1239,1,Moderado / Regular,-0.46709270543944115,0.9906146458334203
10,2612,32,70.0,46,8.12,22.41,6.82,0.398,0.849,-0.434,-0.806,0,0.0,0,0.0,0,0.304,2.23,0.0377,0,Econômico / Suave,-1.9893051716377992,-1.9011408376733017
10,2612,36,111.0,96,44.31,75.96,29.55,0.636,1.713,-0.344,-0.898,0,0.0,0,0.0,0,0.167,5.55,0.155,1,Moderado / Regular,0.3132793263263653,0.6103301375332629
10,2612,37,109.0,98,43.63,67.25,18.39,0.608,1.852,-0.529,-1.51,0,0.0,0,0.0,0,0.061,4.63,0.1355,1,Moderado / Regular,-0.14673213607405838,-0.03055712119750456
10,2612,38,100.0,85,32.74,49.96,16.28,0.581,1.582,-0.565,-1.266,0,0.0,0,0.0,0,0.106,3.21,0.0817,1,Moderado / Regular,-0.5047179533444268,-0.5791740182947448
10,2612,39,36.0,31,33.76,50.5,15.71,0.733,2.502,-0.984,-1.515,0,0.0,1,1.67,0,0.032,12.04,0.1139,2,Agressivo / Dinâmico,2.207600002464506,-0.5138025754946587
10,2628,0,119.0,100,24.79,54.39,17.95,0.642,1.63,-0.671,-1.951,0,0.0,0,0.0,0,0.21,3.41,0.1067,1,Moderado / Regular,-0.1428544157945367,-0.9422457894143611
10,2628,1,75.0,56,21.93,42.87,15.76,1.025,2.326,-0.84,-1.819,0,0.0,1,0.8,0,0.25,5.18,0.0893,2,Agressivo / Dinâmico,2.178004932850782,-1.629710231692419
10,2629,0,120.0,109,41.15,57.36,12.56,0.481,1.41,-0.609,-1.526,0,0.0,0,0.0,0,0.0,5.33,0.1883,0,Econômico / Suave,-1.2016203619468118,-0.24022250203768838
10,2629,1,119.0,94,33.5,57.36,14.64,0.476,1.15,-0.578,-1.64,0,0.0,0,0.0,0,0.074,2.3,0.0567,0,Econômico / Suave,-1.318183591633226,-0.4343268424234454
10,2629,2,116.0,68,14.42,64.51,23.7,0.987,1.805,-0.509,-0.509,0,0.0,0,0.0,0,0.676,4.77,0.0944,1,Moderado / Regular,1.3181211198722946,-1.5903366007463222
10,2629,3,120.0,78,47.13,64.03,20.66,0.586,1.456,-1.566,-4.38,7,3.5,0,0.0,0,0.103,7.63,0.2172,2,Agressivo / Dinâmico,0.5589069119404267,2.285149956401189
10,2629,4,117.0,97,35.82,64.14,21.95,0.76,1.937,-0.854,-1.724,0,0.0,0,0.0,0,0.144,6.58,0.1939,1,Moderado / Regular,0.5833872449375852,-0.40930301898448246
10,2629,5,63.0,61,49.75,77.38,24.31,0.821,1.773,-0.528,-1.413,0,0.0,0,0.0,0,0.033,8.7,0.1455,1,Moderado / Regular,0.5629827908542172,0.30773581366653857
10,2654,0,120.0,119,50.74,72.7,18.07,0.631,1.774,-0.712,-1.699,0,0.0,0,0.0,0,0.017,4.96,0.1675,1,Moderado / Regular,-0.24603909391100526,0.2598495847248282
10,2654,1,111.0,97,42.62,67.41,19.15,0.667,1.886,-0.667,-2.103,1,0.54,0,0.0,0,0.062,3.92,0.1111,1,Moderado / Regular,0.2593668108284258,0.180343255226355
10,2654,2,99.0,62,25.13,67.24,29.03,0.208,0.286,-0.854,-2.019,1,0.61,0,0.0,0,0.516,1.03,0.0276,0,Econômico / Suave,-1.967924918786637,0.8097083294421837
10,2654,3,117.0,90,24.29,54.26,20.57,0.858,1.806,-1.038,-3.304,3,1.54,0,0.0,0,0.256,4.39,0.1172,1,Moderado / Regular,1.224298442852886,-0.28087231961823506
10,2654,4,114.0,87,29.04,55.57,20.97,0.776,2.119,-0.486,-1.171,0,0.0,1,0.53,0,0.207,6.61,0.1665,1,Moderado / Regular,1.2689589784378756,-0.7032114917005818
10,2654,5,99.0,87,29.26,50.24,15.32,0.805,1.946,-0.71,-1.517,0,0.0,0,0.0,0,0.138,2.82,0.0703,1,Moderado / Regular,0.45038599250539496,-1.1482428346998048
10,2663,0,67.0,65,30.31,43.08,8.39,0.508,1.329,-0.63,-1.127,0,0.0,0,0.0,0,0.0,4.45,0.0812,1,Moderado / Regular,-1.319592379813806,-1.001812739001226
10,2668,0,105.0,90,50.21,76.49,26.42,0.637,1.881,-0.725,-1.381,0,0.0,0,0.0,0,0.1,8.47,0.2209,1,Moderado / Regular,0.2882297429642803,0.6824967099052291
10,2673,0,97.0,61,22.29,51.51,21.65,0.608,1.207,-0.879,-1.8,0,0.0,0,0.0,0,0.443,3.71,0.0664,1,Moderado / Regular,-0.47372411304423606,-0.7451268252446231
10,2673,1,116.0,97,46.31,74.87,27.09,0.782,1.929,-0.881,-2.469,2,1.03,0,0.0,0,0.144,10.13,0.282,1,Moderado / Regular,1.1107791253932922,0.9078863899639619
10,2673,2,120.0,112,44.88,66.46,20.59,0.704,1.702,-0.77,-2.545,3,1.5,0,0.0,0,0.045,6.18,0.1947,1,Moderado / Regular,0.5154727917440249,0.8736721348461917
10,2673,3,88.0,76,45.84,75.85,28.58,0.807,1.958,-0.878,-2.023,1,0.68,0,0.0,0,0.171,11.14,0.2359,1,Moderado / Regular,1.172986289638678,0.7379562362771713
10,2702,0,119.0,116,48.83,64.38,14.06,0.31,0.668,-0.595,-1.741,0,0.0,0,0.0,0,0.034,5.0,0.1621,0,Econômico / Suave,-2.4229022550965613,0.5337502001652105
10,2702,1,73.0,61,28.77,46.97,13.36,0.623,1.5,-0.757,-1.431,0,0.0,0,0.0,0,0.082,4.84,0.0875,1,Moderado / Regular,-0.5849763462673119,-0.9728441830157214
10,2710,0,120.0,120,56.03,71.78,10.04,0.414,0.796,-0.398,-0.823,0,0.0,0,0.0,0,0.0,5.21,0.1735,0,Econômico / Suave,-2.2725982831409275,0.4817402192961729
10,2710,1,120.0,92,31.74,64.78,25.12,0.657,1.704,-0.541,-1.372,0,0.0,0,0.0,0,0.283,7.01,0.192,1,Moderado / Regular,0.2574896480617297,-0.24770672716081155
10,2710,2,117.0,95,25.82,51.19,16.71,0.564,1.538,-0.614,-1.684,0,0.0,0,0.0,0,0.189,3.45,0.1012,1,Moderado / Regular,-0.5133460099341073,-0.8459125102736076
10,2710,3,84.0,61,26.41,46.59,19.35,0.645,1.928,-0.763,-2.128,2,1.43,0,0.0,0,0.279,7.91,0.1451,1,Moderado / Regular,0.6781155681323765,-0.04040375292685195
10,2744,0,120.0,114,54.61,87.12,28.01,0.652,1.648,-0.969,-2.248,3,1.5,0,0.0,0,0.079,12.03,0.3881,1,Moderado / Regular,0.5929508309950781,1.81941047590297
10,2744,1,120.0,120,51.06,68.83,17.75,0.523,2.419,-0.594,-1.659,0,0.0,2,1.0,0,0.033,3.47,0.1158,2,Agressivo / Dinâmico,0.9553489749027803,0.5437366957731482
10,2744,2,120.0,106,40.9,58.87,17.87,0.408,1.268,-0.51,-1.804,0,0.0,0,0.0,0,0.104,2.43,0.0735,0,Econômico / Suave,-1.2843909987292816,0.16574837953170599
10,2744,3,39.0,39,40.79,44.27,2.43,0.24,0.483,-0.257,-0.346,0,0.0,0,0.0,0,0.0,2.8,0.0304,0,Econômico / Suave,-3.289173499403205,-0.3723604500263676
10,2759,0,107.0,96,38.33,63.5,21.31,0.619,1.602,-0.864,-2.131,2,1.12,0,0.0,0,0.094,3.37,0.0964,1,Moderado / Regular,0.16052281791384398,0.5295406051155983
10,2759,1,111.0,84,24.99,52.6,17.03,0.479,1.259,-0.901,-1.61,0,0.0,0,0.0,0,0.19,3.09,0.0818,1,Moderado / Regular,-1.0058864010955895,-0.7125040901746655
10,2759,2,115.0,92,31.04,63.97,22.55,0.734,1.947,-0.675,-1.925,0,0.0,0,0.0,0,0.196,8.14,0.2176,1,Moderado / Regular,0.596602476964702,-0.5627281407562127
10,2759,3,119.0,108,22.65,53.33,15.68,0.695,1.267,-0.894,-1.695,0,0.0,0,0.0,0,0.167,2.29,0.0722,1,Moderado / Regular,-0.4724084676257845,-1.1908455752591054
10,2759,4,88.0,70,21.86,43.38,16.26,0.617,1.474,-0.763,-1.1,0,0.0,0,0.0,0,0.229,5.97,0.1238,1,Moderado / Regular,-0.42697777213435334,-1.1174772046348451
10,2763,0,114.0,96,36.82,63.57,21.7,0.748,2.127,-1.147,-2.636,4,2.11,1,0.53,0,0.156,6.5,0.1791,2,Agressivo / Dinâmico,1.8320240982418945,0.9051044025750913
10,2763,1,116.0,103,42.94,71.62,23.84,0.507,1.407,-0.588,-1.742,0,0.0,0,0.0,0,0.078,3.23,0.1036,1,Moderado / Regular,-0.6089775253508934,0.4427168681626019
10,2763,2,101.0,51,2.83,17.75,5.29,0.479,0.821,-0.669,-1.125,0,0.0,0,0.0,0,0.745,1.87,0.0472,1,Moderado / Regular,-1.8317471287498506,-2.3379684275039625
10,2763,3,103.0,60,5.32,22.39,8.3,0.733,1.172,-0.549,-0.835,0,0.0,0,0.0,0,0.65,2.09,0.0492,1,Moderado / Regular,-0.6729642263592518,-2.4463171557511925
10,2763,4,91.0,51,10.28,40.37,14.77,0.926,1.55,-0.977,-1.558,0,0.0,0,0.0,0,0.569,3.66,0.0662,1,Moderado / Regular,0.49789008643389693,-2.1666174226509196
10,2763,5,119.0,71,7.04,38.72,11.88,0.879,1.613,-0.757,-1.304,0,0.0,0,0.0,0,0.69,2.7,0.0706,1,Moderado / Regular,0.32937119312189117,-2.4241028003430305
10,2763,6,116.0,88,28.63,58.24,23.68,0.64,2.37,-0.663,-1.369,0,0.0,3,1.55,0,0.193,6.11,0.1575,2,Agressivo / Dinâmico,2.1542186316814145,-0.18560165224663686
10,2763,7,116.0,98,23.3,50.22,15.96,0.522,1.373,-0.596,-1.471,0,0.0,0,0.0,0,0.184,4.36,0.1268,1,Moderado / Regular,-0.8100537984538364,-0.9249611310466258
10,2763,8,71.0,53,25.22,51.22,20.39,0.781,1.522,-0.794,-1.485,0,0.0,0,0.0,0,0.226,3.22,0.053,1,Moderado / Regular,0.22446327381651487,-0.9586581897415756
10,2775,0,106.0,69,17.87,50.7,17.13,0.609,1.359,-0.776,-1.523,0,0.0,0,0.0,0,0.304,1.95,0.0431,1,Moderado / Regular,-0.4908190009198926,-1.2263392899614078
10,2775,1,115.0,85,13.88,41.27,10.52,0.776,1.832,-0.735,-1.923,0,0.0,0,0.0,0,0.271,3.41,0.0865,1,Moderado / Regular,0.16030797574604005,-2.0747732906032033
10,2775,2,120.0,117,38.62,55.85,14.4,0.647,1.769,-0.765,-2.128,2,1.0,0,0.0,0,0.017,5.11,0.1748,1,Moderado / Regular,0.0357079930472866,0.026375752792005623
10,2775,3,120.0,116,54.19,67.89,18.51,0.581,1.716,-0.618,-1.831,0,0.0,0,0.0,0,0.034,8.96,0.292,1,Moderado / Regular,-0.4478158867675363,0.5200192273669929
10,2775,4,119.0,104,34.87,59.36,20.79,0.807,2.036,-0.824,-2.273,3,1.51,1,0.5,0,0.144,6.37,0.1871,2,Agressivo / Dinâmico,1.6527412812248445,0.35647144936521596
10,2775,5,77.0,75,49.69,71.21,20.66,0.798,1.652,-0.814,-2.214,2,1.56,0,0.0,0,0.0,10.56,0.2213,1,Moderado / Regular,0.6905737201229635,1.0127601077355397
10,2776,0,71.0,66,24.02,41.44,13.25,0.508,1.245,-0.774,-1.274,0,0.0,0,0.0,0,0.121,3.57,0.0673,1,Moderado / Regular,-1.1174561206502633,-1.0075709754077617
10,2780,0,109.0,96,52.27,77.13,22.89,0.503,1.833,-0.804,-2.41,1,0.55,0,0.0,0,0.073,4.72,0.1227,1,Moderado / Regular,-0.13067640868250946,1.072556956622078
10,2780,1,120.0,107,35.76,61.14,19.9,0.859,2.671,-0.892,-2.311,1,0.5,2,1.0,0,0.112,1.0,0.0266,2,Agressivo / Dinâmico,2.5003685009126033,-0.2560884022257838
10,2789,0,117.0,101,32.98,53.88,18.43,0.6,1.624,-0.71,-1.208,0,0.0,0,0.0,0,0.129,3.68,0.102,1,Moderado / Regular,-0.3093982271683063,-0.4786067526556061
10,2789,1,110.0,97,50.46,69.46,21.81,0.515,1.944,-0.547,-1.97,0,0.0,0,0.0,0,0.082,8.87,0.2471,1,Moderado / Regular,-0.19177347253903795,0.5913484347361824
10,2789,2,105.0,80,34.51,65.65,26.59,0.595,1.719,-1.092,-1.883,0,0.0,0,0.0,0,0.275,4.18,0.0931,1,Moderado / Regular,0.15591803877503985,0.04520348935421883
10,2789,3,118.0,117,48.69,68.86,19.16,0.574,1.628,-0.731,-1.865,0,0.0,0,0.0,0,0.009,6.51,0.2151,1,Moderado / Regular,-0.47802704319623085,0.3238490499222476
10,2790,0,89.0,73,51.99,71.83,23.71,0.315,0.957,-0.822,-1.545,0,0.0,0,0.0,0,0.096,4.28,0.0894,0,Econômico / Suave,-1.6714248105141254,1.1765099784083388
10,2790,1,103.0,88,35.0,54.26,14.74,0.69,2.074,-0.622,-1.488,0,0.0,1,0.58,0,0.091,10.31,0.2507,1,Moderado / Regular,0.6839764998235,-0.6439098740471093
10,2790,2,100.0,79,20.96,45.21,14.51,0.844,1.785,-0.799,-1.848,0,0.0,0,0.0,0,0.165,-0.37,-0.0075,1,Moderado / Regular,0.41977061771225205,-1.6084440441440397
10,2790,3,101.0,79,13.23,33.45,10.96,0.756,1.796,-0.773,-1.552,0,0.0,0,0.0,0,0.203,0.68,0.0167,1,Moderado / Regular,0.09696162677713917,-2.0479729683685264
10,2790,4,94.0,79,23.48,43.36,13.96,0.757,1.916,-0.577,-1.328,0,0.0,0,0.0,0,0.152,3.71,0.0815,1,Moderado / Regular,0.2783546461687023,-1.422898275792145
10,2790,5,93.0,80,24.92,53.77,15.03,0.573,1.158,-0.707,-1.398,0,0.0,0,0.0,0,0.087,2.25,0.0489,1,Moderado / Regular,-0.9592244360057891,-0.941912802301236
10,2790,9,48.0,47,27.1,39.72,10.3,0.882,2.173,-0.848,-1.704,0,0.0,1,1.25,0,0.0,6.16,0.0852,2,Agressivo / Dinâmico,1.7065041888034698,-1.3795619758305488
10,2806,0,107.0,84,18.13,44.01,14.75,0.86,1.727,-0.81,-1.894,0,0.0,0,0.0,0,0.298,6.43,0.1632,1,Moderado / Regular,0.4380678244399155,-1.7395355546063436
10,2814,0,119.0,111,30.25,46.07,13.69,0.67,1.679,-0.846,-2.369,1,0.5,0,0.0,0,0.081,3.01,0.0924,1,Moderado / Regular,-0.11449661173691716,-0.6968892762287496
10,2814,1,97.0,78,11.72,29.65,9.72,0.62,1.846,-0.698,-1.498,0,0.0,0,0.0,0,0.231,1.95,0.0436,1,Moderado / Regular,-0.2556330052949375,-2.01003102619028
10,2814,2,113.0,54,0.86,11.52,2.9,0.632,1.067,0.0,0.0,0,0.0,0,0.0,0,0.907,0.51,0.0115,1,Moderado / Regular,-1.2692339131358787,-2.805107785239572
10,2814,3,120.0,120,36.1,58.13,12.82,0.464,1.598,-0.738,-2.279,2,1.0,0,0.0,0,0.0,4.62,0.1541,1,Moderado / Regular,-0.6788941480908581,0.09269896950645032
10,2814,4,114.0,102,25.94,52.56,19.99,0.597,2.092,-0.84,-1.91,0,0.0,1,0.53,0,0.314,3.12,0.0919,1,Moderado / Regular,0.7492651001188008,-0.6552258115170819
10,2814,5,85.0,65,49.1,69.3,25.78,0.774,1.791,-0.244,-0.399,0,0.0,0,0.0,0,0.154,8.61,0.1573,1,Moderado / Regular,0.5344330231563926,0.42169740872305683
10,2814,6,120.0,118,47.98,68.86,15.25,0.26,0.546,-0.651,-1.684,0,0.0,0,0.0,0,0.025,5.38,0.1766,0,Econômico / Suave,-2.617218599011768,0.6460775731194167
10,2814,7,102.0,94,44.52,74.79,27.08,0.9,2.281,-0.503,-2.053,1,0.59,3,1.76,0,0.106,11.98,0.3173,2,Agressivo / Dinâmico,3.129071457921292,0.7758497899036562
10,2820,0,99.0,43,1.34,15.57,3.84,0.0,0.0,-0.658,-1.033,0,0.0,0,0.0,0,0.884,0.97,0.0278,0,Econômico / Suave,-4.008029139624652,-1.7255065383774095
10,2820,1,49.0,31,8.35,30.23,9.35,0.749,1.282,-0.493,-0.862,0,0.0,0,0.0,0,0.387,4.74,0.0463,1,Moderado / Regular,-0.49228870033938654,-2.2839356713899126
10,2831,0,114.0,99,35.67,76.98,22.27,0.797,1.803,-0.639,-1.239,0,0.0,0,0.0,0,0.111,8.17,0.2385,1,Moderado / Regular,0.5577676127422814,-0.4299360667575964
10,2831,1,120.0,101,31.81,77.79,26.35,0.345,0.865,-0.645,-3.262,3,1.5,0,0.0,0,0.178,2.95,0.0876,0,Econômico / Suave,-0.9112752106434798,1.195825763036935
10,2831,2,119.0,63,0.0,0.0,0.0,0.0,0.0,0.0,0.0,0,0.0,0,0.0,0,1.0,0.87,0.0289,0,Econômico / Suave,-4.181031131438371,-2.00365689244464
10,2831,3,113.0,54,0.0,0.0,0.0,0.0,0.0,0.0,0.0,0,0.0,0,0.0,0,1.0,0.87,0.0267,0,Econômico / Suave,-4.181031131438371,-2.00365689244464
10,2831,4,120.0,117,27.53,71.15,19.3,0.617,2.16,-0.748,-1.591,0,0.0,1,0.5,0,0.043,6.4,0.2088,1,Moderado / Regular,0.8007089039244151,-0.6639217110428614
10,2831,5,118.0,101,41.81,71.68,25.54,0.542,1.886,-0.539,-1.481,0,0.0,0,0.0,0,0.178,3.07,0.0932,1,Moderado / Regular,0.07521056950353812,0.37260718859207687
10,2848,0,119.0,109,33.31,53.21,12.64,0.448,1.596,-0.663,-1.701,0,0.0,0,0.0,0,0.055,2.96,0.0932,1,Moderado / Regular,-1.021004472956589,-0.579235611488441
10,2848,1,120.0,104,39.73,61.36,19.83,0.605,1.934,-0.651,-2.391,2,1.0,0,0.0,0,0.135,4.04,0.126,1,Moderado / Regular,0.3488499358056249,0.4176120951997123
10,2848,2,116.0,107,56.39,69.55,18.57,0.308,0.812,-1.016,-2.352,3,1.55,0,0.0,0,0.056,8.1,0.2432,0,Econômico / Suave,-1.6411761954161659,1.980004967796192
10,2848,3,111.0,85,30.09,61.12,24.66,0.567,2.14,-0.761,-1.901,0,0.0,1,0.54,0,0.329,3.92,0.1007,1,Moderado / Regular,0.9166345462822201,-0.1640079463819059
10,2848,4,79.0,78,52.97,72.88,19.52,0.972,1.862,-0.415,-1.692,0,0.0,0,0.0,0,0.013,13.36,0.2898,1,Moderado / Regular,0.7947076068386277,-0.030087160974504618
10,2849,0,116.0,109,51.38,70.42,17.99,0.477,1.531,-0.709,-2.088,1,0.52,0,0.0,0,0.055,4.26,0.1275,0,Econômico / Suave,-0.7519332716354202,0.81582906592298
10,2849,1,117.0,102,29.65,57.38,17.7,0.813,2.019,-0.503,-0.871,0,0.0,1,0.51,0,0.108,3.91,0.1195,1,Moderado / Regular,1.082612667390032,-0.9000694184168311
10,2849,2,119.0,109,45.04,61.32,18.1,0.497,1.757,-0.643,-1.731,0,0.0,0,0.0,0,0.064,8.67,0.2673,1,Moderado / Regular,-0.5649717201087698,0.18201099155592895
10,2849,3,115.0,95,23.68,49.71,16.18,0.684,1.444,-0.71,-2.107,1,0.52,0,0.0,0,0.189,4.62,0.1254,1,Moderado / Regular,-0.13844299812574845,-0.8360862840321086
10,2849,4,109.0,55,4.76,21.2,6.31,0.414,0.975,-0.595,-1.2,0,0.0,0,0.0,0,0.564,0.62,0.0238,1,Moderado / Regular,-1.8103312611089317,-2.124345590480087
10,2849,5,104.0,63,8.05,23.94,8.76,0.743,1.626,-0.504,-1.072,0,0.0,0,0.0,0,0.429,1.24,0.0315,1,Moderado / Regular,-0.1747341610089627,-2.370332261281676
10,2849,6,108.0,80,13.08,33.19,10.3,0.725,1.456,-0.741,-1.485,0,0.0,0,0.0,0,0.263,2.73,0.0701,1,Moderado / Regular,-0.3701399583636419,-2.003119136362999
10,2849,7,66.0,60,29.26,41.25,12.06,0.546,1.583,-0.856,-1.275,0,0.0,0,0.0,0,0.05,4.38,0.0761,1,Moderado / Regular,-0.7682389085594643,-0.9303587239611268
10,2856,0,119.0,114,54.76,92.76,29.33,0.788,2.242,-0.983,-1.781,0,0.0,3,1.51,0,0.044,10.86,0.3505,2,Agressivo / Dinâmico,2.417625366233246,1.1487746682749627
10,2856,1,111.0,100,52.39,80.38,25.66,0.907,1.918,-0.751,-2.235,2,1.08,0,0.0,0,0.1,5.02,0.1437,2,Agressivo / Dinâmico,1.32167343986375,0.968296358637622
10,2856,2,123.0,106,46.08,65.36,20.2,0.572,1.744,-0.306,-0.679,0,0.0,0,0.0,0,0.123,3.94,0.1226,1,Moderado / Regular,-0.2889636245006436,0.2483873373002351
10,2856,3,44.0,43,47.51,51.61,3.48,0.124,0.155,-0.282,-0.472,0,0.0,0,0.0,0,0.0,0.42,0.0063,0,Econômico / Suave,-3.9464348397788878,0.20016741534753424
10,2870,0,99.0,68,31.84,55.47,21.42,0.417,0.744,-0.86,-1.681,0,0.0,0,0.0,0,0.25,4.89,0.1075,0,Econômico / Suave,-1.5563589346046105,0.0066001123461338004
10,2870,1,90.0,81,52.51,67.94,17.64,0.468,1.209,-0.274,-0.72,0,0.0,0,0.0,0,0.037,13.62,0.3144,0,Econômico / Suave,-1.3019356056596063,0.616550901435661
10,2871,0,77.0,76,46.81,57.95,8.79,0.289,0.668,-0.512,-1.608,0,0.0,0,0.0,0,0.0,4.37,0.0911,0,Econômico / Suave,-2.714077872192891,0.1721332266095151
10,2874,0,120.0,114,26.63,62.74,15.96,0.72,1.872,-0.838,-1.636,0,0.0,0,0.0,0,0.079,8.91,0.2892,1,Moderado / Regular,0.20323569530010188,-1.1083510254637998
10,2874,1,112.0,96,36.52,60.83,22.68,0.541,1.348,-0.512,-2.121,2,1.07,0,0.0,0,0.135,1.67,0.0528,1,Moderado / Regular,-0.2439105247497678,0.6360492768592313
10,2874,2,120.0,115,42.15,70.1,21.89,0.698,1.365,-0.56,-1.174,0,0.0,0,0.0,0,0.043,9.96,0.331,1,Moderado / Regular,-0.23624026891923985,0.04310080989889905
10,2874,3,120.0,120,59.03,68.41,4.1,0.261,0.509,-0.23,-0.71,0,0.0,0,0.0,0,0.0,8.98,0.2995,0,Econômico / Suave,-3.2881388730950314,0.5332430261976405
10,2874,4,120.0,118,36.27,54.75,14.66,0.741,1.582,-0.558,-1.959,0,0.0,0,0.0,0,0.017,2.93,0.0956,1,Moderado / Regular,-0.1922978885358589,-0.7241384451318796
10,2874,5,103.0,46,0.0,0.0,0.0,0.0,0.0,0.0,0.0,0,0.0,0,0.0,0,1.0,0.88,0.0257,0,Econômico / Suave,-4.181031131438371,-2.00365689244464
10,2874,6,103.0,45,0.0,0.0,0.0,0.0,0.0,0.0,0.0,0,0.0,0,0.0,0,1.0,0.88,0.0256,0,Econômico / Suave,-4.181031131438371,-2.00365689244464
10,2874,7,108.0,46,0.0,0.0,0.0,0.0,0.0,0.0,0.0,0,0.0,0,0.0,0,1.0,0.87,0.0271,0,Econômico / Suave,-4.181031131438371,-2.00365689244464
10,2874,8,114.0,48,0.0,0.0,0.0,0.0,0.0,0.0,0.0,0,0.0,0,0.0,0,1.0,0.88,0.0285,0,Econômico / Suave,-4.181031131438371,-2.00365689244464
10,2874,9,106.0,56,0.0,0.0,0.0,0.0,0.0,0.0,0.0,0,0.0,0,0.0,0,1.0,0.88,0.0262,0,Econômico / Suave,-4.181031131438371,-2.00365689244464
10,2874,10,100.0,56,0.0,0.0,0.0,0.0,0.0,0.0,0.0,0,0.0,0,0.0,0,1.0,0.89,0.0247,0,Econômico / Suave,-4.181031131438371,-2.00365689244464
10,2874,11,116.0,57,0.0,0.0,0.0,0.0,0.0,0.0,0.0,0,0.0,0,0.0,0,1.0,0.88,0.0287,0,Econômico / Suave,-4.181031131438371,-2.00365689244464
10,2874,12,118.0,105,36.23,65.5,22.34,0.777,1.864,-0.872,-1.825,0,0.0,0,0.0,0,0.124,8.48,0.2521,1,Moderado / Regular,0.5671300888778852,-0.3813765378045774
10,2874,13,120.0,119,54.27,67.69,17.05,0.523,1.792,-0.947,-2.425,3,1.5,0,0.0,0,0.008,5.83,0.1929,1,Moderado / Regular,-0.12145768935331659,1.3418267401486188
10,2874,14,60.0,60,62.67,75.81,14.68,0.579,1.536,-1.302,-2.341,2,2.0,0,0.0,0,0.0,10.39,0.1732,0,Econômico / Suave,-0.272784714269537,1.8336495749306914
10,2886,0,112.0,94,23.88,45.64,13.58,0.755,1.612,-0.581,-1.683,0,0.0,0,0.0,0,0.16,7.2,0.1916,1,Moderado / Regular,-0.06612212227746782,-1.381146770151024
10,2886,1,119.0,109,39.12,61.45,17.34,0.69,1.984,-0.845,-2.846,4,2.02,0,0.0,0,0.083,3.7,0.1225,1,Moderado / Regular,0.8308421762234616,0.6928532699850604
10,2886,2,117.0,98,32.12,66.36,24.26,0.806,1.729,-0.674,-2.044,1,0.51,0,0.0,0,0.296,1.88,0.0546,1,Moderado / Regular,0.7916711729722161,-0.20119799534839827
10,2886,3,119.0,78,45.82,76.88,33.09,0.688,2.237,-0.197,-0.287,0,0.0,1,0.5,0,0.295,10.59,0.2431,2,Agressivo / Dinâmico,1.5699089135429143,0.851423016985185
10,2886,4,100.0,76,37.5,71.32,27.89,0.52,1.29,-0.674,-1.691,0,0.0,0,0.0,0,0.237,3.85,0.0867,1,Moderado / Regular,-0.45356864313457856,0.41759245333335426
10,2886,5,120.0,118,51.13,75.29,20.1,0.652,1.874,-0.784,-2.133,1,0.5,0,0.0,0,0.0,9.54,0.3115,1,Moderado / Regular,0.1649623175076798,0.6272540652907413
10,2886,6,97.0,77,40.86,65.52,21.06,0.841,2.21,-0.669,-2.044,1,0.62,1,0.62,0,0.091,7.42,0.1671,2,Agressivo / Dinâmico,1.704160335588926,0.11244273850598678
10,2886,7,107.0,94,51.41,76.47,26.34,0.509,1.459,-0.686,-1.889,0,0.0,0,0.0,0,0.074,7.05,0.1871,1,Moderado / Regular,-0.5042146118469342,0.9653353657721621
10,2886,8,111.0,92,43.55,75.22,26.75,0.603,1.771,-0.862,-2.374,2,1.08,0,0.0,0,0.087,6.08,0.1725,1,Moderado / Regular,0.49782421323973886,1.0534314869667312
10,2898,0,115.0,107,35.47,55.24,13.69,0.451,1.843,-0.535,-2.068,1,0.52,0,0.0,0,0.056,4.59,0.1379,1,Moderado / Regular,-0.5606060686435221,-0.1698937860270981
10,2898,1,120.0,119,46.67,71.13,18.57,0.433,1.016,-0.517,-2.108,1,0.5,0,0.0,0,0.0,6.12,0.207,0,Econômico / Suave,-1.342097269696114,0.7502485712871003
10,2898,2,112.0,102,40.47,66.57,22.4,0.759,1.773,-0.728,-1.985,0,0.0,0,0.0,0,0.088,9.14,0.2603,1,Moderado / Regular,0.38994539938247735,-0.1449154740684526
10,2898,3,120.0,114,42.14,68.37,21.34,0.691,1.943,-0.804,-1.549,0,0.0,0,0.0,0,0.07,7.34,0.2306,1,Moderado / Regular,0.3223130531464116,-0.058548210077479984
10,2898,4,120.0,118,53.61,73.61,13.37,0.508,1.377,-0.491,-1.119,0,0.0,0,0.0,0,0.0,6.93,0.2275,0,Econômico / Suave,-1.2364762433051615,0.349620717205099
10,2898,5,66.0,61,50.47,78.77,28.51,0.957,2.187,-0.632,-1.512,0,0.0,1,0.91,0,0.115,10.49,0.1803,2,Agressivo / Dinâmico,2.3056861854424073,0.5447857001713998
10,2902,0,120.0,113,46.8,71.63,21.79,0.619,1.709,-0.603,-1.533,0,0.0,0,0.0,0,0.062,6.89,0.2198,1,Moderado / Regular,-0.13144475237177924,0.3122691523759933
10,2902,1,120.0,119,55.09,68.38,10.47,0.374,0.827,-0.501,-1.635,0,0.0,0,0.0,0,0.0,3.91,0.1296,0,Econômico / Suave,-2.316627082251253,0.5124534594481253
10,2902,2,117.0,87,19.35,46.9,18.6,0.487,1.184,-0.632,-1.595,0,0.0,0,0.0,0,0.402,2.81,0.0786,1,Moderado / Regular,-0.9374473715154746,-0.8854996339283984
10,2902,3,118.0,113,41.53,61.0,15.57,0.609,2.121,-0.531,-1.737,0,0.0,2,1.02,0,0.062,7.49,0.2366,2,Agressivo / Dinâmico,0.8671729139912088,-0.09074920186980683
10,2902,4,118.0,89,20.86,45.47,15.14,0.938,2.255,-0.929,-2.278,2,1.02,2,1.02,0,0.191,3.44,0.097,2,Agressivo / Dinâmico,2.357235728291243,-0.96996296484086
10,2902,5,36.0,35,25.48,36.0,9.74,0.623,1.267,-0.321,-0.492,0,0.0,0,0.0,0,0.029,4.47,0.0443,1,Moderado / Regular,-0.9733184773490523,-1.2966678463239707
10,2908,0,116.0,108,56.7,71.69,18.42,0.576,1.939,-0.75,-2.019,2,1.03,0,0.0,0,0.019,11.81,0.358,1,Moderado / Regular,0.06855369380249655,1.178450935913274
10,2908,1,34.0,31,28.61,64.43,19.14,1.197,1.715,-0.802,-1.335,0,0.0,0,0.0,0,0.129,-2.5,-0.0205,1,Moderado / Regular,1.4322208597950832,-1.4631564711624285
10,2909,0,120.0,118,50.77,70.42,18.62,0.476,1.437,-0.815,-1.802,0,0.0,0,0.0,0,0.017,3.98,0.1287,0,Econômico / Suave,-0.9802012158280823,0.5489394476833559
10,2909,1,111.0,97,45.83,60.96,16.05,0.564,2.705,-0.385,-1.489,0,0.0,1,0.54,0,0.072,3.12,0.0995,1,Moderado / Regular,0.9443013602303018,0.005470199411073763
10,2909,2,119.0,113,36.83,54.62,16.72,0.563,1.748,-0.649,-1.527,0,0.0,0,0.0,0,0.071,1.12,0.037,1,Moderado / Regular,-0.3939816436956164,-0.36370560873228797
10,2919,0,120.0,116,37.07,61.05,17.76,0.853,2.896,-0.768,-2.596,7,3.5,5,2.5,0,0.086,5.22,0.1692,2,Agressivo / Dinâmico,4.793057459528978,1.6696791097676515
10,2919,1,112.0,104,33.21,58.84,17.75,0.808,2.349,-0.958,-4.215,4,2.14,1,0.54,0,0.087,3.94,0.118,2,Agressivo / Dinâmico,2.081509973239804,0.42269363959279194
10,2919,2,123.0,110,55.84,71.0,21.51,0.577,1.568,-0.741,-2.078,1,0.49,0,0.0,0,0.064,9.49,0.3001,1,Moderado / Regular,-0.32922675035571786,1.0628794981322
10,2919,3,102.0,80,37.43,62.62,20.15,0.772,2.244,-1.107,-2.446,6,3.53,2,1.18,0,0.1,4.9,0.119,2,Agressivo / Dinâmico,2.923311472886264,1.7343043453565694
10,2919,4,105.0,82,42.69,82.01,32.03,1.555,3.046,-0.65,-1.927,0,0.0,7,4.0,0,0.28,11.87,0.288,2,Agressivo / Dinâmico,7.584960923362404,0.16274949136327993
10,2922,0,118.0,114,47.65,64.71,18.62,0.186,0.385,-0.562,-1.83,0,0.0,0,0.0,0,0.096,9.05,0.2881,0,Econômico / Suave,-2.815160040227734,0.9431140538281583
10,2922,1,113.0,88,25.84,62.64,19.92,0.653,1.827,-0.636,-1.141,0,0.0,0,0.0,0,0.227,9.12,0.236,1,Moderado / Regular,0.17733350766966194,-0.824872270412205
10,2922,2,79.0,78,65.89,82.56,4.43,0.395,1.734,-0.321,-0.646,0,0.0,0,0.0,0,0.0,10.21,0.2197,0,Econômico / Suave,-1.701085342795763,0.5183893555013048
10,2931,0,114.0,101,29.79,49.47,13.98,0.697,1.867,-0.767,-1.839,0,0.0,0,0.0,0,0.089,5.34,0.158,1,Moderado / Regular,0.014009965845651133,-1.0417633226525318
10,2931,1,121.0,119,40.0,60.91,14.63,0.545,1.675,-0.626,-1.865,0,0.0,0,0.0,0,0.008,1.51,0.0498,1,Moderado / Regular,-0.6464009270857793,-0.3002514925947442
10,2931,2,109.0,72,18.27,50.64,22.42,0.663,1.829,-1.1,-2.248,1,0.55,0,0.0,0,0.569,3.73,0.0808,1,Moderado / Regular,0.5660021691128209,-0.7430126635629748
10,2931,3,95.0,42,0.0,0.0,0.0,0.0,0.0,0.0,0.0,0,0.0,0,0.0,0,1.0,0.69,0.0171,0,Econômico / Suave,-4.181031131438371,-2.00365689244464
10,2931,4,121.0,111,51.7,74.8,19.89,0.522,2.192,-0.59,-1.172,0,0.0,1,0.5,0,0.054,9.31,0.2891,1,Moderado / Regular,0.3976112898117465,0.6116955335068218
10,2931,5,120.0,118,38.3,53.73,11.53,0.658,1.513,-0.752,-1.395,0,0.0,0,0.0,0,0.0,7.26,0.2448,1,Moderado / Regular,-0.6518355267544816,-0.6843377711973224
10,2931,6,63.0,51,23.34,46.87,16.3,0.978,1.932,-1.104,-2.447,3,2.86,0,0.0,0,0.176,0.23,0.0019,2,Agressivo / Dinâmico,1.8893814460304201,-0.013101418244727436
10,2949,0,120.0,93,18.6,39.34,14.95,0.872,1.909,-0.791,-2.096,1,0.5,0,0.0,0,0.29,3.39,0.0954,1,Moderado / Regular,0.8221255849206651,-1.4705507365392563
10,2949,1,118.0,92,15.02,40.32,13.32,0.972,1.861,-1.032,-2.461,1,0.51,0,0.0,0,0.272,3.74,0.1045,1,Moderado / Regular,0.9920364896211918,-1.8513821764107103
10,2949,2,97.0,43,0.0,0.0,0.0,0.0,0.0,0.0,0.0,0,0.0,0,0.0,0,1.0,0.68,0.0187,0,Econômico / Suave,-4.181031131438371,-2.00365689244464
10,2949,3,119.0,100,17.32,44.45,13.63,0.746,2.109,-0.665,-1.778,0,0.0,1,0.5,0,0.2,2.25,0.0708,1,Moderado / Regular,0.9051052184047217,-1.6233161516221408
10,2949,4,116.0,107,31.13,62.87,18.78,1.01,2.581,-0.912,-2.587,5,2.59,8,4.14,0,0.093,7.6,0.2296,2,Agressivo / Dinâmico,6.056996461948674,1.1544928416330738
10,2949,5,120.0,101,44.74,80.24,25.31,1.076,3.271,-0.994,-3.178,4,2.0,5,2.5,0,0.129,10.05,0.2905,2,Agressivo / Dinâmico,5.596898348155795,1.26314080115627
10,2949,6,120.0,116,46.56,81.05,21.41,0.932,2.781,-0.921,-2.464,6,3.0,4,2.0,0,0.034,9.05,0.3001,2,Agressivo / Dinâmico,4.400311408392098,1.8306505128684802
10,2949,7,120.0,110,28.59,63.57,19.56,0.649,1.884,-0.811,-2.34,2,1.0,0,0.0,0,0.118,4.45,0.1477,1,Moderado / Regular,0.4984962293549334,-0.1656423430778262
10,2949,8,117.0,97,18.02,43.91,15.73,1.044,2.179,-0.854,-1.96,0,0.0,1,0.51,0,0.32,3.23,0.1002,1,Moderado / Regular,1.8669007898306722,-1.884321068090468
10,2949,9,122.0,79,15.73,55.61,20.31,0.799,2.112,-1.183,-1.943,0,0.0,1,0.49,0,0.532,3.91,0.0948,1,Moderado / Regular,1.3753807076295566,-1.395417165907879
10,2949,10,105.0,73,15.11,47.1,15.85,0.938,2.505,-1.098,-3.1,3,1.71,1,0.57,0,0.425,4.22,0.1062,2,Agressivo / Dinâmico,2.546116670070799,-0.9509670932989461
10,2949,11,84.0,46,10.34,39.22,13.61,0.838,1.284,-0.904,-1.919,0,0.0,0,0.0,0,0.587,1.09,0.0207,1,Moderado / Regular,-0.06814641978486645,-2.0730825710866014
10,2949,12,102.0,72,8.31,22.81,7.28,0.492,1.916,-0.736,-1.426,0,0.0,0,0.0,0,0.319,2.42,0.0552,1,Moderado / Regular,-0.6071790070093884,-2.141134736732402
10,2949,13,118.0,110,12.06,35.69,7.24,0.349,0.841,-0.246,-0.636,0,0.0,0,0.0,0,0.045,2.2,0.0703,0,Econômico / Suave,-2.1415604706059583,-1.6276855700335735
10,2949,14,111.0,85,16.05,42.23,15.39,0.546,1.1,-0.934,-1.99,0,0.0,0,0.0,0,0.412,1.58,0.045,1,Moderado / Regular,-0.9948920749007351,-1.2872902220344364
10,2949,15,112.0,77,11.78,42.96,13.98,1.069,1.812,-0.817,-1.719,0,0.0,0,0.0,0,0.519,1.04,0.0301,1,Moderado / Regular,1.0969914219111552,-2.3718275316175004
10,2956,0,96.0,71,17.92,44.69,15.65,1.113,2.303,-0.887,-2.185,1,0.62,4,2.5,0,0.31,1.88,0.0507,2,Agressivo / Dinâmico,4.023546319074709,-1.2033972315207293
10,2967,0,119.0,107,20.76,43.7,14.63,0.652,1.58,-0.914,-1.706,0,0.0,0,0.0,0,0.178,3.06,0.0956,1,Moderado / Regular,-0.292783861009421,-1.3222140187521114
10,2967,1,111.0,43,0.0,0.0,0.0,0.0,0.0,0.0,0.0,0,0.0,0,0.0,0,1.0,0.5,0.015,0,Econômico / Suave,-4.181031131438371,-2.00365689244464
10,2967,2,110.0,49,0.0,0.0,0.0,0.0,0.0,0.0,0.0,0,0.0,0,0.0,0,1.0,0.51,0.0149,0,Econômico / Suave,-4.181031131438371,-2.00365689244464
10,2967,3,120.0,93,9.64,28.03,9.61,0.575,1.699,-0.669,-1.905,0,0.0,0,0.0,0,0.366,1.69,0.0489,1,Moderado / Regular,-0.5145468010628451,-2.0311127420483475
10,2967,4,120.0,111,33.53,60.78,16.38,0.879,1.952,-0.846,-2.191,2,1.0,0,0.0,0,0.036,6.94,0.216,1,Moderado / Regular,0.978793405126103,-0.4375435008544807
10,2967,5,116.0,98,30.45,57.84,20.57,0.889,2.573,-0.89,-2.026,1,0.52,3,1.55,0,0.184,3.69,0.1109,2,Agressivo / Dinâmico,3.019838913360856,-0.35380497533373917
10,2967,6,113.0,97,46.71,76.27,28.7,0.791,1.544,-0.822,-2.34,1,0.53,0,0.0,0,0.165,8.64,0.2392,1,Moderado / Regular,0.6495854472395498,0.7805468491645956
10,2967,7,114.0,96,39.47,61.73,18.29,0.509,2.144,-0.68,-2.131,1,0.53,1,0.53,0,0.104,7.16,0.1985,1,Moderado / Regular,0.5360495067968064,0.2810945742385511
10,2967,8,113.0,102,41.55,77.97,26.26,0.736,2.16,-0.86,-2.166,1,0.53,1,0.53,0,0.088,6.42,0.1936,2,Agressivo / Dinâmico,1.516401592946119,0.5158327633836725
10,2973,0,120.0,120,44.55,56.38,7.53,0.277,0.583,-0.36,-0.882,0,0.0,0,0.0,0,0.0,8.77,0.2925,0,Econômico / Suave,-2.875055920677191,0.024670975467609567
10,2973,1,112.0,76,15.44,45.34,17.46,0.562,1.718,-0.98,-1.974,0,0.0,0,0.0,0,0.447,3.53,0.0839,1,Moderado / Regular,-0.2024782970430682,-1.305916784571747
10,2973,2,120.0,110,48.47,71.97,19.21,0.371,1.525,-0.325,-0.522,0,0.0,0,0.0,0,0.082,8.75,0.2703,0,Econômico / Suave,-1.1162877081997542,0.6060668007043999
10,2999,0,120.0,119,56.5,73.82,15.33,0.507,1.676,-0.801,-2.109,1,0.5,0,0.0,0,0.0,6.21,0.2098,0,Econômico / Suave,-0.7012778450403612,0.831114879458304
10,2999,1,111.0,98,40.48,67.71,22.33,0.624,1.909,-0.763,-2.573,3,1.62,0,0.0,0,0.071,4.59,0.1303,1,Moderado / Regular,0.6811950420180078,0.914647896917739
10,2999,2,106.0,89,22.88,60.5,18.55,0.659,1.415,-0.784,-1.513,0,0.0,0,0.0,0,0.236,3.47,0.0877,1,Moderado / Regular,-0.27665092048895806,-0.9902204701054838
10,2999,3,117.0,91,25.24,58.0,18.88,0.797,2.293,-0.608,-1.702,0,0.0,2,1.03,0,0.198,6.32,0.1648,2,Agressivo / Dinâmico,1.8545375235104093,-0.9343371328949248
10,2999,4,117.0,91,18.54,41.84,15.18,0.71,1.85,-0.786,-1.806,0,0.0,0,0.0,0,0.22,1.87,0.0582,1,Moderado / Regular,0.18814829213465367,-1.5098523606993486
10,2999,5,120.0,100,14.07,35.91,11.84,0.635,1.72,-0.614,-1.873,0,0.0,0,0.0,0,0.27,1.12,0.0327,1,Moderado / Regular,-0.2664090373653392,-1.784960298830338
10,2999,6,116.0,85,17.27,45.36,17.19,0.847,2.244,-0.791,-2.006,1,0.52,1,0.52,0,0.4,4.67,0.1132,1,Moderado / Regular,1.6639910589332627,-1.2877954917350294
10,3009,0,114.0,98,25.55,45.36,15.35,0.729,2.25,-0.886,-1.86,0,0.0,1,0.53,0,0.143,4.39,0.1265,1,Moderado / Regular,1.042198750154451,-1.1353228873350933
10,3009,1,116.0,92,27.44,44.65,14.58,0.523,1.852,-0.648,-1.723,0,0.0,0,0.0,0,0.152,3.6,0.1,1,Moderado / Regular,-0.4105567273123209,-0.8785799543460513
10,3009,2,44.0,31,17.5,47.04,18.65,0.341,0.69,-1.023,-1.567,0,0.0,0,0.0,0,0.323,-2.26,-0.0163,0,Econômico / Suave,-1.8191754859931832,-0.7020681942997495
10,3011,0,110.0,85,25.31,46.68,17.66,1.083,2.242,-0.701,-1.581,0,0.0,2,1.09,0,0.188,6.36,0.161,2,Agressivo / Dinâmico,2.5456684360250232,-1.366934398141381
10,3011,1,111.0,96,29.64,50.47,15.09,0.87,1.899,-0.668,-2.21,1,0.54,0,0.0,0,0.073,6.14,0.1736,1,Moderado / Regular,0.7277376571844829,-0.9257487537673323
10,3011,2,124.0,109,27.32,48.87,15.66,0.84,2.064,-0.594,-1.41,0,0.0,1,0.48,0,0.119,6.1,0.1945,1,Moderado / Regular,1.0982838760015918,-1.172400038914124
10,3011,3,119.0,100,19.36,36.52,11.23,0.555,1.776,-0.475,-1.365,0,0.0,0,0.0,0,0.13,1.07,0.0347,1,Moderado / Regular,-0.49514061273062276,-1.4738211777403774
10,3011,4,120.0,119,27.04,44.83,11.38,0.572,1.803,-0.647,-2.061,1,0.5,0,0.0,0,0.0,6.84,0.2308,1,Moderado / Regular,-0.32610723282889154,-0.8595673676195276
10,3011,5,109.0,79,16.98,40.84,15.04,0.69,1.806,-0.817,-1.734,0,0.0,0,0.0,0,0.329,0.55,0.02,1,Moderado / Regular,0.09659957907250173,-1.5566901383732679
10,3011,6,117.0,101,23.36,41.06,13.73,0.809,1.89,-0.786,-1.553,0,0.0,0,0.0,0,0.129,3.99,0.1186,1,Moderado / Regular,0.37827128794278814,-1.5083491914681997
10,3011,7,105.0,91,27.91,42.55,12.38,0.46,1.888,-0.554,-1.285,0,0.0,0,0.0,0,0.099,0.74,0.0222,1,Moderado / Regular,-0.6491384967267797,-0.900193332360294
10,3017,0,116.0,116,66.66,86.24,14.11,0.526,1.481,-0.479,-2.203,2,1.03,0,0.0,0,0.0,11.75,0.3786,0,Econômico / Suave,-0.8372831137209166,1.52750226836575
10,3018,0,120.0,119,51.24,75.22,18.79,0.577,1.481,-0.689,-1.813,0,0.0,0,0.0,0,0.0,5.82,0.1984,1,Moderado / Regular,-0.6640241125158169,0.43717195027538447
10,3018,1,120.0,117,43.59,67.29,15.31,0.554,1.594,-0.818,-2.279,2,1.0,0,0.0,0,0.0,2.3,0.0863,1,Moderado / Regular,-0.39241422480295757,0.45777644919180777
10,3018,2,120.0,115,31.41,63.51,18.18,0.854,1.835,-0.696,-1.869,0,0.0,0,0.0,0,0.035,9.4,0.3019,1,Moderado / Regular,0.5822963424684272,-0.9389553238895849
10,3018,3,99.0,73,17.04,39.11,13.69,1.172,1.856,-1.03,-3.6,3,1.82,0,0.0,0,0.26,1.58,0.0425,1,Moderado / Regular,1.9251544348482732,-1.2810326124302434
10,3018,4,81.0,65,21.48,41.87,14.93,0.792,1.909,-0.926,-2.627,1,0.74,0,0.0,0,0.2,2.23,0.0464,1,Moderado / Regular,0.6600749048517535,-1.096808959786765
10,3018,5,99.0,85,21.39,44.64,11.3,0.777,2.027,-0.713,-2.053,1,0.61,1,0.61,0,0.082,4.83,0.1196,1,Moderado / Regular,1.0358191825830345,-1.2333331904813956
10,3018,6,89.0,60,18.02,45.74,18.33,0.833,2.102,-1.173,-2.16,1,0.67,1,0.67,0,0.4,2.77,0.0541,2,Agressivo / Dinâmico,1.6988199421502836,-1.0327094565399775
10,3019,0,112.0,80,22.55,42.82,15.51,0.703,2.124,-0.775,-1.724,0,0.0,2,1.07,0,0.212,4.53,0.1048,2,Agressivo / Dinâmico,1.325181485408856,-1.0884674584801262
10,3019,1,116.0,83,17.45,42.91,14.1,0.89,2.086,-0.866,-2.649,3,1.55,3,1.55,0,0.229,3.65,0.0868,2,Agressivo / Dinâmico,2.641276447620224,-0.6821371277415413
10,3019,2,120.0,102,25.78,45.2,15.18,0.694,2.561,-0.741,-1.677,0,0.0,4,2.0,0,0.137,5.58,0.1611,2,Agressivo / Dinâmico,2.4859124446318743,-0.7922213131224684
10,3019,3,31.0,31,36.83,50.5,9.59,0.54,1.344,-0.443,-0.777,0,0.0,0,0.0,0,0.0,2.85,0.0246,0,Econômico / Suave,-1.2196661893396095,-0.6781636761443064
10,3020,0,108.0,92,21.33,43.89,14.17,0.664,1.862,-0.44,-1.069,0,0.0,0,0.0,0,0.065,5.9,0.157,1,Moderado / Regular,0.006031656826382863,-1.3769177299413546
10,3020,1,119.0,108,31.61,45.88,13.04,0.693,2.097,-0.721,-1.483,0,0.0,2,1.01,0,0.065,4.81,0.1474,1,Moderado / Regular,1.0214445614514154,-0.8049419449544074
10,3020,2,79.0,72,32.27,48.34,14.23,0.524,2.504,-0.687,-1.259,0,0.0,2,1.52,0,0.083,0.54,0.0119,2,Agressivo / Dinâmico,1.4760935175354963,-0.4172338848260422
10,3025,0,110.0,100,56.26,72.64,18.27,0.254,0.574,-0.686,-1.619,0,0.0,0,0.0,0,0.06,7.37,0.2072,0,Econômico / Suave,-2.5318738724864507,1.2033433029108689
10,3025,1,118.0,92,39.48,71.85,29.4,0.686,2.012,-0.696,-1.394,0,0.0,2,1.02,0,0.261,9.92,0.2623,2,Agressivo / Dinâmico,1.6404499868930094,0.5035650299619391
10,3025,2,120.0,114,43.5,62.16,17.53,0.682,1.881,-0.689,-1.983,0,0.0,0,0.0,0,0.035,7.39,0.2369,1,Moderado / Regular,0.03834643082280682,-0.18936522870859762
10,3031,0,118.0,114,48.9,76.47,21.76,0.51,1.52,-0.714,-1.556,0,0.0,0,0.0,0,0.035,3.32,0.11,1,Moderado / Regular,-0.6361475815800824,0.5816406004784677
10,3031,1,120.0,109,36.83,60.53,17.76,0.681,2.443,-0.874,-2.27,4,2.0,1,0.5,0,0.064,4.56,0.1488,2,Agressivo / Dinâmico,1.7360418269007551,0.66316188902652
10,3031,2,117.0,84,32.19,68.84,25.66,0.522,1.062,-0.798,-1.638,0,0.0,0,0.0,0,0.262,5.32,0.1367,1,Moderado / Regular,-0.7465648350307265,0.0751832367180689
10,3031,3,111.0,91,26.18,56.36,19.2,0.957,1.998,-0.935,-2.295,1,0.54,0,0.0,0,0.242,7.23,0.1936,1,Moderado / Regular,1.2890143752429286,-0.9860872405662318
10,3031,4,115.0,102,18.51,43.29,12.57,0.59,1.806,-0.583,-1.486,0,0.0,0,0.0,0,0.108,2.25,0.0696,1,Moderado / Regular,-0.299501031109681,-1.4893179178748945
10,3031,5,113.0,102,17.96,42.3,12.25,0.605,1.781,-0.655,-1.768,0,0.0,0,0.0,0,0.147,1.05,0.0365,1,Moderado / Regular,-0.29658738346771807,-1.5496712109188648
10,3031,6,82.0,58,10.94,37.18,12.94,0.869,1.654,-0.417,-0.905,0,0.0,0,0.0,0,0.466,4.05,0.0741,1,Moderado / Regular,0.3622410873371706,-2.176131623036287
10,3037,0,116.0,89,29.45,66.7,24.42,0.713,2.132,-0.877,-2.292,2,1.03,1,0.52,0,0.236,4.73,0.1249,2,Agressivo / Dinâmico,1.59399255783395,0.1627164396735834
10,3056,0,120.0,117,28.58,49.57,13.31,0.552,1.663,-0.767,-1.573,0,0.0,0,0.0,0,0.009,5.53,0.1827,1,Moderado / Regular,-0.6026864458556276,-0.9106161216258563
10,3056,1,120.0,114,26.32,51.76,12.35,0.78,1.504,-0.78,-2.214,1,0.5,0,0.0,0,0.044,5.28,0.1704,1,Moderado / Regular,-0.036876934735347214,-1.0791802021309234
10,3056,2,103.0,70,19.96,53.99,19.18,0.928,1.963,-0.786,-1.9,0,0.0,0,0.0,0,0.329,0.03,0.0039,1,Moderado / Regular,1.0607431965604956,-1.5303003956133188
10,3056,3,120.0,90,12.34,32.11,10.3,0.63,1.713,-0.488,-1.05,0,0.0,0,0.0,0,0.289,2.91,0.0816,1,Moderado / Regular,-0.345693462500837,-1.9439243030459172
10,3056,4,106.0,91,42.96,69.05,23.15,0.619,1.519,-0.622,-1.553,0,0.0,0,0.0,0,0.044,7.73,0.2048,1,Moderado / Regular,-0.23023209182495372,0.23742155651413388
10,3056,5,120.0,119,37.05,63.88,15.92,0.589,2.122,-0.616,-1.543,0,0.0,2,1.0,0,0.0,7.14,0.2381,1,Moderado / Regular,0.8554890559228054,-0.2558607948969628
10,3056,6,120.0,119,28.74,47.61,10.58,0.589,1.681,-0.604,-1.861,0,0.0,0,0.0,0,0.0,3.19,0.1071,1,Moderado / Regular,-0.6192338905492504,-1.1095730484858288
10,3060,0,120.0,119,54.75,74.49,15.55,0.582,1.631,-0.792,-1.224,0,0.0,0,0.0,0,0.0,8.01,0.2668,1,Moderado / Regular,-0.681407142806951,0.38965673994756445
10,3060,1,120.0,113,46.76,66.28,19.63,0.475,1.138,-0.542,-1.396,0,0.0,0,0.0,0,0.062,1.68,0.0531,0,Econômico / Suave,-1.210757769614587,0.4629159467300696
10,3060,2,107.0,80,27.33,54.66,18.93,1.011,1.787,-0.814,-1.622,0,0.0,0,0.0,0,0.188,8.64,0.1935,1,Moderado / Regular,1.0183490486418354,-1.2918015148043986
10,3060,3,120.0,115,27.13,56.68,15.03,0.634,2.079,-0.678,-1.757,0,0.0,3,1.5,0,0.07,1.97,0.0678,2,Agressivo / Dinâmico,1.3898863386802092,-0.7051316365693243
10,3060,4,100.0,76,23.99,46.14,17.29,0.829,2.021,-0.772,-1.531,0,0.0,1,0.6,0,0.237,3.91,0.0994,1,Moderado / Regular,1.232151925833114,-1.18626509931508
10,3062,0,117.0,93,19.19,43.29,13.05,0.736,1.768,-0.617,-1.514,0,0.0,0,0.0,0,0.204,0.53,0.0184,1,Moderado / Regular,0.06275254130663023,-1.6236543103528538
10,3062,1,118.0,102,14.84,39.97,12.49,0.554,1.93,-0.581,-1.637,0,0.0,0,0.0,0,0.216,1.21,0.0392,1,Moderado / Regular,-0.23622817665445905,-1.6318400168397489
10,3062,2,30.0,30,37.01,43.3,5.81,0.525,1.314,-0.518,-1.103,0,0.0,0,0.0,0,0.0,7.35,0.0612,0,Econômico / Suave,-1.4741258092241962,-0.8581455235027013
10,3065,0,105.0,69,17.06,51.9,18.9,0.764,1.636,-0.877,-1.656,0,0.0,0,0.0,0,0.449,2.87,0.0625,1,Moderado / Regular,0.29933551449842083,-1.4126283935613424
10,3065,1,108.0,94,36.93,54.59,17.64,0.611,2.111,-0.861,-2.27,4,2.22,2,1.11,0,0.074,5.91,0.1615,2,Agressivo / Dinâmico,1.7742336200848703,1.0638504898951622
10,3065,2,109.0,71,25.12,52.14,22.19,0.643,2.411,-0.817,-1.623,0,0.0,1,0.55,0,0.366,3.48,0.076,1,Moderado / Regular,1.3333608874631326,-0.6711123319602231
10,3065,3,119.0,113,46.11,62.13,17.16,0.708,2.111,-0.521,-1.575,0,0.0,1,0.5,0,0.044,8.98,0.2872,1,Moderado / Regular,0.7214964852151691,-0.04168556869818865
10,3065,4,119.0,99,45.89,77.32,26.62,0.608,3.004,-0.624,-1.763,0,0.0,3,1.51,0,0.172,4.08,0.1154,2,Agressivo / Dinâmico,2.6868732491263247,0.7250224057595949
10,3065,5,116.0,109,31.63,51.88,17.19,0.666,2.825,-0.596,-1.68,0,0.0,2,1.03,0,0.101,4.85,0.153,2,Agressivo / Dinâmico,1.926526153438099,-0.6295867062518241
10,3066,0,89.0,89,60.85,68.21,5.13,0.345,0.896,-0.314,-0.635,0,0.0,0,0.0,0,0.0,9.93,0.2455,0,Econômico / Suave,-2.6292727643824905,0.5080838002921906
10,3072,0,120.0,115,38.34,60.73,17.1,0.564,2.131,-0.65,-2.192,2,1.0,1,0.5,0,0.096,6.43,0.2119,1,Moderado / Regular,0.7428078979239019,0.3428607573242184
10,3072,1,120.0,104,17.89,61.03,22.94,0.566,1.763,-1.037,-3.158,5,2.5,0,0.0,0,0.538,2.83,0.1009,1,Moderado / Regular,0.8820107344144469,0.4911009479443324
10,3072,2,120.0,116,60.5,82.91,27.02,0.779,3.011,-0.684,-2.541,2,1.0,3,1.5,0,0.095,15.11,0.4898,2,Agressivo / Dinâmico,3.340158794775664,1.7428135632623105
10,3072,3,119.0,116,50.19,67.93,19.86,0.351,1.2,-0.682,-2.753,4,2.02,0,0.0,0,0.069,9.22,0.2988,0,Econômico / Suave,-0.8580944632530532,1.914733199164758
10,3072,4,91.0,68,1.84,29.26,6.33,1.115,1.936,0.0,0.0,0,0.0,0,0.0,0,0.912,2.97,0.0673,1,Moderado / Regular,1.067562984420835,-3.341742433323885
10,3080,0,120.0,119,58.06,75.18,13.56,0.569,1.638,-0.759,-2.07,1,0.5,0,0.0,0,0.0,8.13,0.2666,0,Econômico / Suave,-0.6765885961997685,0.7247664325272479
10,3080,1,113.0,95,37.65,74.21,24.91,0.703,2.12,-0.839,-1.618,0,0.0,1,0.53,0,0.179,3.37,0.0974,1,Moderado / Regular,1.1908786119508674,0.01571926405280416
10,3080,2,99.0,54,22.3,66.68,28.88,0.121,0.143,-1.091,-1.939,0,0.0,0,0.0,0,0.574,0.52,0.0144,0,Econômico / Suave,-2.5201460060530954,0.46971870999593185
10,3080,3,110.0,92,19.19,48.48,17.66,0.906,2.563,-0.954,-1.895,0,0.0,2,1.09,0,0.25,6.22,0.1689,2,Agressivo / Dinâmico,2.4685257939316534,-1.4541765124905937
10,3080,4,121.0,103,23.47,45.7,14.98,0.669,1.872,-0.74,-1.456,0,0.0,0,0.0,0,0.146,3.93,0.1222,1,Moderado / Regular,0.049660233311017835,-1.240498478281366
10,3080,5,119.0,106,27.1,54.47,16.47,0.696,2.558,-0.779,-2.198,1,0.5,3,1.51,0,0.16,2.77,0.0831,2,Agressivo / Dinâmico,2.2882438239919267,-0.4959621629284742
10,3080,6,61.0,41,12.54,30.68,10.56,0.995,2.487,-0.673,-1.615,0,0.0,1,0.98,0,0.317,3.74,0.0451,2,Agressivo / Dinâmico,2.2495318851911885,-2.296951989649015
10,3096,0,115.0,96,33.04,58.57,18.79,0.767,2.318,-0.859,-1.773,0,0.0,3,1.57,0,0.146,9.04,0.2502,2,Agressivo / Dinâmico,2.176729062674268,-0.4174175272960753
10,3096,1,108.0,84,44.85,62.14,22.86,0.681,1.654,-0.575,-1.965,0,0.0,0,0.0,0,0.119,9.83,0.2368,1,Moderado / Regular,0.0433916617064113,0.20579165599628413
10,3096,2,115.0,95,50.78,69.37,24.56,0.3,0.664,-0.582,-1.915,0,0.0,0,0.0,0,0.158,3.57,0.0971,0,Econômico / Suave,-1.9651734795547968,1.2291529607466771
10,3096,3,67.0,52,30.84,59.05,20.74,1.033,3.228,-0.604,-1.354,0,0.0,3,2.69,0,0.192,5.67,0.0822,2,Agressivo / Dinâmico,4.87198096646447,-0.6386407299296286
10,3097,0,120.0,116,43.4,68.41,19.3,0.547,2.078,-0.52,-1.377,0,0.0,1,0.5,0,0.034,6.54,0.2155,1,Moderado / Regular,0.389750983842589,0.1763878787945142
10,3097,1,119.0,99,38.18,72.4,27.0,0.638,1.642,-0.668,-1.413,0,0.0,0,0.0,0,0.222,2.63,0.0758,1,Moderado / Regular,0.17605130133116342,0.19032470725099596
10,3097,2,39.0,39,53.73,57.77,2.59,0.312,0.721,-0.204,-0.326,0,0.0,0,0.0,0,0.0,4.36,0.0472,0,Econômico / Suave,-2.958061094777919,0.10467245579852155
10,3130,0,116.0,115,47.54,61.31,11.16,0.269,0.544,-0.555,-1.849,0,0.0,0,0.0,0,0.017,8.43,0.2692,0,Econômico / Suave,-2.7886095426704545,0.38354901081697157
10,3130,1,121.0,112,54.52,73.51,18.31,0.398,1.354,-0.401,-1.107,0,0.0,0,0.0,0,0.018,11.0,0.3466,0,Econômico / Suave,-1.3206571565836747,0.8221948661161255
10,3130,2,58.0,41,29.18,68.35,28.1,1.586,2.073,-0.905,-2.322,3,3.1,1,1.03,0,0.317,-1.75,-0.0184,2,Agressivo / Dinâmico,5.086810212063465,0.44666544419352183
10,3131,0,107.0,102,58.44,77.55,18.98,0.379,1.502,-0.643,-1.268,0,0.0,0,0.0,0,0.02,8.03,0.2325,0,Econômico / Suave,-1.218764680892172,1.046587041898424
10,3131,1,116.0,99,39.66,59.57,17.33,0.6,1.849,-0.551,-1.479,0,0.0,0,0.0,0,0.071,2.3,0.0678,1,Moderado / Regular,-0.18675783244748942,-0.2625898872784147
10,3131,2,113.0,113,41.19,53.82,11.96,0.537,1.697,-0.577,-1.959,0,0.0,0,0.0,0,0.0,1.87,0.0586,1,Moderado / Regular,-0.7836414564151412,-0.3876981086105405
10,3137,0,120.0,107,18.88,41.99,16.59,0.68,1.838,-0.749,-1.26,0,0.0,0,0.0,0,0.336,5.94,0.1836,1,Moderado / Regular,0.161416359946151,-1.3724004604719267
10,3137,1,120.0,115,39.54,64.22,22.85,0.651,2.14,-0.641,-2.267,2,1.0,1,0.5,0,0.157,5.17,0.1682,2,Agressivo / Dinâmico,1.2477394973949731,0.6027998187567077
10,3137,2,93.0,78,38.74,61.1,19.73,0.941,2.129,-0.946,-2.337,2,1.29,1,0.65,0,0.115,6.22,0.1398,2,Agressivo / Dinâmico,2.0732391807405888,0.1935926584380114
10,3137,3,120.0,119,47.64,63.38,13.92,0.428,1.675,-0.643,-2.185,2,1.0,0,0.0,0,0.0,6.63,0.2203,0,Econômico / Suave,-0.7428523234321464,0.7266031259250308
10,3137,4,120.0,109,25.62,50.33,17.24,0.744,2.204,-0.692,-1.632,0,0.0,1,0.5,0,0.119,6.95,0.221,1,Moderado / Regular,1.0991684622200422,-1.0465786173734208
10,3137,5,109.0,97,26.53,42.29,13.73,0.856,1.688,-0.531,-1.92,0,0.0,0,0.0,0,0.124,3.62,0.1022,1,Moderado / Regular,0.26315157625213537,-1.3976210042495916
10,3145,0,118.0,103,26.77,52.26,15.47,1.086,2.933,-0.747,-1.845,0,0.0,6,3.05,0,0.097,4.82,0.14,2,Agressivo / Dinâmico,4.785245203125121,-1.0721312435518044
10,3149,0,84.0,82,16.15,36.63,11.99,0.863,1.829,-0.959,-2.016,1,0.71,0,0.0,0,0.146,4.74,0.1082,1,Moderado / Regular,0.6600346728134213,-1.6107666551054463
10,3150,0,113.0,85,21.59,47.71,18.2,1.03,2.099,-0.896,-2.468,2,1.06,2,1.06,0,0.259,6.36,0.1593,2,Agressivo / Dinâmico,2.623542216511474,-0.8358484986054595
10,3150,1,62.0,61,37.13,50.16,12.59,0.432,1.25,-0.63,-1.543,0,0.0,0,0.0,0,0.0,2.7,0.0486,0,Econômico / Suave,-1.4606915560228988,-0.33593579662110745
10,3161,0,103.0,75,38.14,78.29,27.99,0.99,2.056,-0.922,-2.137,1,0.58,1,0.58,0,0.213,-0.76,-0.0096,2,Agressivo / Dinâmico,2.24816538284405,0.16450134204421013
10,3161,1,99.0,74,39.32,62.82,26.01,0.507,1.927,-0.383,-1.016,0,0.0,0,0.0,0,0.257,4.55,0.0998,1,Moderado / Regular,0.0704824093785973,0.32571739530453525
10,3161,2,79.0,71,40.34,55.96,17.97,0.481,1.108,-0.958,-1.594,0,0.0,0,0.0,0,0.099,0.87,0.0191,0,Econômico / Suave,-1.2492138103980372,0.06851807884688078
10,3183,0,120.0,115,29.32,50.13,16.37,0.591,1.949,-0.709,-1.587,0,0.0,0,0.0,0,0.13,7.0,0.2248,1,Moderado / Regular,-0.0605475441169762,-0.7964779534636737
10,3183,1,120.0,120,41.4,54.23,7.06,0.371,1.284,-0.35,-1.169,0,0.0,0,0.0,0,0.0,3.81,0.1269,0,Econômico / Suave,-1.89015037266903,-0.3716833396186313
10,3183,2,120.0,94,13.29,64.06,20.07,0.908,1.768,-0.948,-1.831,0,0.0,0,0.0,0,0.638,5.5,0.1578,1,Moderado / Regular,0.9065022477312471,-1.734683972381417
10,3183,3,120.0,116,46.9,74.43,24.24,0.464,1.344,-0.547,-2.049,1,0.5,0,0.0,0,0.129,8.6,0.2807,1,Moderado / Regular,-0.6470041793897513,0.9927851999485066
10,3183,4,119.0,97,19.12,60.25,22.25,0.485,1.266,-1.059,-2.399,1,0.5,0,0.0,0,0.505,5.41,0.1559,1,Moderado / Regular,-0.5223590390124692,-0.4218928875355471
10,3183,5,120.0,109,40.89,88.09,29.76,1.015,2.663,-0.657,-2.71,4,2.0,5,2.5,0,0.156,10.88,0.3366,2,Agressivo / Dinâmico,5.049821976254299,1.5021801854925954
10,3211,0,120.0,115,33.37,53.13,13.45,0.927,2.855,-0.527,-1.873,0,0.0,5,2.5,0,0.026,5.56,0.1856,2,Agressivo / Dinâmico,3.6718344584030738,-0.7803852587534538
10,3211,1,119.0,119,45.66,66.96,13.64,0.541,1.365,-0.548,-2.734,3,1.51,0,0.0,0,0.0,5.13,0.1695,0,Econômico / Suave,-0.6044142315460193,0.7916434065498114
10,3211,2,121.0,120,51.16,65.78,12.2,0.431,1.233,-0.513,-1.151,0,0.0,0,0.0,0,0.0,7.76,0.2606,0,Econômico / Suave,-1.6243629266628847,0.2947478156241349
10,3211,3,120.0,115,27.65,53.61,18.43,0.506,1.32,-0.706,-1.545,0,0.0,0,0.0,0,0.07,3.91,0.1275,1,Moderado / Regular,-0.8272328501142484,-0.5556967528462273
10,3211,4,43.0,43,28.66,41.1,8.54,0.459,1.183,-0.491,-0.853,0,0.0,0,0.0,0,0.0,4.92,0.0588,0,Econômico / Suave,-1.5793031731112481,-0.9830807423958305
10,3215,0,98.0,73,28.55,60.97,20.54,0.803,2.239,-0.863,-1.75,0,0.0,1,0.61,0,0.233,3.41,0.0692,1,Moderado / Regular,1.515524400945762,-0.7848945364039139
10,3215,1,100.0,38,0.0,0.0,0.0,0.0,0.0,0.0,0.0,0,0.0,0,0.0,0,1.0,-0.06,-0.003,0,Econômico / Suave,-4.181031131438371,-2.00365689244464
10,3215,2,95.0,44,0.13,5.61,0.85,0.538,0.556,0.0,0.0,0,0.0,0,0.0,0,0.977,0.03,0.0001,0,Econômico / Suave,-2.1426938517484784,-2.7562847663579237
10,3215,3,106.0,99,26.35,49.98,12.93,0.775,2.231,-0.732,-1.961,0,0.0,1,0.57,0,0.051,5.27,0.1406,1,Moderado / Regular,1.053234442779884,-1.2851494142534026
10,3223,0,119.0,92,34.7,72.18,31.03,0.65,1.664,-0.682,-1.151,0,0.0,0,0.0,0,0.37,3.09,0.0859,1,Moderado / Regular,0.45557501303808073,0.23691640793465185
10,3223,1,120.0,118,48.37,71.98,16.23,0.643,2.375,-0.79,-1.699,0,0.0,2,1.0,0,0.0,7.3,0.242,2,Agressivo / Dinâmico,1.1764129921732687,0.1770339495777227
10,3223,2,120.0,96,31.55,67.14,27.89,0.954,1.894,-1.005,-2.196,4,2.0,0,0.0,0,0.323,3.55,0.0994,2,Agressivo / Dinâmico,2.001652317404808,0.579818596068801
10,3223,3,120.0,108,39.69,64.2,22.18,0.719,2.032,-0.787,-2.121,1,0.5,2,1.0,0,0.167,11.67,0.3526,2,Agressivo / Dinâmico,1.5391627420432474,0.3320850028708368
10,3223,4,68.0,67,45.37,53.94,9.14,0.366,1.018,-0.631,-1.461,0,0.0,0,0.0,0,0.0,-0.0,0.0005,0,Econômico / Suave,-2.1160996923388615,-0.027493961111913073
10,3229,0,109.0,79,7.74,27.06,9.43,0.623,1.55,-0.609,-1.422,0,0.0,0,0.0,0,0.532,2.61,0.072,1,Moderado / Regular,-0.5353745278468249,-2.173689512015737
10,3229,1,117.0,59,0.0,0.0,0.0,0.0,0.0,0.0,0.0,0,0.0,0,0.0,0,1.0,1.41,0.0463,0,Econômico / Suave,-4.181031131438371,-2.00365689244464
10,3229,2,120.0,85,5.9,18.36,6.89,0.629,1.49,-0.604,-1.091,0,0.0,0,0.0,0,0.506,2.45,0.0755,1,Moderado / Regular,-0.6881658462905351,-2.401647524054808
10,3234,0,116.0,106,53.72,84.58,29.99,0.816,1.794,-0.773,-2.814,3,1.55,0,0.0,0,0.104,7.98,0.2387,2,Agressivo / Dinâmico,1.2965907673807424,1.6748390581864083
10,3234,1,124.0,117,51.2,77.99,25.77,0.716,2.428,-1.193,-2.483,7,3.39,3,1.45,0,0.068,10.31,0.3371,2,Agressivo / Dinâmico,3.2965929880447162,2.722494898023291
10,3234,2,117.0,75,14.37,57.34,20.33,1.382,2.363,-0.881,-1.518,0,0.0,5,2.56,0,0.573,2.55,0.0632,2,Agressivo / Dinâmico,4.907308405033525,-1.8074792747881514
10,3234,3,108.0,108,55.28,66.29,5.2,0.31,1.334,-0.24,-0.512,0,0.0,0,0.0,0,0.0,4.88,0.1465,0,Econômico / Suave,-2.2114821859626614,0.2414594359562393
10,3263,0,120.0,118,54.72,70.2,13.95,0.548,1.439,-0.913,-2.456,3,1.5,0,0.0,0,0.0,8.43,0.2804,0,Econômico / Suave,-0.5773276381264565,1.202902445018931
10,3263,1,119.0,109,41.91,67.9,22.6,0.836,1.952,-0.742,-2.029,1,0.5,0,0.0,0,0.092,4.55,0.1403,1,Moderado / Regular,0.9335986988886579,0.08117555390504733
10,3263,2,121.0,118,34.16,63.53,14.93,0.756,1.328,-0.64,-1.861,0,0.0,0,0.0,0,0.008,6.38,0.2194,1,Moderado / Regular,-0.3861943949995522,-0.7918489234914187
10,3263,3,119.0,101,5.21,19.19,5.01,0.511,1.518,-0.457,-1.309,0,0.0,0,0.0,0,0.347,1.17,0.0373,1,Moderado / Regular,-1.0543731834850938,-2.3831890562329847
10,3263,4,118.0,80,3.86,16.93,5.64,0.429,0.869,-0.44,-1.171,0,0.0,0,0.0,0,0.588,1.03,0.0309,1,Moderado / Regular,-1.9057231043710692,-2.209418817892273
10,3263,5,100.0,61,2.89,14.41,4.97,0.523,1.016,-0.584,-1.171,0,0.0,0,0.0,0,0.689,1.0,0.0278,1,Moderado / Regular,-1.5281377096961783,-2.439789317208853
10,3263,6,116.0,75,6.0,25.77,6.95,0.53,1.066,-0.648,-2.2,1,0.52,0,0.0,0,0.453,1.12,0.0347,1,Moderado / Regular,-1.2265039317843744,-1.9124078116468182
10,3263,7,104.0,75,12.41,34.41,11.27,0.726,2.015,-0.822,-1.702,0,0.0,1,0.58,0,0.32,1.81,0.0448,1,Moderado / Regular,0.7506753549795449,-1.9248161152443095
10,3263,8,115.0,95,15.52,36.05,12.77,0.553,1.703,-0.769,-2.04,1,0.52,0,0.0,0,0.316,1.95,0.0552,1,Moderado / Regular,-0.3051426065115185,-1.263498038854407
10,3263,9,50.0,37,13.68,40.26,16.13,0.92,1.22,-0.53,-0.907,0,0.0,0,0.0,0,0.514,3.98,0.0431,1,Moderado / Regular,0.1728834570832123,-1.8791408917536712
10,3271,0,120.0,106,23.3,66.37,18.98,1.006,2.491,-0.676,-1.507,0,0.0,4,2.0,0,0.217,5.05,0.1591,2,Agressivo / Dinâmico,3.440224694888092,-1.1065893797719406
10,3271,1,120.0,120,57.04,71.7,10.03,0.4,0.916,-0.374,-0.773,0,0.0,0,0.0,0,0.0,13.92,0.464,0,Econômico / Suave,-2.1936731537963476,0.5303336715862513
10,3271,2,120.0,115,37.54,62.0,23.12,0.642,1.338,-0.62,-1.76,0,0.0,0,0.0,0,0.209,6.1,0.1977,1,Moderado / Regular,-0.31190341117298964,-0.021197064699225637
10,3271,3,61.0,52,23.26,68.55,24.24,1.064,2.406,-1.039,-1.832,0,0.0,3,2.95,0,0.404,8.42,0.1266,2,Agressivo / Dinâmico,4.547420401390576,-0.6612054391454231
455,554,0,120.0,102,45.7,65.54,20.21,0.437,1.285,-0.971,-4.194,5,2.5,0,0.0,0,0.069,-0.18,0.0034,0,Econômico / Suave,-0.33527850856827657,1.864646424702948
455,565,0,76.0,73,51.84,68.06,14.59,0.547,1.442,-0.816,-2.338,2,1.58,0,0.0,0,0.0,1.68,0.0259,0,Econômico / Suave,-0.4953420987110929,1.1510421607376782
455,568,0,117.0,104,34.99,51.46,13.38,0.622,1.497,-0.72,-1.863,0,0.0,0,0.0,0,0.038,2.2,0.0748,1,Moderado / Regular,-0.6449809073244412,-0.6822509668346147
455,568,1,121.0,100,45.61,58.11,15.6,0.525,1.874,-0.618,-2.294,3,1.49,0,0.0,0,0.04,4.1,0.1365,1,Moderado / Regular,-0.026684988851830026,0.8400739793477243
455,568,2,122.0,87,38.57,63.38,20.16,0.719,2.227,-1.04,-3.492,3,1.48,3,1.48,0,0.115,7.98,0.2058,2,Agressivo / Dinâmico,2.3619384225409195,0.7934983379839055
455,568,3,104.0,64,47.75,71.9,28.8,0.194,0.355,-0.81,-2.09,2,1.15,0,0.0,0,0.203,-0.75,-0.0145,0,Econômico / Suave,-1.9750850935169875,2.152046728989238
455,568,4,122.0,112,44.67,63.5,15.45,0.644,1.76,-0.824,-2.4,1,0.49,0,0.0,0,0.009,5.68,0.1932,1,Moderado / Regular,-0.14483919468641274,0.08771521471461277
455,575,0,111.0,64,33.33,52.23,20.22,0.252,0.415,-0.642,-1.724,0,0.0,0,0.0,0,0.234,3.6,0.0869,0,Econômico / Suave,-2.405747270902398,0.2771666591435231
455,575,1,124.0,105,39.02,51.44,11.01,0.436,1.834,-0.436,-1.686,0,0.0,0,0.0,0,0.029,7.35,0.2366,1,Moderado / Regular,-0.9333349242539494,-0.423435559716285
455,575,2,115.0,73,29.93,51.47,18.5,0.554,1.511,-0.943,-2.318,3,1.57,0,0.0,0,0.178,3.28,0.08,1,Moderado / Regular,-0.025291911818376377,0.3331785246912125
455,575,3,115.0,88,26.6,45.03,14.53,0.574,1.747,-0.769,-2.241,1,0.52,0,0.0,0,0.148,4.19,0.1171,1,Moderado / Regular,-0.21744169637372426,-0.6864860692473477
455,575,4,115.0,67,20.94,44.08,17.07,0.99,2.375,-0.844,-2.466,3,1.57,2,1.04,0,0.299,4.68,0.1012,2,Agressivo / Dinâmico,2.9010826043640794,-0.6350091184788703
455,575,5,124.0,102,43.63,61.37,13.81,0.418,1.777,-0.387,-0.825,0,0.0,0,0.0,0,0.039,2.81,0.0939,1,Moderado / Regular,-0.9463796767567384,-0.020303371448543578
455,575,6,118.0,107,26.45,41.5,11.87,0.607,1.307,-0.922,-2.083,1,0.51,0,0.0,0,0.037,8.26,0.249,1,Moderado / Regular,-0.7196760121539905,-0.8327930070436089
455,575,7,112.0,50,14.39,33.56,14.28,0.484,1.451,-0.648,-1.441,0,0.0,0,0.0,0,0.46,1.92,0.0541,1,Moderado / Regular,-0.8306105408333679,-1.3908653416284933
455,575,8,119.0,115,51.85,66.04,12.99,0.398,1.449,-0.345,-1.134,0,0.0,0,0.0,0,0.0,9.67,0.3247,0,Econômico / Suave,-1.4539427082154581,0.38610875110633636
455,575,9,121.0,115,54.75,66.11,9.56,0.417,1.488,-0.595,-1.885,0,0.0,0,0.0,0,0.0,8.41,0.2917,0,Econômico / Suave,-1.554035109253352,0.2960013027971947
455,575,10,120.0,114,47.58,65.31,18.06,0.594,2.365,-0.85,-2.999,6,3.0,1,0.5,0,0.009,6.19,0.2108,2,Agressivo / Dinâmico,1.658272042336365,1.860785022399242
455,575,11,120.0,116,57.38,67.05,10.97,0.271,0.675,-0.459,-1.952,0,0.0,0,0.0,0,0.0,3.23,0.1092,0,Econômico / Suave,-2.7430554215476435,0.8072068422895774
455,575,12,103.0,75,38.58,64.6,21.83,0.794,2.394,-0.715,-2.711,3,1.75,3,1.75,0,0.133,6.59,0.1389,2,Agressivo / Dinâmico,3.1234195654689247,0.9749593964037608
455,575,13,49.0,41,50.43,75.1,27.08,0.505,1.594,-0.987,-2.381,2,2.45,0,0.0,0,0.073,4.59,0.0556,1,Moderado / Regular,0.4396560109796828,2.3075700880699697
455,588,0,120.0,114,63.36,84.15,8.62,0.36,1.235,-0.452,-2.355,2,1.0,0,0.0,0,0.0,7.57,0.2395,0,Econômico / Suave,-1.7761304393221087,1.3082780260555829
455,588,1,119.0,110,52.4,71.46,21.61,0.5,1.782,-1.047,-2.808,8,4.03,0,0.0,0,0.055,1.38,0.0468,2,Agressivo / Dinâmico,0.8379031761083188,2.9480920629657406
455,588,2,120.0,78,12.77,56.1,20.8,0.902,2.357,-1.402,-2.226,4,2.0,3,1.5,0,0.679,3.04,0.0737,2,Agressivo / Dinâmico,3.419674746348524,-0.3369341159458842
455,588,3,121.0,120,63.1,77.71,13.25,0.478,2.019,-0.235,-0.394,0,0.0,1,0.5,0,0.0,11.84,0.396,0,Econômico / Suave,-0.3198541295366209,0.8487384757982804
455,588,4,108.0,92,21.35,75.92,23.48,0.709,1.567,-0.887,-1.777,0,0.0,0,0.0,0,0.337,0.22,0.011,1,Moderado / Regular,0.2647798048047749,-0.872247097450113
455,588,5,94.0,42,0.0,0.0,0.0,0.0,0.0,0.0,0.0,0,0.0,0,0.0,0,1.0,0.44,0.0102,0,Econômico / Suave,-4.181031131438371,-2.00365689244464
455,588,6,116.0,106,47.6,66.62,20.28,0.671,3.046,-0.761,-2.054,2,1.03,3,1.55,0,0.085,7.94,0.2346,2,Agressivo / Dinâmico,2.9329373953859745,0.9365146296691856
455,588,7,118.0,110,45.09,71.62,23.35,0.665,1.997,-0.743,-2.325,1,0.51,0,0.0,0,0.082,6.31,0.1938,1,Moderado / Regular,0.5408617928210774,0.5017875293894053
455,588,8,47.0,47,58.26,64.66,3.49,0.239,0.458,-0.228,-0.365,0,0.0,0,0.0,0,0.0,7.63,0.0996,0,Econômico / Suave,-3.4219081955682644,0.5001656661128459
455,596,0,120.0,112,38.55,62.31,21.58,0.552,2.182,-1.095,-3.636,4,2.0,2,1.0,0,0.179,10.24,0.3302,2,Agressivo / Dinâmico,1.7076913514073495,1.2835301908084262
455,596,1,120.0,113,55.65,75.4,22.47,0.448,1.689,-0.748,-1.69,0,0.0,0,0.0,0,0.062,11.07,0.3617,0,Econômico / Suave,-0.64886651911835,0.9946158353662896
455,596,2,120.0,117,38.41,66.83,7.73,0.479,1.097,-0.725,-2.212,3,1.5,0,0.0,0,0.0,7.23,0.2407,0,Econômico / Suave,-1.2709805968014005,0.2391254255725812
455,596,3,120.0,119,76.05,117.86,31.24,0.537,1.753,-0.703,-2.277,2,1.0,0,0.0,0,0.0,19.48,0.6522,1,Moderado / Regular,0.2077140934667766,2.857067537444971
455,596,4,120.0,118,112.24,115.59,1.56,0.132,0.171,-0.186,-0.476,0,0.0,0,0.0,0,0.0,27.34,0.9126,0,Econômico / Suave,-4.575541817798842,3.0730150656638635
455,596,5,118.0,117,64.35,106.46,24.44,0.816,1.713,-0.674,-2.136,3,1.53,0,0.0,0,0.0,6.54,0.2154,2,Agressivo / Dinâmico,0.8441865779480467,1.8541573153469366
455,600,0,120.0,111,31.42,65.91,23.93,0.528,1.389,-0.803,-2.725,3,1.5,0,0.0,0,0.261,3.22,0.1029,1,Moderado / Regular,0.0050655184920667,0.7210397970027971
455,600,1,116.0,66,0.0,0.0,0.0,0.0,0.0,0.0,0.0,0,0.0,0,0.0,0,1.0,1.1,0.035,0,Econômico / Suave,-4.181031131438371,-2.00365689244464
455,600,2,116.0,67,0.0,0.0,0.0,0.0,0.0,0.0,0.0,0,0.0,0,0.0,0,1.0,1.14,0.0363,0,Econômico / Suave,-4.181031131438371,-2.00365689244464
455,600,3,118.0,68,0.0,0.0,0.0,0.0,0.0,0.0,0.0,0,0.0,0,0.0,0,1.0,1.12,0.0365,0,Econômico / Suave,-4.181031131438371,-2.00365689244464
455,600,4,110.0,62,0.0,0.0,0.0,0.0,0.0,0.0,0.0,0,0.0,0,0.0,0,1.0,1.16,0.0357,0,Econômico / Suave,-4.181031131438371,-2.00365689244464
455,600,5,121.0,81,0.0,0.0,0.0,0.0,0.0,0.0,0.0,0,0.0,0,0.0,0,1.0,1.22,0.0407,0,Econômico / Suave,-4.181031131438371,-2.00365689244464
455,600,6,120.0,75,0.0,0.0,0.0,0.0,0.0,0.0,0.0,0,0.0,0,0.0,0,1.0,1.19,0.0393,0,Econômico / Suave,-4.181031131438371,-2.00365689244464
455,600,7,118.0,61,0.0,0.0,0.0,0.0,0.0,0.0,0.0,0,0.0,0,0.0,0,1.0,1.21,0.0393,0,Econômico / Suave,-4.181031131438371,-2.00365689244464
455,600,8,121.0,82,0.0,0.0,0.0,0.0,0.0,0.0,0.0,0,0.0,0,0.0,0,1.0,1.28,0.0435,0,Econômico / Suave,-4.181031131438371,-2.00365689244464
455,600,9,120.0,77,0.0,0.0,0.0,0.0,0.0,0.0,0.0,0,0.0,0,0.0,0,1.0,1.27,0.0424,0,Econômico / Suave,-4.181031131438371,-2.00365689244464
455,600,10,120.0,78,0.0,0.0,0.0,0.0,0.0,0.0,0.0,0,0.0,0,0.0,0,1.0,1.33,0.0442,0,Econômico / Suave,-4.181031131438371,-2.00365689244464
455,600,11,120.0,95,9.56,34.16,9.68,0.46,1.11,-0.605,-2.034,1,0.5,0,0.0,0,0.4,3.68,0.109,1,Moderado / Regular,-1.2715101060289125,-1.5162686788419555
455,600,12,118.0,102,20.14,54.45,23.44,0.646,1.581,-0.797,-1.755,0,0.0,0,0.0,0,0.52,2.74,0.0861,1,Moderado / Regular,0.12214340938609049,-0.8469361312759315
455,600,13,122.0,108,36.24,60.25,23.88,0.473,1.267,-0.525,-1.778,0,0.0,0,0.0,0,0.222,3.4,0.1081,1,Moderado / Regular,-0.7833655518255199,0.20050080802070191
455,600,14,120.0,116,39.95,59.28,15.41,0.489,1.078,-0.489,-1.406,0,0.0,0,0.0,0,0.052,5.35,0.1803,0,Econômico / Suave,-1.3792461175244164,-0.1003489390113296
455,600,15,59.0,58,31.13,42.95,9.02,0.514,0.848,-0.732,-1.813,0,0.0,0,0.0,0,0.0,3.81,0.0627,0,Econômico / Suave,-1.7828557298130547,-0.8702169213937329
455,601,0,61.0,59,49.73,58.52,5.43,0.341,0.959,-0.327,-0.733,0,0.0,0,0.0,0,0.0,7.58,0.124,0,Econômico / Suave,-2.460918177039716,0.007369566863142239
455,603,0,120.0,120,53.69,63.63,7.43,0.322,0.639,-0.446,-1.137,0,0.0,0,0.0,0,0.0,2.43,0.081,0,Econômico / Suave,-2.783906632316233,0.3730319748345764
455,603,1,120.0,117,32.74,54.62,16.07,0.61,1.874,-0.653,-1.897,0,0.0,0,0.0,0,0.094,5.72,0.1916,1,Moderado / Regular,-0.13355627950826365,-0.6706086449460593
455,603,2,75.0,75,23.15,34.12,7.1,0.548,1.738,-0.578,-1.376,0,0.0,0,0.0,0,0.0,5.07,0.1056,1,Moderado / Regular,-0.7857537838523779,-1.5162795133961242
455,616,0,120.0,116,44.39,65.05,16.97,0.64,1.828,-0.446,-1.839,0,0.0,0,0.0,0,0.043,3.92,0.1301,1,Moderado / Regular,-0.16255375380622697,-0.11544082949642859
455,616,1,106.0,89,27.21,51.88,18.19,0.822,2.431,-0.744,-1.836,0,0.0,1,0.57,0,0.213,4.5,0.1069,1,Moderado / Regular,1.6315456804155295,-1.04060372436083
455,625,0,119.0,96,28.24,67.83,27.9,0.884,2.115,-0.744,-2.047,1,0.5,2,1.01,0,0.396,6.93,0.2163,2,Agressivo / Dinâmico,2.4460773580979445,-0.10849110250870848
455,625,1,120.0,116,27.15,53.14,20.37,0.545,1.498,-0.598,-1.215,0,0.0,0,0.0,0,0.284,7.6,0.2514,1,Moderado / Regular,-0.4407625838032023,-0.5470669307574638
455,625,2,120.0,120,39.94,63.42,12.82,0.48,1.152,-0.817,-1.439,0,0.0,0,0.0,0,0.0,7.33,0.2442,0,Econômico / Suave,-1.4503361774087282,-0.24461179300503375
455,625,3,104.0,97,18.8,41.83,17.17,1.066,2.199,-0.87,-1.715,0,0.0,1,0.58,0,0.381,5.4,0.1518,1,Moderado / Regular,2.066351414511247,-1.7837121157410396
455,627,0,120.0,120,58.81,69.86,10.02,0.385,1.006,-0.54,-2.267,1,0.5,0,0.0,0,0.0,6.81,0.2269,0,Econômico / Suave,-1.9984765612507236,0.8969412026898846
455,630,0,120.0,85,3.94,33.91,8.75,0.908,1.506,-0.766,-1.568,0,0.0,0,0.0,0,0.788,2.43,0.073,1,Moderado / Regular,0.1709148621661828,-2.7682714087669194
455,630,1,120.0,76,0.0,0.0,0.0,0.0,0.0,0.0,0.0,0,0.0,0,0.0,0,1.0,1.52,0.0499,0,Econômico / Suave,-4.181031131438371,-2.00365689244464
455,630,2,119.0,73,0.0,0.0,0.0,0.0,0.0,0.0,0.0,0,0.0,0,0.0,0,1.0,1.4,0.0457,0,Econômico / Suave,-4.181031131438371,-2.00365689244464
455,630,3,115.0,62,0.0,0.0,0.0,0.0,0.0,0.0,0.0,0,0.0,0,0.0,0,1.0,1.01,0.0306,0,Econômico / Suave,-4.181031131438371,-2.00365689244464
455,630,4,117.0,76,7.94,34.52,11.29,0.665,1.494,-0.549,-1.078,0,0.0,0,0.0,0,0.553,2.68,0.0651,1,Moderado / Regular,-0.3953429739142817,-2.108981059803598
455,630,5,120.0,110,41.37,62.8,17.61,0.415,1.273,-0.8,-1.705,0,0.0,0,0.0,0,0.073,4.69,0.1454,0,Econômico / Suave,-1.2774096577996128,0.16266576509338612
455,630,6,120.0,107,42.73,73.83,26.18,0.519,1.37,-0.532,-2.019,1,0.5,0,0.0,0,0.168,6.29,0.1915,1,Moderado / Regular,-0.3444684628924763,0.8309247420018175
455,630,7,120.0,99,34.49,69.42,27.87,0.635,1.581,-1.05,-2.501,4,2.0,0,0.0,0,0.283,6.37,0.183,1,Moderado / Regular,0.8069814944864978,1.1905767885034189
455,630,8,120.0,118,36.96,47.42,8.07,0.379,0.963,-0.685,-2.32,1,0.5,0,0.0,0,0.0,4.45,0.1531,0,Econômico / Suave,-1.9591638605446227,-0.2094030253286992
455,630,9,120.0,103,48.77,121.84,37.35,0.733,1.394,-0.472,-1.255,0,0.0,0,0.0,0,0.252,17.16,0.4971,1,Moderado / Regular,0.5719326825658938,1.1681332951973118
455,630,10,120.0,120,105.88,119.31,8.58,0.311,0.886,-0.563,-1.511,0,0.0,0,0.0,0,0.0,20.13,0.6709,0,Econômico / Suave,-2.9628399474709712,2.832597401572364
455,630,11,114.0,112,84.05,118.19,35.36,0.592,1.81,-0.589,-2.426,2,1.05,0,0.0,0,0.0,8.89,0.2807,2,Agressivo / Dinâmico,0.5552713973067605,3.4042956228666337
455,632,0,117.0,108,34.5,72.89,27.35,0.53,1.796,-0.626,-2.363,1,0.51,0,0.0,0,0.241,4.9,0.1506,1,Moderado / Regular,0.2617579147732018,0.4479925490451811
455,632,1,123.0,98,10.49,44.32,15.25,0.899,1.761,-0.709,-1.287,0,0.0,0,0.0,0,0.592,4.85,0.1422,1,Moderado / Regular,0.6682396584405444,-2.122358932405196
455,632,2,120.0,97,31.01,69.69,29.69,0.745,2.019,-0.789,-2.111,1,0.5,1,0.5,0,0.402,4.82,0.1408,2,Agressivo / Dinâmico,1.6172723111031453,0.20512021561600324
455,632,3,117.0,103,43.33,69.48,27.48,0.314,0.911,-0.782,-2.827,4,2.05,0,0.0,0,0.262,6.24,0.1838,0,Econômico / Suave,-0.8201265864558498,2.13309061377916
455,632,4,122.0,120,61.51,74.6,13.62,0.635,2.56,-0.525,-1.492,0,0.0,2,0.98,0,0.008,6.21,0.208,2,Agressivo / Dinâmico,1.0895534004084928,0.6186220546416656
455,632,5,36.0,36,52.52,63.58,7.38,0.281,0.57,-0.424,-0.786,0,0.0,0,0.0,0,0.0,7.53,0.0753,0,Econômico / Suave,-2.9560361256152508,0.3812345042556273
455,635,0,120.0,120,54.81,67.35,11.21,0.429,1.621,-0.457,-2.294,1,0.5,0,0.0,0,0.0,7.31,0.2438,0,Econômico / Suave,-1.147675211338435,0.6344073727550913
455,635,1,102.0,74,29.63,65.69,23.72,0.859,2.587,-0.989,-2.199,3,1.76,1,0.59,0,0.176,2.35,0.0635,2,Agressivo / Dinâmico,2.7058751788817115,0.29185431152122654
455,635,2,119.0,110,34.97,68.4,21.51,0.637,1.671,-0.734,-1.757,0,0.0,0,0.0,0,0.045,6.21,0.1924,1,Moderado / Regular,-0.032163479949873994,-0.26984886502750066
455,636,0,100.0,85,46.01,64.87,21.54,0.496,1.869,-0.544,-1.56,0,0.0,0,0.0,0,0.118,1.97,0.0497,1,Moderado / Regular,-0.29366038286659635,0.40643877413734
455,636,1,120.0,119,45.19,62.82,13.61,0.503,1.417,-0.62,-1.916,0,0.0,0,0.0,0,0.0,5.73,0.1939,0,Econômico / Suave,-1.121618540700057,-0.025057844090894704
455,646,0,114.0,114,63.36,71.81,5.65,0.196,0.335,-0.204,-0.606,0,0.0,0,0.0,0,0.0,9.27,0.2936,0,Econômico / Suave,-3.604915632417227,0.9329495344162938
455,658,0,120.0,117,51.99,69.38,20.43,0.784,2.291,-0.942,-3.477,6,3.0,3,1.5,0,0.051,7.06,0.236,2,Agressivo / Dinâmico,2.987799330287684,2.180207017107771
455,658,1,117.0,104,37.46,72.36,29.33,0.73,2.195,-0.916,-2.606,2,1.03,1,0.51,0,0.298,5.14,0.1546,2,Agressivo / Dinâmico,1.8615905810307956,0.7755674079705039
455,658,2,120.0,120,31.73,48.74,11.94,0.405,1.256,-0.544,-2.103,1,0.5,0,0.0,0,0.0,4.9,0.1633,0,Econômico / Suave,-1.3520022961978435,-0.3091307930245221
455,658,3,120.0,120,71.62,116.98,34.49,0.656,2.266,-0.506,-1.375,0,0.0,2,1.0,0,0.0,16.06,0.5353,2,Agressivo / Dinâmico,1.7697659116571232,2.2777641318578947
455,658,4,120.0,120,114.05,121.39,3.85,0.199,0.347,-0.176,-0.363,0,0.0,0,0.0,0,0.0,26.98,0.8993,0,Econômico / Suave,-4.121001225465899,3.1704870406624828
455,658,5,120.0,119,69.01,121.05,33.22,1.138,2.624,-0.856,-2.798,5,2.5,3,1.5,0,0.059,5.45,0.1803,2,Agressivo / Dinâmico,4.576368586405446,2.883945736801245
455,659,0,120.0,110,46.75,67.25,20.88,0.592,2.376,-0.646,-2.53,4,2.0,2,1.0,0,0.118,7.16,0.223,2,Agressivo / Dinâmico,1.9091773456994163,1.5423852469552208
455,659,1,120.0,104,36.14,71.47,23.07,0.577,1.426,-1.016,-1.791,0,0.0,0,0.0,0,0.163,5.07,0.1499,1,Moderado / Regular,-0.381355314211744,-0.012730572106804922
455,659,2,118.0,112,44.42,61.31,18.75,0.59,2.138,-0.921,-2.881,6,3.05,2,1.02,0,0.071,4.0,0.1255,2,Agressivo / Dinâmico,1.9198238955146503,1.9373084943719794
455,659,3,121.0,102,38.8,69.55,23.82,0.468,1.488,-0.697,-1.702,0,0.0,0,0.0,0,0.167,1.38,0.0442,1,Moderado / Regular,-0.5914419532777758,0.2918335539473411
455,659,4,113.0,91,19.88,43.8,12.79,0.871,2.028,-0.475,-1.256,0,0.0,2,1.06,0,0.165,4.02,0.1043,2,Agressivo / Dinâmico,1.5522187723742054,-1.5820347068157274
455,659,5,120.0,118,37.78,51.07,10.95,0.672,1.694,-0.733,-2.227,2,1.0,0,0.0,0,0.0,3.39,0.1156,1,Moderado / Regular,-0.1353502793130897,-0.23026157592775312
455,659,6,120.0,110,32.27,59.5,19.84,1.001,2.144,-0.759,-2.296,2,1.0,3,1.5,0,0.173,6.87,0.2113,2,Agressivo / Dinâmico,2.925054478585844,-0.14868414315363793
455,659,7,119.0,115,25.89,43.16,9.92,0.388,1.82,-0.637,-2.015,1,0.5,0,0.0,0,0.052,4.56,0.1478,1,Moderado / Regular,-0.8534644835034239,-0.7476946891337827
455,659,8,115.0,92,15.9,35.27,12.15,0.61,1.609,-0.689,-1.742,0,0.0,0,0.0,0,0.239,1.44,0.0413,1,Moderado / Regular,-0.44949903294821064,-1.6336425768979557
455,659,9,120.0,114,23.93,48.85,14.02,0.815,2.263,-0.827,-2.756,3,1.5,2,1.0,0,0.07,4.45,0.1418,2,Agressivo / Dinâmico,2.094267132583049,-0.4635850402648822
455,659,10,120.0,101,25.99,58.2,19.83,0.554,1.057,-0.852,-2.185,1,0.5,0,0.0,0,0.218,3.72,0.1085,1,Moderado / Regular,-0.7361533713820099,-0.30513697642348037
455,659,11,119.0,100,26.42,53.31,16.4,0.64,2.371,-0.585,-2.005,1,0.5,1,0.5,0,0.21,3.97,0.1185,1,Moderado / Regular,1.1087947457084115,-0.6614516896665436
455,659,12,120.0,117,37.83,62.09,20.35,0.689,1.601,-0.843,-3.003,4,2.0,0,0.0,0,0.137,4.87,0.1568,1,Moderado / Regular,0.578475800517747,0.8457192067031903
455,668,0,120.0,118,60.87,69.32,7.06,0.247,0.503,-0.26,-0.62,0,0.0,0,0.0,0,0.0,10.69,0.3564,0,Econômico / Suave,-3.205112406561202,0.8047998149328298
455,668,1,120.0,114,41.2,70.64,22.93,0.624,1.743,-0.749,-2.007,1,0.5,0,0.0,0,0.079,4.57,0.1458,1,Moderado / Regular,0.17878719241998087,0.38332010634372754
455,669,0,118.0,106,48.17,67.17,18.97,0.249,0.489,-0.482,-2.072,1,0.51,0,0.0,0,0.085,3.59,0.1052,0,Econômico / Suave,-2.368179017627813,1.1699788553703123
455,669,1,121.0,100,35.13,55.09,16.03,0.557,2.124,-0.425,-0.958,0,0.0,2,0.99,0,0.09,4.35,0.1245,1,Moderado / Regular,0.7872529224008294,-0.2976381432827651
455,669,2,116.0,86,31.52,61.53,25.06,0.567,1.48,-0.762,-2.208,1,0.52,0,0.0,0,0.302,3.38,0.0852,1,Moderado / Regular,-0.05127476439617289,0.18018305230475898
455,669,3,99.0,35,0.0,0.0,0.0,0.0,0.0,0.0,0.0,0,0.0,0,0.0,0,1.0,0.38,0.0112,0,Econômico / Suave,-4.181031131438371,-2.00365689244464
455,669,4,110.0,42,0.0,0.0,0.0,0.0,0.0,0.0,0.0,0,0.0,0,0.0,0,1.0,0.33,0.0096,0,Econômico / Suave,-4.181031131438371,-2.00365689244464
455,669,5,95.0,30,0.0,0.0,0.0,0.0,0.0,0.0,0.0,0,0.0,0,0.0,0,1.0,0.31,0.0082,0,Econômico / Suave,-4.181031131438371,-2.00365689244464
455,669,6,104.0,46,0.0,0.0,0.0,0.0,0.0,0.0,0.0,0,0.0,0,0.0,0,1.0,0.25,0.007,0,Econômico / Suave,-4.181031131438371,-2.00365689244464
455,669,7,108.0,45,0.0,0.0,0.0,0.0,0.0,0.0,0.0,0,0.0,0,0.0,0,1.0,0.24,0.007,0,Econômico / Suave,-4.181031131438371,-2.00365689244464
455,669,8,110.0,49,0.0,0.0,0.0,0.0,0.0,0.0,0.0,0,0.0,0,0.0,0,1.0,0.19,0.0053,0,Econômico / Suave,-4.181031131438371,-2.00365689244464
455,669,9,104.0,44,0.0,0.0,0.0,0.0,0.0,0.0,0.0,0,0.0,0,0.0,0,1.0,0.28,0.0073,0,Econômico / Suave,-4.181031131438371,-2.00365689244464
455,669,10,107.0,49,0.0,0.0,0.0,0.0,0.0,0.0,0.0,0,0.0,0,0.0,0,1.0,0.26,0.0069,0,Econômico / Suave,-4.181031131438371,-2.00365689244464
455,669,11,104.0,41,0.0,0.0,0.0,0.0,0.0,0.0,0.0,0,0.0,0,0.0,0,1.0,0.29,0.0084,0,Econômico / Suave,-4.181031131438371,-2.00365689244464
455,669,12,110.0,43,0.0,0.0,0.0,0.0,0.0,0.0,0.0,0,0.0,0,0.0,0,1.0,0.38,0.0123,0,Econômico / Suave,-4.181031131438371,-2.00365689244464
455,669,13,111.0,49,0.24,3.42,0.82,0.227,0.317,-0.311,-0.317,0,0.0,0,0.0,0,0.939,0.54,0.0144,0,Econômico / Suave,-3.2143919947706547,-2.29804555580016
455,669,14,105.0,34,0.0,0.0,0.0,0.0,0.0,0.0,0.0,0,0.0,0,0.0,0,1.0,0.31,0.0092,0,Econômico / Suave,-4.181031131438371,-2.00365689244464
455,669,15,117.0,83,10.01,28.99,9.73,0.525,1.484,-0.698,-1.752,0,0.0,0,0.0,0,0.349,2.32,0.0603,1,Moderado / Regular,-0.8682966105851306,-1.9097641392253109
455,669,16,120.0,105,32.76,60.69,23.51,0.688,2.005,-0.676,-1.949,0,0.0,1,0.5,0,0.21,4.8,0.1457,1,Moderado / Regular,0.9823444660476915,-0.259950483885226
455,669,17,115.0,99,37.51,57.24,19.55,0.708,2.196,-0.513,-2.067,3,1.57,2,1.04,0,0.152,1.58,0.0453,2,Agressivo / Dinâmico,1.9432428430801796,0.6782480371503686
455,669,18,119.0,99,16.54,55.22,16.9,0.404,1.126,-0.527,-1.184,0,0.0,0,0.0,0,0.303,1.64,0.049,1,Moderado / Regular,-1.2736950375343,-0.9905822425922258
455,669,19,79.0,65,9.14,28.02,9.26,0.742,1.558,-0.617,-2.051,1,0.76,0,0.0,0,0.338,2.62,0.0496,1,Moderado / Regular,0.004638203358288283,-1.8594352653215993
455,674,0,120.0,100,36.39,72.08,30.75,0.558,1.213,-0.684,-2.501,3,1.5,0,0.0,0,0.37,4.82,0.1404,1,Moderado / Regular,0.184682487096545,1.3184270991996216
455,674,1,41.0,37,29.43,60.42,24.38,1.044,1.984,-0.821,-1.441,0,0.0,0,0.0,0,0.324,9.53,0.0993,1,Moderado / Regular,1.5547693255557675,-0.9598005019490735
455,678,0,119.0,110,32.59,55.66,18.25,0.624,1.927,-0.736,-1.735,0,0.0,0,0.0,0,0.109,1.19,0.0412,1,Moderado / Regular,0.0649727007858198,-0.5811260170785278
455,678,1,117.0,100,27.12,46.64,15.81,0.749,1.944,-0.893,-2.009,1,0.51,0,0.0,0,0.13,3.23,0.0902,1,Moderado / Regular,0.5033803457701421,-0.8604859489929044
455,690,0,120.0,120,68.44,75.46,6.13,0.149,0.211,-0.327,-1.01,0,0.0,0,0.0,0,0.0,5.75,0.1917,0,Econômico / Suave,-3.8802243394371687,1.2757976774116266
455,690,1,120.0,120,42.64,72.41,23.09,0.416,1.444,-0.393,-1.615,0,0.0,0,0.0,0,0.0,4.34,0.1448,1,Moderado / Regular,-0.8436713723604238,0.5049596897185684
455,690,2,113.0,94,39.1,69.68,23.44,0.512,1.613,-0.806,-2.547,3,1.59,0,0.0,0,0.149,4.57,0.1241,1,Moderado / Regular,0.13323829233561374,1.0894180637185815
455,690,3,120.0,112,57.38,77.9,21.21,0.519,2.402,-0.692,-3.826,4,2.0,2,1.0,0,0.071,8.14,0.2624,2,Agressivo / Dinâmico,1.6654493682821585,2.1480771693136793
455,690,4,105.0,72,30.18,60.6,26.07,0.743,2.056,-0.845,-2.553,3,1.71,1,0.57,0,0.333,5.81,0.1204,2,Agressivo / Dinâmico,1.921727509201605,0.6478513063888999
455,690,5,120.0,112,36.9,58.0,18.55,0.686,1.693,-0.782,-2.054,1,0.5,0,0.0,0,0.054,5.5,0.1722,1,Moderado / Regular,0.11728401043780358,-0.13934747373901243
455,690,6,114.0,99,57.06,71.52,20.11,0.364,2.314,-0.649,-2.666,4,2.11,1,0.53,0,0.071,6.24,0.1734,2,Agressivo / Dinâmico,0.7588638315247586,2.2468780689994374
455,694,0,120.0,120,35.1,51.6,11.18,0.692,1.991,-0.814,-2.026,1,0.5,0,0.0,0,0.017,7.67,0.2557,1,Moderado / Regular,0.10530697537752733,-0.6867342786365672
455,694,1,119.0,110,29.62,53.48,17.67,0.778,1.875,-0.939,-2.536,4,2.02,0,0.0,0,0.145,5.87,0.1888,1,Moderado / Regular,1.049212379438107,0.16768214798498898
455,702,0,111.0,99,52.22,72.63,23.06,0.644,2.119,-1.056,-2.956,4,2.16,1,0.54,0,0.071,5.21,0.1378,2,Agressivo / Dinâmico,1.5023571969520426,1.866182676709888
455,702,1,124.0,118,76.92,114.13,34.88,0.528,1.979,-0.371,-0.922,0,0.0,0,0.0,0,0.025,19.38,0.641,1,Moderado / Regular,0.27352402931418895,2.5285233296139964
455,702,2,120.0,116,77.91,106.92,32.01,0.488,1.129,-0.773,-1.799,0,0.0,0,0.0,0,0.0,6.49,0.2122,0,Econômico / Suave,-0.8662385350641608,2.5842454667086026
455,702,3,102.0,96,56.22,79.45,22.1,0.417,1.075,-0.846,-1.954,0,0.0,0,0.0,0,0.021,5.91,0.1592,0,Econômico / Suave,-1.3944344793433758,1.1268888189359332
455,719,0,114.0,74,35.14,70.98,31.57,0.28,0.405,-0.791,-2.5,2,1.05,0,0.0,0,0.405,-0.13,0.0037,0,Econômico / Suave,-1.4823095215941613,1.545695155264128
455,719,1,112.0,87,14.65,52.45,16.84,0.644,1.618,-0.508,-1.456,0,0.0,0,0.0,0,0.333,2.34,0.0615,1,Moderado / Regular,-0.11356766013358587,-1.4748014760203079
455,719,2,123.0,91,8.34,30.52,10.45,0.58,1.113,-0.632,-1.409,0,0.0,0,0.0,0,0.56,1.6,0.0466,1,Moderado / Regular,-1.0611345027627086,-1.969914055664021
455,719,3,99.0,81,33.6,62.46,21.58,0.863,1.986,-0.985,-2.075,2,1.21,0,0.0,0,0.123,5.84,0.134,1,Moderado / Regular,1.2877959652897557,-0.00806569748851936
455,728,0,71.0,70,64.9,67.85,1.9,0.212,0.422,-0.208,-0.328,0,0.0,0,0.0,0,0.0,12.2,0.2389,0,Econômico / Suave,-3.666145050108205,0.7593722370781589
455,735,0,92.0,80,38.85,71.31,26.3,0.862,2.334,-0.951,-2.579,3,1.96,2,1.3,0,0.212,9.0,0.2082,2,Agressivo / Dinâmico,3.1448476363343625,1.1683096300225773
455,736,0,120.0,120,63.97,80.58,10.82,0.327,0.682,-0.392,-1.582,0,0.0,0,0.0,0,0.0,8.64,0.288,0,Econômico / Suave,-2.6538413396911076,1.0266431986139115
455,736,1,120.0,120,53.61,69.32,14.61,0.485,2.171,-0.609,-2.661,3,1.5,1,0.5,0,0.025,4.07,0.1358,2,Agressivo / Dinâmico,0.47789037648703125,1.2879941325142752
455,736,2,120.0,95,1.7,40.12,7.21,0.0,0.0,-1.447,-2.455,2,1.0,0,0.0,0,0.937,1.64,0.058,0,Econômico / Suave,-3.5350196835953485,-0.9644087461000448
455,736,3,120.0,119,62.68,76.75,14.23,0.549,1.901,-0.216,-0.422,0,0.0,0,0.0,0,0.008,13.02,0.4311,0,Econômico / Suave,-0.6204612693329138,0.6896641811619785
455,736,4,119.0,97,21.23,66.8,25.68,0.23,0.375,-0.811,-2.169,2,1.01,0,0.0,0,0.557,2.43,0.0758,0,Econômico / Suave,-1.8181371836593174,0.620508303903646
455,736,5,121.0,108,38.28,66.09,24.89,0.582,1.999,-0.613,-1.654,0,0.0,0,0.0,0,0.231,10.2,0.3126,1,Moderado / Regular,0.2986433991955359,0.10289475821733554
455,736,6,120.0,98,48.29,67.45,17.91,0.6,1.916,-0.687,-2.835,3,1.5,0,0.0,0,0.071,6.86,0.2412,1,Moderado / Regular,0.3054364073840458,0.9920894811257214
455,738,0,120.0,119,46.64,80.07,17.33,0.504,1.378,-0.864,-1.775,0,0.0,0,0.0,0,0.0,9.57,0.3197,0,Econômico / Suave,-0.9934484788892185,0.25544759463110045
455,738,1,120.0,119,92.86,103.99,8.34,0.249,0.592,-0.344,-1.27,0,0.0,0,0.0,0,0.0,13.87,0.4618,0,Econômico / Suave,-3.3291957423573484,2.341519256383042
455,738,2,120.0,120,84.53,94.61,6.13,0.206,0.483,-0.284,-0.686,0,0.0,0,0.0,0,0.0,12.67,0.4223,0,Econômico / Suave,-3.588815713269094,1.9051804459971207
455,738,3,112.0,100,43.47,74.55,23.39,0.694,1.48,-0.665,-2.016,1,0.54,0,0.0,0,0.1,2.43,0.0683,1,Moderado / Regular,0.10330699438315273,0.4777184325878862
455,738,4,71.0,66,31.46,55.44,18.87,0.608,1.724,-0.7,-1.189,0,0.0,0,0.0,0,0.091,4.68,0.0883,1,Moderado / Regular,-0.14924148725194486,-0.5487871276257931
455,739,0,120.0,119,54.53,67.7,7.7,0.296,0.596,-0.43,-1.07,0,0.0,0,0.0,0,0.0,5.51,0.1824,0,Econômico / Suave,-2.891784684151746,0.4682845851244118
455,739,1,120.0,105,29.61,56.26,20.11,0.683,2.051,-0.638,-1.513,0,0.0,1,0.5,0,0.229,2.79,0.0862,1,Moderado / Regular,0.8814328467497193,-0.5966121366909156
455,739,2,120.0,109,45.76,69.62,22.05,0.582,2.17,-0.583,-1.712,0,0.0,1,0.5,0,0.11,0.86,0.0298,1,Moderado / Regular,0.6895183318084613,0.38018886020557097
455,739,3,120.0,118,44.28,58.53,10.14,0.329,0.521,-0.386,-0.869,0,0.0,0,0.0,0,0.0,4.31,0.1444,0,Econômico / Suave,-2.6746455430767813,0.09712347485831249
455,739,4,98.0,81,19.24,35.88,13.15,0.61,1.628,-0.433,-0.733,0,0.0,0,0.0,0,0.235,1.65,0.0349,1,Moderado / Regular,-0.41115573051730114,-1.42548187217031
455,755,0,120.0,120,41.75,52.7,10.81,0.39,1.263,-0.482,-1.214,0,0.0,0,0.0,0,0.0,7.2,0.2399,0,Econômico / Suave,-1.6845360483639753,-0.16726787719364805
455,755,1,120.0,110,41.12,60.51,19.55,0.447,1.444,-0.631,-2.027,1,0.5,0,0.0,0,0.082,8.5,0.2686,1,Moderado / Regular,-0.7619468431923412,0.4706871957855285
455,755,2,49.0,49,32.09,48.36,13.78,0.73,1.93,-0.651,-1.377,0,0.0,0,0.0,0,0.041,3.47,0.0472,1,Moderado / Regular,0.13672271736065672,-1.0000932873128996
455,757,0,120.0,119,58.64,63.88,3.36,0.215,0.543,-0.31,-0.709,0,0.0,0,0.0,0,0.0,6.59,0.2183,0,Econômico / Suave,-3.4060673225267766,0.5312565535399044
455,757,1,120.0,118,54.47,66.46,11.58,0.401,1.083,-0.687,-1.849,0,0.0,0,0.0,0,0.0,6.89,0.2284,0,Econômico / Suave,-1.9192596667266233,0.47432858171461273
455,757,2,93.0,92,39.07,65.6,14.93,0.54,1.046,-0.668,-1.644,0,0.0,0,0.0,0,0.0,5.12,0.1318,0,Econômico / Suave,-1.2935217545633237,-0.23284209455501162
455,772,0,119.0,108,14.22,33.39,11.34,0.415,0.872,-0.426,-1.179,0,0.0,0,0.0,0,0.241,5.48,0.177,0,Econômico / Suave,-1.7569829445944416,-1.3907764224678796
455,772,1,121.0,98,8.59,46.46,14.25,0.643,1.286,-0.375,-0.675,0,0.0,0,0.0,0,0.663,6.85,0.2174,1,Moderado / Regular,-0.5337194723465122,-1.853753187144156
455,772,2,120.0,102,27.03,61.39,27.59,0.265,1.083,-1.018,-1.641,0,0.0,0,0.0,0,0.471,7.84,0.2409,0,Econômico / Suave,-1.2633558232485878,0.29089124538084143
455,772,3,114.0,103,25.77,44.7,13.79,0.621,1.633,-0.569,-1.335,0,0.0,0,0.0,0,0.126,6.96,0.2027,1,Moderado / Regular,-0.4040760059279485,-1.103029089502818
455,772,4,116.0,107,23.32,46.08,16.13,0.47,1.54,-0.418,-1.023,0,0.0,0,0.0,0,0.028,1.95,0.0609,1,Moderado / Regular,-0.7647761688904076,-0.8669605400258843
455,772,5,120.0,117,23.71,59.98,20.17,0.376,1.367,-0.336,-0.767,0,0.0,0,0.0,0,0.0,8.13,0.275,1,Moderado / Regular,-1.0020931365225412,-0.4701188435800366
455,772,6,119.0,115,31.68,62.75,21.07,0.305,0.863,-0.523,-1.365,0,0.0,0,0.0,0,0.078,8.46,0.2723,0,Econômico / Suave,-1.7427868257868868,0.11501324439653901
455,772,7,117.0,74,0.0,0.0,0.0,0.0,0.0,0.0,0.0,0,0.0,0,0.0,0,1.0,1.78,0.0578,0,Econômico / Suave,-4.181031131438371,-2.00365689244464
455,772,8,121.0,86,0.0,0.0,0.0,0.0,0.0,0.0,0.0,0,0.0,0,0.0,0,1.0,1.7,0.0566,0,Econômico / Suave,-4.181031131438371,-2.00365689244464
455,772,9,120.0,82,0.03,2.16,0.24,0.209,0.318,0.0,0.0,0,0.0,0,0.0,0,0.988,1.62,0.0538,0,Econômico / Suave,-3.286857885514153,-2.316130215847413
455,772,10,120.0,92,1.34,6.95,2.16,0.318,0.617,-0.331,-0.644,0,0.0,0,0.0,0,0.696,2.16,0.0704,0,Econômico / Suave,-2.6065812618790445,-2.3365522669989716
455,772,11,120.0,111,17.76,56.64,16.66,0.498,1.496,-0.335,-0.716,0,0.0,0,0.0,0,0.171,2.89,0.0979,1,Moderado / Regular,-0.6620416703224147,-1.1262079621863634
455,772,12,120.0,120,43.6,62.08,13.71,0.368,1.354,-0.471,-1.733,0,0.0,0,0.0,0,0.0,3.49,0.1164,0,Econômico / Suave,-1.5243124179253267,0.09884726211418146
455,772,13,120.0,116,33.21,49.52,17.45,0.558,1.524,-0.508,-1.175,0,0.0,0,0.0,0,0.086,8.47,0.2755,1,Moderado / Regular,-0.5737292311674208,-0.45237091722942446
455,772,14,120.0,99,23.36,50.51,19.99,0.282,0.439,-0.462,-1.294,0,0.0,0,0.0,0,0.333,0.31,0.0164,0,Econômico / Suave,-2.2242096245836485,-0.2409345277518376
455,772,15,120.0,112,27.9,51.64,17.79,0.51,1.213,-0.439,-1.556,0,0.0,0,0.0,0,0.196,8.14,0.2569,1,Moderado / Regular,-0.9614251715424207,-0.5708299792082726
455,772,16,120.0,118,20.31,32.93,10.77,0.363,1.235,-0.445,-1.233,0,0.0,0,0.0,0,0.085,4.78,0.1578,0,Econômico / Suave,-1.5965919418702221,-1.1207078329844093
455,772,17,120.0,104,14.1,45.01,15.61,0.598,1.345,-0.434,-0.913,0,0.0,0,0.0,0,0.346,3.87,0.1208,1,Moderado / Regular,-0.5741595196775069,-1.4694300727951044
455,772,18,118.0,84,3.08,11.13,3.7,0.395,0.742,-0.359,-0.746,0,0.0,0,0.0,0,0.548,1.97,0.0598,0,Econômico / Suave,-2.214413231899479,-2.2910698838446297
455,772,19,122.0,104,17.79,43.03,13.73,0.619,1.56,-0.682,-1.831,0,0.0,0,0.0,0,0.221,2.74,0.0895,1,Moderado / Regular,-0.41762556124061656,-1.4627285379297885
455,772,20,120.0,107,22.54,42.88,14.52,0.693,1.7,-0.694,-1.61,0,0.0,0,0.0,0,0.131,4.96,0.1535,1,Moderado / Regular,-0.08053073730442538,-1.3182431267465762
455,772,21,120.0,117,29.1,49.84,13.31,0.558,1.852,-0.523,-1.081,0,0.0,0,0.0,0,0.026,6.43,0.2155,1,Moderado / Regular,-0.39418063243326823,-0.9207710349548878
455,772,22,120.0,117,38.48,56.23,15.67,0.541,1.839,-0.695,-1.743,0,0.0,0,0.0,0,0.026,4.71,0.1542,1,Moderado / Regular,-0.4221734486995416,-0.32920417119381123
455,772,23,83.0,82,27.7,39.12,7.47,0.525,1.19,-0.564,-1.779,0,0.0,0,0.0,0,0.0,5.12,0.1218,0,Econômico / Suave,-1.4410242908197457,-1.1782146666781266
455,775,0,120.0,119,24.19,34.64,6.76,0.424,0.935,-0.436,-1.299,0,0.0,0,0.0,0,0.0,10.54,0.3488,0,Econômico / Suave,-1.9764951262978645,-1.2083549377638787
455,775,1,62.0,61,26.29,36.26,6.94,0.35,0.955,-0.493,-0.799,0,0.0,0,0.0,0,0.0,8.01,0.1373,0,Econômico / Suave,-2.1606450707103817,-1.0034658444325661
455,778,0,120.0,119,34.94,50.75,10.96,0.342,0.851,-0.423,-1.95,0,0.0,0,0.0,0,0.0,7.31,0.2454,0,Econômico / Suave,-2.1735066519601616,-0.35187285691878656
455,778,1,120.0,103,27.41,48.4,18.73,0.386,1.029,-0.824,-1.493,0,0.0,0,0.0,0,0.243,7.35,0.2313,0,Econômico / Suave,-1.430757204236827,-0.34699150272644597
455,778,2,105.0,102,30.74,44.8,12.98,0.39,1.71,-0.312,-0.933,0,0.0,0,0.0,0,0.088,9.15,0.265,1,Moderado / Regular,-1.0157008272562518,-0.6160125729267203
455,780,0,120.0,104,25.61,48.72,19.45,0.529,1.726,-0.68,-1.527,0,0.0,0,0.0,0,0.317,6.68,0.2036,1,Moderado / Regular,-0.27554948116695,-0.6798307211495185
455,780,1,30.0,30,42.04,46.73,3.17,0.281,0.523,-0.319,-0.586,0,0.0,0,0.0,0,0.0,4.22,0.0351,0,Econômico / Suave,-3.1148051569387665,-0.3340197399848354
455,787,0,120.0,102,21.21,45.11,16.63,0.63,1.698,-0.783,-2.501,1,0.5,0,0.0,0,0.304,7.48,0.2201,1,Moderado / Regular,0.0216863938663882,-0.8978756317949469
455,787,1,113.0,105,27.86,48.27,15.61,0.498,1.503,-0.636,-1.298,0,0.0,0,0.0,0,0.105,3.89,0.1216,1,Moderado / Regular,-0.7949241079519352,-0.7191217931860249
455,792,0,120.0,114,52.04,72.11,25.46,0.445,1.176,-0.542,-1.536,0,0.0,0,0.0,0,0.132,9.54,0.3081,0,Econômico / Suave,-1.0163123722989515,1.0707855184755415
455,792,1,120.0,107,29.43,67.54,29.99,0.744,1.95,-0.299,-0.478,0,0.0,0,0.0,0,0.477,7.37,0.2296,1,Moderado / Regular,0.9986136354465537,-0.2323447227952206
455,792,2,120.0,99,21.35,68.29,29.19,0.18,0.368,-0.886,-2.19,1,0.5,0,0.0,0,0.616,3.38,0.1046,0,Econômico / Suave,-1.9494115452052405,0.6095289225462616
455,792,3,103.0,84,18.93,63.67,23.71,1.0,1.851,-0.759,-1.122,0,0.0,0,0.0,0,0.5,6.93,0.1726,1,Moderado / Regular,1.3608667858258097,-1.405149386481032
455,795,0,120.0,120,65.3,76.56,8.04,0.192,0.329,-0.378,-0.913,0,0.0,0,0.0,0,0.0,12.62,0.4207,0,Econômico / Suave,-3.523862474649398,1.1634786993835593
455,795,1,120.0,100,7.79,43.88,13.68,0.819,1.281,-1.153,-1.661,0,0.0,0,0.0,0,0.69,4.6,0.1485,1,Moderado / Regular,-0.0953603842207698,-2.160900932057619
455,795,2,112.0,109,28.95,54.26,20.57,0.555,1.527,-0.554,-1.105,0,0.0,0,0.0,0,0.22,7.69,0.2418,1,Moderado / Regular,-0.39047326186823067,-0.47011662097874474
455,799,0,116.0,101,28.78,69.28,19.27,0.644,1.746,-0.815,-2.043,2,1.03,0,0.0,0,0.188,2.25,0.0629,1,Moderado / Regular,0.33502131346935987,-0.13072141632013345
455,799,1,117.0,107,44.12,66.5,18.76,0.433,1.672,-0.463,-1.42,0,0.0,0,0.0,0,0.093,5.66,0.1689,1,Moderado / Regular,-0.7824632843194126,0.27515259119319424
455,799,2,120.0,120,53.87,66.68,8.13,0.293,1.177,-0.381,-0.735,0,0.0,0,0.0,0,0.0,4.35,0.1449,0,Econômico / Suave,-2.26660086894803,0.3858994680607509
455,799,3,120.0,120,57.01,76.47,15.89,0.346,0.937,-0.461,-1.442,0,0.0,0,0.0,0,0.0,4.09,0.1364,0,Econômico / Suave,-2.031668753708661,0.9291868404389448
455,799,4,119.0,109,34.35,59.83,17.21,0.549,1.434,-0.484,-1.972,0,0.0,0,0.0,0,0.092,1.77,0.0523,1,Moderado / Regular,-0.713080262054074,-0.3885307290978287
455,803,0,120.0,109,21.72,56.22,22.98,0.403,0.733,-0.524,-1.16,0,0.0,0,0.0,0,0.33,2.24,0.0742,0,Econômico / Suave,-1.4398216224355105,-0.3531580570356019
455,803,1,120.0,103,30.87,60.0,22.27,0.439,1.415,-0.704,-1.872,0,0.0,0,0.0,0,0.291,4.83,0.1449,1,Moderado / Regular,-0.7483481356026832,-0.1128060007510584
455,803,2,99.0,83,19.55,47.96,18.46,0.765,1.692,-0.859,-1.546,0,0.0,0,0.0,0,0.373,3.09,0.0806,1,Moderado / Regular,0.31714875844459695,-1.3313068867158755
455,808,0,120.0,109,53.23,72.38,22.86,0.266,0.848,-0.826,-1.969,0,0.0,0,0.0,0,0.119,9.53,0.2941,0,Econômico / Suave,-1.9663067069837754,1.2675170933299358
455,808,1,120.0,111,35.34,68.47,29.67,0.702,2.176,-0.768,-2.673,4,2.0,2,1.0,0,0.324,7.3,0.2296,2,Agressivo / Dinâmico,2.5148342042978182,1.38782848229854
455,808,2,120.0,93,21.62,64.59,25.08,0.631,1.886,-0.894,-2.267,3,1.5,0,0.0,0,0.473,4.6,0.1357,1,Moderado / Regular,0.9377483311352656,0.12422428025399349
455,816,0,120.0,111,23.3,49.67,18.14,0.545,1.152,-0.621,-1.656,0,0.0,0,0.0,0,0.297,3.98,0.1282,1,Moderado / Regular,-0.8751726300259172,-0.8029578940486959
455,816,1,120.0,108,19.08,42.12,16.8,0.54,1.477,-0.359,-1.36,0,0.0,0,0.0,0,0.315,6.62,0.2073,1,Moderado / Regular,-0.576140848168345,-1.1116251520461986
455,816,2,120.0,110,29.52,54.97,20.85,0.639,1.75,-0.676,-1.884,0,0.0,0,0.0,0,0.264,5.14,0.1624,1,Moderado / Regular,0.07216751932058897,-0.5726940376161757
455,816,3,120.0,115,30.52,54.23,16.98,0.709,1.758,-0.513,-1.485,0,0.0,0,0.0,0,0.113,3.68,0.1264,1,Moderado / Regular,0.06982145697904087,-0.8403594027121964
455,816,4,120.0,116,34.98,52.09,15.22,0.493,1.861,-0.476,-1.609,0,0.0,0,0.0,0,0.069,5.26,0.1731,1,Moderado / Regular,-0.5163378285075366,-0.454345658933954
455,816,5,120.0,107,25.69,49.23,17.88,0.469,1.256,-0.676,-1.859,0,0.0,0,0.0,0,0.262,6.04,0.1858,1,Moderado / Regular,-1.0006627216180282,-0.6182974192517398
455,816,6,120.0,119,42.29,58.03,13.54,0.379,1.874,-0.254,-0.533,0,0.0,0,0.0,0,0.034,3.75,0.1221,1,Moderado / Regular,-0.9490271816640393,-0.057957157709648294
455,816,7,120.0,118,32.76,57.66,11.9,0.377,0.855,-0.486,-1.452,0,0.0,0,0.0,0,0.051,7.55,0.2482,0,Econômico / Suave,-2.0124661663052543,-0.44781855339589377
455,816,8,119.0,79,0.0,0.0,0.0,0.0,0.0,0.0,0.0,0,0.0,0,0.0,0,1.0,1.62,0.0534,0,Econômico / Suave,-4.181031131438371,-2.00365689244464
455,816,9,120.0,102,21.33,49.7,16.92,0.803,1.67,-0.809,-1.84,0,0.0,0,0.0,0,0.275,3.03,0.0952,1,Moderado / Regular,0.30440063602446893,-1.3841822527716943
455,816,10,120.0,105,46.0,68.97,25.36,0.458,1.79,-0.108,-0.119,0,0.0,0,0.0,0,0.2,11.65,0.3529,1,Moderado / Regular,-0.29227759510004114,0.6834645480024405
455,816,11,120.0,119,56.45,66.82,10.59,0.389,1.557,-0.634,-2.224,3,1.5,0,0.0,0,0.0,7.71,0.2551,0,Econômico / Suave,-1.0503911431574624,1.2931826908048096
455,816,12,120.0,118,51.19,68.72,17.39,0.547,2.268,-0.551,-2.167,1,0.5,2,1.0,0,0.008,8.45,0.2862,2,Agressivo / Dinâmico,0.9994590049858494,0.795120985167512
455,816,13,120.0,119,54.76,67.68,16.31,0.463,1.795,-0.476,-1.744,0,0.0,0,0.0,0,0.0,4.37,0.1471,0,Econômico / Suave,-0.787371973335959,0.5717088112280231
455,816,14,48.0,48,61.87,73.18,5.11,0.239,0.502,0.0,0.0,0,0.0,0,0.0,0,0.0,9.15,0.122,0,Econômico / Suave,-3.330009820340986,0.7522692696507557
455,825,0,120.0,113,35.51,69.17,24.23,0.606,1.581,-0.635,-1.662,0,0.0,0,0.0,0,0.204,7.64,0.2515,1,Moderado / Regular,-0.0816579263319435,-0.03728595584359998
455,825,1,120.0,118,36.32,44.39,9.77,0.249,0.586,-0.392,-1.188,0,0.0,0,0.0,0,0.034,7.1,0.2367,0,Econômico / Suave,-2.764837793877601,-0.19232750821196473
455,825,2,91.0,84,29.96,50.33,18.51,0.619,1.583,-0.633,-1.456,0,0.0,0,0.0,0,0.179,10.37,0.2529,1,Moderado / Regular,-0.2714639556671265,-0.63390780155949
455,869,0,120.0,115,39.23,67.55,23.52,0.514,1.537,-0.53,-1.924,0,0.0,0,0.0,0,0.183,10.02,0.3254,1,Moderado / Regular,-0.4372967573420542,0.2256762584371187
455,869,1,120.0,114,27.6,59.33,23.35,0.65,1.487,-0.637,-2.339,2,1.0,0,0.0,0,0.316,6.18,0.2043,1,Moderado / Regular,0.27795955550044826,0.055321904117100994
455,869,2,120.0,110,25.48,53.06,18.65,0.871,2.074,-0.601,-1.092,0,0.0,1,0.5,0,0.245,9.25,0.2947,1,Moderado / Regular,1.367352792246573,-1.128026283158011
455,869,3,120.0,120,48.16,64.57,13.5,0.4,1.318,-0.534,-1.276,0,0.0,0,0.0,0,0.0,6.74,0.2247,0,Econômico / Suave,-1.5281238405459345,0.2594983670370159
455,869,4,98.0,98,45.95,70.78,19.22,0.44,1.21,-0.533,-1.498,0,0.0,0,0.0,0,0.031,12.09,0.3292,0,Econômico / Suave,-1.2404045255204728,0.4399173605875196
455,876,0,120.0,111,32.0,51.43,17.52,0.169,0.287,-0.336,-1.484,0,0.0,0,0.0,0,0.162,3.36,0.1158,0,Econômico / Suave,-2.8763546679248484,0.19389955626992073
455,876,1,109.0,92,28.76,51.42,18.79,0.51,1.17,-0.509,-0.851,0,0.0,0,0.0,0,0.174,10.1,0.2862,1,Moderado / Regular,-0.9657973356120292,-0.46882676499215303
455,876,2,122.0,114,26.55,40.55,10.82,0.379,1.641,-0.374,-0.748,0,0.0,0,0.0,0,0.096,9.49,0.3115,1,Moderado / Regular,-1.183546474770828,-0.9069724502665744
455,876,3,120.0,113,20.03,40.2,14.27,0.487,1.014,-0.385,-0.811,0,0.0,0,0.0,0,0.248,4.21,0.139,1,Moderado / Regular,-1.3294393087548826,-1.074354995571035
455,876,4,120.0,118,20.46,39.27,11.73,0.504,1.119,-0.494,-1.407,0,0.0,0,0.0,0,0.059,6.3,0.2084,1,Moderado / Regular,-1.3011302343084832,-1.2349966174194895
455,876,5,120.0,115,29.87,57.03,20.15,0.488,1.483,-0.421,-1.013,0,0.0,0,0.0,0,0.174,8.29,0.2681,1,Moderado / Regular,-0.6414016272185099,-0.35425182830815766
455,876,6,120.0,111,21.4,52.25,17.5,0.644,1.581,-0.795,-1.934,0,0.0,0,0.0,0,0.288,5.39,0.1725,1,Moderado / Regular,-0.1803181736907738,-1.1203325419375578
455,876,7,120.0,120,35.21,54.25,11.98,0.317,0.976,-0.352,-0.786,0,0.0,0,0.0,0,0.0,5.58,0.1859,0,Econômico / Suave,-2.0621959682623063,-0.2652917168021583
455,883,0,71.0,69,38.65,61.8,18.93,0.517,1.761,-1.007,-1.871,0,0.0,0,0.0,0,0.101,10.54,0.207,1,Moderado / Regular,-0.4114047637122568,-0.09450677900061416
455,887,0,120.0,118,28.13,41.05,12.05,0.389,1.141,-0.452,-1.349,0,0.0,0,0.0,0,0.076,10.06,0.3323,0,Econômico / Suave,-1.6339559783955824,-0.7092527852536001
455,887,1,120.0,110,17.06,46.01,14.92,0.598,1.662,-0.579,-1.108,0,0.0,0,0.0,0,0.255,7.58,0.2469,1,Moderado / Regular,-0.3027218302602376,-1.4150846944745787
455,887,2,120.0,107,6.78,23.04,7.36,0.494,1.083,-0.427,-0.948,0,0.0,0,0.0,0,0.439,5.2,0.1724,1,Moderado / Regular,-1.4540805503234093,-2.095221320862171
455,887,3,120.0,108,21.52,39.18,14.04,0.39,0.753,-0.34,-0.969,0,0.0,0,0.0,0,0.204,7.2,0.2326,0,Econômico / Suave,-1.881891143709272,-0.8508047406769602
455,887,4,119.0,116,28.77,45.18,13.47,0.533,1.371,-0.531,-1.95,0,0.0,0,0.0,0,0.078,7.81,0.2583,1,Moderado / Regular,-0.9515824225199826,-0.826773196950354
455,887,5,121.0,112,30.78,46.81,16.23,0.349,1.544,-0.225,-0.484,0,0.0,0,0.0,0,0.17,9.65,0.3125,1,Moderado / Regular,-1.140937687825876,-0.35269299936658693
455,887,6,120.0,103,12.78,47.23,13.59,0.388,0.994,-0.531,-1.466,0,0.0,0,0.0,0,0.379,5.48,0.1789,1,Moderado / Regular,-1.5796766181748498,-1.3109198911101436
455,887,7,120.0,120,26.84,37.87,7.73,0.53,1.421,-0.609,-1.333,0,0.0,0,0.0,0,0.0,9.11,0.3036,1,Moderado / Regular,-1.1665431015669916,-1.2419992171778844
455,887,8,71.0,69,27.57,36.95,8.95,0.553,1.496,-0.679,-1.75,0,0.0,0,0.0,0,0.029,9.67,0.1883,1,Moderado / Regular,-0.9753570938485525,-1.1810990922477949
455,896,0,120.0,113,25.67,55.75,24.5,0.622,1.461,-0.624,-2.055,1,0.5,0,0.0,0,0.425,4.36,0.1433,1,Moderado / Regular,0.09254039229649864,-0.20500752935945546
455,896,1,120.0,110,38.34,63.42,25.16,0.212,0.627,-0.594,-1.99,0,0.0,0,0.0,0,0.273,6.9,0.2199,0,Econômico / Suave,-2.0964722346698004,0.8120120850600198
455,896,2,120.0,115,46.29,57.11,12.04,0.453,2.504,-0.553,-2.852,1,0.5,1,0.5,0,0.026,7.6,0.2514,1,Moderado / Regular,0.36845016670194997,0.24748697271562983
455,896,3,120.0,91,0.0,0.0,0.0,0.0,0.0,-1.638,-2.006,1,0.5,0,0.0,0,1.0,2.76,0.0925,0,Econômico / Suave,-4.024060813953269,-1.7262897463574904
455,896,4,42.0,37,30.26,54.95,22.66,0.676,1.416,-0.157,-0.172,0,0.0,0,0.0,0,0.27,12.45,0.1323,1,Moderado / Regular,-0.09839613048040051,-0.44069790390497576
455,900,0,120.0,120,59.34,64.55,3.81,0.191,0.411,-0.33,-0.988,0,0.0,0,0.0,0,0.0,10.87,0.3624,0,Econômico / Suave,-3.5916749788209783,0.6397288831566327
455,900,1,41.0,41,51.63,64.91,11.91,0.427,1.109,-0.712,-1.406,0,0.0,0,0.0,0,0.0,12.06,0.1373,0,Econômico / Suave,-1.7824898218942151,0.32269025233762993
455,901,0,120.0,118,56.96,70.59,18.92,0.484,1.693,-0.699,-2.075,1,0.5,0,0.0,0,0.017,7.36,0.238,0,Econômico / Suave,-0.5753830666157046,1.0833436514206656
455,901,1,63.0,63,51.56,67.52,14.38,0.415,1.165,-0.626,-2.285,2,1.9,0,0.0,0,0.0,5.1,0.0893,0,Econômico / Suave,-1.039622709838047,1.5210493305133508
455,912,0,119.0,109,34.11,62.66,20.87,0.533,0.845,-0.47,-1.214,0,0.0,0,0.0,0,0.147,6.0,0.194,0,Econômico / Suave,-1.1917799715187674,-0.09065240260758653
455,912,1,121.0,116,30.93,52.66,15.14,0.603,1.828,-0.569,-1.63,0,0.0,0,0.0,0,0.078,8.41,0.2796,1,Moderado / Regular,-0.2287451661941932,-0.7908412587114719
455,912,2,50.0,49,15.08,40.74,16.44,0.737,1.224,-1.097,-2.436,2,2.4,0,0.0,0,0.429,3.61,0.0481,1,Moderado / Regular,0.4506428180508156,-0.21788173924524293
455,915,0,120.0,103,15.25,49.81,20.82,0.233,0.36,-0.586,-0.947,0,0.0,0,0.0,0,0.602,4.4,0.1467,0,Econômico / Suave,-2.3239050064293734,-0.4919611276672532
455,915,1,120.0,120,44.31,55.42,10.87,0.375,1.538,-0.328,-0.724,0,0.0,0,0.0,0,0.0,8.88,0.2959,0,Econômico / Suave,-1.4568209996182533,-0.06306254993510643
455,915,2,120.0,112,24.74,48.42,16.93,0.472,1.766,-0.604,-1.306,0,0.0,0,0.0,0,0.223,7.82,0.2527,1,Moderado / Regular,-0.49765579063139015,-0.7901288533038232
455,915,3,91.0,78,17.59,36.74,13.67,0.667,1.408,-0.531,-1.079,0,0.0,0,0.0,0,0.321,5.46,0.1302,1,Moderado / Regular,-0.45089393822189966,-1.5195051802858395
455,916,0,120.0,113,14.14,41.59,15.32,0.531,1.712,-0.47,-1.392,0,0.0,0,0.0,0,0.425,5.53,0.1843,1,Moderado / Regular,-0.38195879307289626,-1.4436369466189283
455,916,1,119.0,97,5.47,36.65,10.77,0.622,1.107,-0.9,-1.228,0,0.0,0,0.0,0,0.742,4.65,0.1463,1,Moderado / Regular,-0.9158111110055698,-2.14079360901014
455,916,2,121.0,112,31.08,73.99,29.58,0.646,1.779,-0.67,-1.782,0,0.0,0,0.0,0,0.321,7.04,0.2257,1,Moderado / Regular,0.527393789097655,-0.022583555885186263
455,916,3,120.0,108,18.22,63.43,22.08,0.519,1.46,-0.831,-1.447,0,0.0,0,0.0,0,0.5,6.09,0.1967,1,Moderado / Regular,-0.38738121612832743,-0.8233370827411693
455,916,4,104.0,103,41.66,63.31,14.69,0.581,1.123,-0.578,-1.401,0,0.0,0,0.0,0,0.0,5.63,0.1601,0,Econômico / Suave,-1.1396059511656116,-0.19279336985568243
455,936,0,117.0,105,11.47,44.54,11.1,0.498,0.951,-0.463,-1.449,0,0.0,0,0.0,0,0.314,4.2,0.1314,1,Moderado / Regular,-1.4428798670316407,-1.6549711135814424
455,937,0,120.0,112,31.51,61.29,22.45,0.592,1.442,-0.544,-1.465,0,0.0,0,0.0,0,0.259,4.59,0.1481,1,Moderado / Regular,-0.31387666949968035,-0.2843415406997071
455,937,1,120.0,102,34.06,55.26,22.65,0.232,0.756,-0.53,-1.796,0,0.0,0,0.0,0,0.216,3.58,0.11,0,Econômico / Suave,-1.9919570753102238,0.4278253811329046
455,937,2,59.0,57,45.49,56.23,10.15,0.461,1.293,-0.269,-0.668,0,0.0,0,0.0,0,0.0,10.24,0.1685,0,Econômico / Suave,-1.531036014529254,-0.1318842641281922
455,941,0,120.0,118,33.43,46.03,8.9,0.649,1.425,-0.757,-2.278,2,1.0,0,0.0,0,0.0,4.18,0.1394,1,Moderado / Regular,-0.5368991046067764,-0.4785666192957979
455,941,1,120.0,118,47.55,72.24,17.62,0.541,1.534,-0.959,-2.522,6,3.0,0,0.0,0,0.008,7.76,0.255,1,Moderado / Regular,0.21464536992780608,1.906359344130622
455,941,2,75.0,74,62.43,66.04,2.23,0.205,0.444,-0.212,-0.483,0,0.0,0,0.0,0,0.0,9.09,0.1896,0,Econômico / Suave,-3.6238203737570696,0.6701644228262923
455,956,0,120.0,119,64.95,71.49,3.09,0.199,0.388,-0.218,-0.501,0,0.0,0,0.0,0,0.0,10.14,0.3406,0,Econômico / Suave,-3.679052083309192,0.8509994052068343
455,956,1,120.0,119,55.42,67.45,11.67,0.375,1.106,-0.537,-2.232,2,1.0,0,0.0,0,0.0,4.35,0.1445,0,Econômico / Suave,-1.6539400342672286,1.1101673831537884
455,956,2,119.0,105,21.22,64.29,26.53,0.654,2.112,-0.86,-1.933,0,0.0,1,0.5,0,0.533,7.81,0.2375,1,Moderado / Regular,1.2522483128415243,-0.5923435607260318
455,956,3,121.0,119,60.22,71.54,13.26,0.227,0.451,-0.404,-1.342,0,0.0,0,0.0,0,0.0,7.92,0.2676,0,Econômico / Suave,-3.007820960616167,1.1580628324224636
455,956,4,120.0,106,22.67,61.05,24.41,0.717,1.535,-0.624,-1.753,0,0.0,0,0.0,0,0.472,4.36,0.1359,1,Moderado / Regular,0.2855257078385707,-0.7652771519212181
455,956,5,120.0,105,29.13,60.3,23.34,0.55,1.58,-0.561,-1.304,0,0.0,0,0.0,0,0.305,5.88,0.1787,1,Moderado / Regular,-0.2165474499188777,-0.30638281871255446
455,956,6,120.0,97,23.66,65.88,27.67,0.488,1.662,-0.16,-0.16,0,0.0,0,0.0,0,0.485,6.54,0.1958,1,Moderado / Regular,-0.037341110410450726,-0.24284065150894185
455,956,7,81.0,80,61.24,66.12,2.62,0.195,0.353,-0.188,-0.31,0,0.0,0,0.0,0,0.0,10.5,0.2365,0,Econômico / Suave,-3.7158393879335914,0.6631937844569451
455,960,0,95.0,93,57.34,69.43,12.55,0.345,0.978,-0.559,-2.343,1,0.63,0,0.0,0,0.0,6.62,0.1679,0,Econômico / Suave,-1.9574682638859904,1.101611347581778
455,970,0,120.0,119,70.11,77.68,4.93,0.202,0.418,-0.217,-0.551,0,0.0,0,0.0,0,0.0,9.74,0.3191,0,Econômico / Suave,-3.5970237858111767,1.1850421671844509
455,970,1,120.0,113,52.53,72.76,24.29,0.587,1.915,-0.895,-2.762,6,3.0,0,0.0,0,0.071,5.89,0.1902,2,Agressivo / Dinâmico,1.0106016508914513,2.397237022032675
455,970,2,120.0,118,60.16,77.47,13.49,0.407,1.816,-0.659,-2.294,3,1.5,0,0.0,0,0.0,12.09,0.3989,0,Econômico / Suave,-0.6258546453620302,1.567897549103428
455,970,3,120.0,104,7.27,25.99,7.32,0.392,1.072,-0.519,-1.902,0,0.0,0,0.0,0,0.327,3.05,0.0986,1,Moderado / Regular,-1.7407036634187238,-1.9349271275349553
455,970,4,119.0,100,4.67,26.24,7.18,0.429,0.988,-0.448,-1.11,0,0.0,0,0.0,0,0.54,2.35,0.0746,1,Moderado / Regular,-1.7145322760897976,-2.1016730010519056
455,970,5,118.0,92,5.19,20.69,7.25,0.431,1.0,-0.491,-0.942,0,0.0,0,0.0,0,0.63,2.29,0.0706,1,Moderado / Regular,-1.6979774197170132,-2.0780486690030524
455,970,6,121.0,85,6.6,36.85,12.18,0.665,2.032,-1.097,-1.61,0,0.0,1,0.5,0,0.741,2.94,0.0834,1,Moderado / Regular,0.6365296963290191,-2.0802831532044594
455,970,7,121.0,91,3.53,48.06,10.7,1.037,1.436,0.0,0.0,0,0.0,0,0.0,0,0.879,3.69,0.1055,1,Moderado / Regular,0.5354044009655239,-2.842797019324741
455,970,8,120.0,119,41.73,61.37,17.41,0.411,1.169,-0.562,-3.057,3,1.5,0,0.0,0,0.017,6.38,0.2154,0,Econômico / Suave,-0.9384371131489286,1.01992976595195
455,970,9,120.0,88,23.13,68.6,27.99,0.611,1.678,-0.431,-0.458,0,0.0,0,0.0,0,0.523,6.31,0.1704,1,Moderado / Regular,0.3236931494387711,-0.418398990234298
455,970,10,84.0,82,64.92,70.02,4.83,0.371,1.022,-0.292,-0.983,0,0.0,0,0.0,0,0.0,11.05,0.2583,0,Econômico / Suave,-2.479766145406153,0.6267995509877732
455,982,0,117.0,108,36.23,51.99,16.38,0.44,1.279,-0.366,-1.165,0,0.0,0,0.0,0,0.093,4.34,0.1327,0,Econômico / Suave,-1.218856232887319,-0.17906002441037597
455,982,1,96.0,78,26.63,46.9,19.63,0.421,1.256,-0.616,-1.555,0,0.0,0,0.0,0,0.256,4.39,0.0971,1,Moderado / Regular,-1.0512680840576023,-0.411191100204051
455,983,0,120.0,106,16.85,40.03,15.55,0.595,1.347,-0.702,-3.04,3,1.5,0,0.0,0,0.34,3.66,0.1157,1,Moderado / Regular,-0.13636250468070757,-0.5097153581272392
455,983,1,120.0,115,44.05,57.74,15.2,0.667,1.531,-0.559,-2.403,1,0.5,0,0.0,0,0.043,7.28,0.2361,1,Moderado / Regular,-0.3266710999749261,0.050896529336145004
455,983,2,52.0,51,39.86,50.05,10.2,0.497,1.657,-0.217,-0.314,0,0.0,0,0.0,0,0.0,8.67,0.1275,1,Moderado / Regular,-1.0037763443818826,-0.488515934704726
455,986,0,120.0,117,33.17,59.68,16.42,0.645,2.088,-0.632,-1.855,0,0.0,2,1.0,0,0.043,3.7,0.1189,1,Moderado / Regular,1.0261153637653957,-0.47845276910690077
455,986,1,120.0,119,57.49,68.87,11.09,0.413,1.257,-0.216,-0.512,0,0.0,0,0.0,0,0.0,8.06,0.2649,0,Econômico / Suave,-1.7563770211304017,0.5461530267135096
455,986,2,118.0,89,33.63,65.32,23.59,0.647,1.868,-0.819,-2.11,2,1.02,0,0.0,0,0.258,6.38,0.1624,1,Moderado / Regular,0.6321146067385215,0.3103565658545316
455,989,0,120.0,119,51.34,67.26,16.91,0.473,1.834,-0.73,-2.218,2,1.0,0,0.0,0,0.025,4.8,0.1626,1,Moderado / Regular,-0.34711759036835954,0.9830884467558741
455,989,1,115.0,85,29.39,59.07,23.34,0.639,1.749,-0.806,-1.949,0,0.0,0,0.0,0,0.247,5.62,0.1393,1,Moderado / Regular,0.19216941463069626,-0.43839594681640204
455,989,2,117.0,100,47.62,65.34,22.68,0.594,2.388,-0.799,-1.952,0,0.0,1,0.51,0,0.13,5.7,0.1624,1,Moderado / Regular,0.9708660396239088,0.4576358686053592
455,1001,0,120.0,115,23.03,45.15,13.78,0.69,1.598,-0.551,-1.551,0,0.0,0,0.0,0,0.148,4.26,0.1398,1,Moderado / Regular,-0.23489972719107177,-1.319098958642475
455,1001,1,117.0,81,0.22,10.22,1.4,0.0,0.0,-0.68,-1.059,0,0.0,0,0.0,0,0.975,2.56,0.0825,0,Econômico / Suave,-4.115574298243528,-1.9146689128180863
455,1001,2,120.0,118,22.43,41.04,12.09,0.497,1.327,-0.342,-0.806,0,0.0,0,0.0,0,0.068,6.71,0.2216,1,Moderado / Regular,-1.1025909812492125,-1.1428037574024155
455,1001,3,120.0,120,29.18,44.31,9.54,0.422,1.174,-0.44,-1.681,0,0.0,0,0.0,0,0.0,5.44,0.1814,0,Econômico / Suave,-1.6426935144587562,-0.8513020848883176
455,1001,4,120.0,120,44.62,62.43,16.09,0.374,0.944,-0.394,-1.335,0,0.0,0,0.0,0,0.0,10.69,0.3562,0,Econômico / Suave,-1.8309692721321662,0.3284164241287336
455,1001,5,120.0,108,31.5,59.13,22.76,0.477,1.618,-0.508,-1.628,0,0.0,0,0.0,0,0.231,4.2,0.1337,1,Moderado / Regular,-0.4182602281227261,-0.135628184438286
455,1001,6,120.0,109,6.79,15.28,4.64,0.251,0.846,-0.325,-0.778,0,0.0,0,0.0,0,0.239,2.78,0.0934,0,Econômico / Suave,-2.4730818952373266,-1.8855583716939337
455,1001,7,120.0,111,9.68,35.98,10.31,0.429,1.012,-0.496,-1.631,0,0.0,0,0.0,0,0.315,3.65,0.1198,1,Moderado / Regular,-1.5832314480711145,-1.6970513666336657
455,1001,8,120.0,111,25.57,49.12,18.64,0.606,1.923,-0.89,-1.781,0,0.0,0,0.0,0,0.279,6.24,0.1973,1,Moderado / Regular,0.09442785742722144,-0.8589020910055443
455,1001,9,120.0,112,25.5,48.47,17.16,0.471,1.26,-0.471,-1.238,0,0.0,0,0.0,0,0.232,2.55,0.0872,1,Moderado / Regular,-1.0241965278499692,-0.6708823084491228
455,1001,10,119.0,105,18.28,47.29,18.81,0.467,1.25,-0.679,-1.574,0,0.0,0,0.0,0,0.467,4.16,0.1367,1,Moderado / Regular,-0.9016587228910689,-0.9051417813984884
455,1001,11,121.0,115,28.63,43.9,13.05,0.407,1.413,-0.407,-1.244,0,0.0,0,0.0,0,0.104,10.71,0.3582,1,Moderado / Regular,-1.2588448511998707,-0.6917642294873984
455,1001,12,120.0,103,8.06,30.94,10.63,0.387,0.863,-0.574,-1.47,0,0.0,0,0.0,0,0.553,2.53,0.0861,0,Econômico / Suave,-1.8197033600245096,-1.6764435460711975
455,1001,13,119.0,110,15.02,43.15,15.05,0.561,1.083,-0.557,-1.098,0,0.0,0,0.0,0,0.364,5.41,0.1732,1,Moderado / Regular,-0.98033009165461,-1.372074497639761
455,1001,14,117.0,108,42.51,57.86,15.42,0.4,0.941,-0.245,-0.314,0,0.0,0,0.0,0,0.065,11.04,0.3364,0,Econômico / Suave,-1.7791016244886255,0.15824855302077692
455,1001,15,120.0,118,45.95,58.06,9.22,0.265,0.7,-0.381,-1.111,0,0.0,0,0.0,0,0.0,7.33,0.2426,0,Econômico / Suave,-2.715597755236778,0.18470458002861914
455,1001,16,120.0,119,37.95,58.38,14.64,0.429,1.406,-0.506,-1.135,0,0.0,0,0.0,0,0.0,5.89,0.1978,0,Econômico / Suave,-1.214315208796729,-0.20005093301495175
455,1001,17,119.0,116,49.96,58.58,6.75,0.302,1.007,-0.237,-0.706,0,0.0,0,0.0,0,0.0,6.77,0.222,0,Econômico / Suave,-2.4520942585158636,0.13860026838348008
455,1001,18,121.0,111,28.5,53.87,23.03,0.176,0.299,-0.427,-1.082,0,0.0,0,0.0,0,0.351,2.92,0.0974,0,Econômico / Suave,-2.549011356891388,0.33104375881440185
455,1001,19,119.0,105,12.63,41.72,14.52,0.41,1.294,-0.451,-0.817,0,0.0,0,0.0,0,0.467,4.03,0.1284,1,Moderado / Regular,-1.1623933829386461,-1.3367246861467579
455,1001,20,57.0,53,40.46,65.97,19.39,0.433,1.743,-0.103,-0.103,0,0.0,0,0.0,0,0.094,9.18,0.141,1,Moderado / Regular,-0.6455283594056141,0.13153749810602347
455,1006,0,120.0,114,31.15,64.83,23.4,0.474,2.106,-0.632,-1.977,0,0.0,1,0.5,0,0.202,5.64,0.1849,1,Moderado / Regular,0.5326843723847448,-0.0642471236153266
455,1006,1,120.0,98,0.0,0.0,0.0,0.0,0.0,0.0,0.0,0,0.0,0,0.0,0,1.0,2.77,0.0915,0,Econômico / Suave,-4.181031131438371,-2.00365689244464
455,1006,2,118.0,86,0.0,0.0,0.0,0.0,0.0,0.0,0.0,0,0.0,0,0.0,0,1.0,2.08,0.0677,0,Econômico / Suave,-4.181031131438371,-2.00365689244464
455,1006,3,121.0,83,0.0,0.0,0.0,0.0,0.0,0.0,0.0,0,0.0,0,0.0,0,1.0,1.55,0.0525,0,Econômico / Suave,-4.181031131438371,-2.00365689244464
455,1006,4,121.0,83,0.0,0.0,0.0,0.0,0.0,0.0,0.0,0,0.0,0,0.0,0,1.0,1.36,0.0443,0,Econômico / Suave,-4.181031131438371,-2.00365689244464
455,1006,5,119.0,77,0.0,0.0,0.0,0.0,0.0,0.0,0.0,0,0.0,0,0.0,0,1.0,1.37,0.0444,0,Econômico / Suave,-4.181031131438371,-2.00365689244464
455,1006,6,121.0,96,8.98,32.83,11.04,0.442,1.202,-0.69,-1.689,0,0.0,0,0.0,0,0.542,3.53,0.1041,1,Moderado / Regular,-1.309254085833253,-1.7321742017749624
455,1006,7,120.0,113,27.04,59.55,23.09,0.602,1.664,-0.845,-2.125,1,0.5,0,0.0,0,0.31,5.25,0.1701,1,Moderado / Regular,0.17169300128379655,-0.22188361339343896
455,1006,8,120.0,112,44.66,60.51,16.07,0.485,1.996,-0.446,-1.391,0,0.0,0,0.0,0,0.045,4.53,0.1503,1,Moderado / Regular,-0.44147191389638046,0.033471268576488265
455,1006,9,120.0,119,36.76,60.43,13.25,0.398,0.96,-0.475,-1.351,0,0.0,0,0.0,0,0.0,4.94,0.1648,0,Econômico / Suave,-1.8179941712746435,-0.22977575953378887
455,1009,0,120.0,106,28.67,63.05,26.86,0.229,0.468,-0.984,-1.892,0,0.0,0,0.0,0,0.434,5.29,0.1677,0,Econômico / Suave,-2.049976981720312,0.4593100270930794
455,1009,1,120.0,117,58.11,70.82,15.25,0.61,2.065,-0.326,-0.977,0,0.0,2,1.0,0,0.034,11.12,0.3679,2,Agressivo / Dinâmico,0.6321805223733289,0.6598964147726736
455,1009,2,120.0,111,25.76,62.88,23.13,0.773,1.774,-0.829,-1.616,0,0.0,0,0.0,0,0.369,5.66,0.1782,1,Moderado / Regular,0.5935863595556025,-0.8033393036574126
455,1009,3,72.0,72,53.88,72.53,17.22,0.468,1.476,-1.012,-3.11,5,4.17,0,0.0,0,0.0,3.7,0.0741,2,Agressivo / Dinâmico,0.2535483562014635,2.9326908471924242
455,1026,0,76.0,75,58.12,69.77,8.02,0.306,0.736,-0.679,-1.844,0,0.0,0,0.0,0,0.0,13.46,0.2806,0,Econômico / Suave,-2.7357253673971855,0.6194744887629381
455,1034,0,120.0,105,16.08,43.91,17.49,0.405,1.456,-0.4,-0.947,0,0.0,0,0.0,0,0.4,4.68,0.1584,1,Moderado / Regular,-0.8940678586668173,-1.0255166432432499
455,1034,1,120.0,108,6.12,31.04,10.19,0.457,0.827,-0.486,-0.853,0,0.0,0,0.0,0,0.667,4.4,0.1458,1,Moderado / Regular,-1.676739006668166,-1.8809357760549537
455,1034,2,120.0,119,41.43,50.62,9.66,0.375,1.0,-0.271,-0.679,0,0.0,0,0.0,0,0.008,9.3,0.3089,0,Econômico / Suave,-2.0511637388463373,-0.19018582289762626
455,1034,3,120.0,112,25.7,45.75,16.18,0.444,1.169,-0.602,-1.205,0,0.0,0,0.0,0,0.214,8.08,0.2584,1,Moderado / Regular,-1.239326813663261,-0.6676231273172688
455,1034,4,119.0,108,28.89,46.39,15.76,0.209,0.47,-0.521,-1.806,0,0.0,0,0.0,0,0.204,4.65,0.1482,0,Econômico / Suave,-2.6370191304451374,-0.12852789189525096
455,1034,5,121.0,112,26.21,45.0,18.38,0.429,1.622,-0.456,-1.233,0,0.0,0,0.0,0,0.277,2.99,0.1,1,Moderado / Regular,-0.7045574476066437,-0.562317984711401
455,1034,6,120.0,118,23.64,38.14,9.92,0.384,0.809,-0.304,-0.651,0,0.0,0,0.0,0,0.059,9.64,0.3175,0,Econômico / Suave,-2.0564358423486477,-0.9842649345942477
455,1034,7,120.0,109,10.77,34.47,13.1,0.318,0.794,-0.511,-1.435,0,0.0,0,0.0,0,0.532,5.43,0.1741,0,Econômico / Suave,-1.9787356804893148,-1.308932877605044
455,1034,8,120.0,110,19.71,43.1,14.53,0.348,0.834,-0.505,-1.557,0,0.0,0,0.0,0,0.255,4.22,0.1392,0,Econômico / Suave,-1.868384885925275,-0.8611375940910978
455,1034,9,120.0,117,46.42,59.0,11.05,0.363,1.223,-0.163,-0.273,0,0.0,0,0.0,0,0.009,12.71,0.4233,0,Econômico / Suave,-1.827352274520549,0.10438971430320884
455,1034,10,120.0,119,48.41,58.45,7.5,0.3,0.98,-0.44,-1.048,0,0.0,0,0.0,0,0.0,8.51,0.2821,0,Econômico / Suave,-2.4356848858758267,0.1155650803278234
455,1034,11,120.0,118,43.64,59.5,14.46,0.451,1.314,-0.629,-1.457,0,0.0,0,0.0,0,0.0,8.5,0.2841,0,Econômico / Suave,-1.3115304790498483,0.03584441474741714
455,1034,12,120.0,120,54.4,60.65,5.47,0.159,0.259,-0.22,-0.469,0,0.0,0,0.0,0,0.0,6.13,0.2045,0,Econômico / Suave,-3.71093555446874,0.5690580927335924
455,1034,13,120.0,97,5.08,32.86,8.03,0.359,0.589,-0.47,-0.856,0,0.0,0,0.0,0,0.588,1.82,0.0643,0,Econômico / Suave,-2.2782919162934245,-1.8848709731397773
455,1034,14,119.0,98,3.57,25.44,7.07,0.444,0.756,-0.559,-1.069,0,0.0,0,0.0,0,0.755,2.74,0.0875,1,Moderado / Regular,-1.912722167929687,-2.1470936146969755
455,1034,15,121.0,110,21.95,58.74,23.59,0.582,1.528,-0.902,-1.65,0,0.0,0,0.0,0,0.445,6.28,0.1985,1,Moderado / Regular,-0.11072580317699586,-0.6606460895025187
455,1034,16,97.0,86,29.7,62.42,25.96,0.597,1.302,-0.969,-1.926,0,0.0,0,0.0,0,0.337,7.2,0.181,1,Moderado / Regular,-0.2617812915897697,-0.15794020615057164
455,1035,0,120.0,119,66.3,70.18,2.55,0.182,0.35,-0.187,-0.295,0,0.0,0,0.0,0,0.0,10.86,0.3617,0,Econômico / Suave,-3.8015141097595104,0.9113445762889324
455,1035,1,120.0,119,42.92,65.61,22.06,0.397,1.439,-0.504,-1.538,0,0.0,0,0.0,0,0.0,5.74,0.1903,0,Econômico / Suave,-0.951052638617506,0.4863908332959667
455,1035,2,120.0,120,54.11,69.53,17.94,0.455,1.351,-0.803,-1.804,0,0.0,0,0.0,0,0.017,13.42,0.4473,0,Econômico / Suave,-1.1877174867336768,0.7054943705999482
455,1035,3,120.0,120,58.99,73.34,11.03,0.275,0.629,-0.373,-1.044,0,0.0,0,0.0,0,0.0,7.79,0.2598,0,Econômico / Suave,-2.7919320872408386,0.8859711620473553
455,1035,4,120.0,120,53.21,67.41,12.2,0.38,1.362,-0.476,-1.164,0,0.0,0,0.0,0,0.0,9.97,0.3322,0,Econômico / Suave,-1.642319922019345,0.4409576490017011
455,1035,5,120.0,110,35.95,68.04,27.17,0.576,1.817,-1.158,-3.524,7,3.5,0,0.0,0,0.291,6.94,0.2207,2,Agressivo / Dinâmico,1.3220811199997544,2.0982866089050143
455,1049,0,119.0,109,37.58,59.16,18.96,0.441,1.663,-0.591,-1.53,0,0.0,0,0.0,0,0.119,8.74,0.2808,1,Moderado / Regular,-0.7031017470334723,-0.025697502465576977
455,1049,1,114.0,78,8.78,28.96,11.17,0.489,0.981,-0.445,-1.093,0,0.0,0,0.0,0,0.5,5.7,0.1684,1,Moderado / Regular,-1.4080419785558531,-1.767381621231664
455,1049,2,121.0,107,37.46,57.36,21.16,0.602,1.917,-0.848,-2.869,3,1.49,0,0.0,0,0.159,8.15,0.2512,1,Moderado / Regular,0.5612100735516574,0.6657222016033834
455,1049,3,116.0,105,29.59,53.83,14.33,0.422,1.451,-0.522,-1.561,0,0.0,0,0.0,0,0.067,2.61,0.0774,1,Moderado / Regular,-1.1265243393151723,-0.6008928074291748
455,1049,4,110.0,87,28.14,56.99,21.29,0.809,2.056,-0.971,-2.093,2,1.09,1,0.55,0,0.276,7.8,0.1905,2,Agressivo / Dinâmico,1.6723861726076585,-0.1536497192400661
455,1049,5,114.0,101,40.56,60.61,18.77,0.275,0.619,-0.582,-1.297,0,0.0,0,0.0,0,0.129,3.75,0.1183,0,Econômico / Suave,-2.2661364965396533,0.470616476717382
455,1049,6,122.0,101,19.79,39.85,13.4,0.692,1.409,-0.699,-1.755,0,0.0,0,0.0,0,0.188,11.11,0.3386,1,Moderado / Regular,-0.41647604838010527,-1.4669976892013996
455,1049,7,120.0,110,19.4,37.98,13.67,0.596,1.35,-0.463,-1.645,0,0.0,0,0.0,0,0.273,8.06,0.2583,1,Moderado / Regular,-0.7146568137009558,-1.3314740744268323
455,1049,8,119.0,108,33.15,52.35,18.22,0.506,1.876,-0.677,-1.633,0,0.0,0,0.0,0,0.157,5.54,0.1799,1,Moderado / Regular,-0.3057227454927671,-0.38980991952806554
455,1049,9,121.0,106,30.48,56.47,22.81,0.516,1.784,-0.481,-1.283,0,0.0,0,0.0,0,0.274,9.75,0.3059,1,Moderado / Regular,-0.13070495935061346,-0.2557915852647779
455,1049,10,56.0,47,28.61,40.07,12.4,0.614,1.713,-0.511,-1.437,0,0.0,0,0.0,0,0.085,5.28,0.0804,1,Moderado / Regular,-0.43114371060496953,-1.0514566061540678
455,1064,0,120.0,116,33.27,56.06,18.1,0.582,1.498,-0.884,-2.157,2,1.0,0,0.0,0,0.112,5.01,0.1636,1,Moderado / Regular,-0.19290399953436052,0.11275962487129582
455,1064,1,118.0,109,30.02,54.92,18.36,0.555,2.128,-0.772,-2.313,3,1.53,1,0.51,0,0.083,4.71,0.1468,2,Agressivo / Dinâmico,1.0251556381428089,0.3378894182954538
455,1064,2,57.0,46,13.25,37.94,15.97,0.565,1.569,-0.191,-0.311,0,0.0,0,0.0,0,0.478,7.53,0.1006,1,Moderado / Regular,-0.40242520390260705,-1.4746095915905195
455,1067,0,120.0,102,12.56,64.07,23.19,0.118,0.127,-0.731,-2.456,2,1.0,0,0.0,0,0.745,2.75,0.092,0,Econômico / Suave,-2.4183483818668003,0.2599045232591349
455,1067,1,120.0,100,28.76,66.89,24.35,0.96,2.106,-1.083,-2.658,4,2.0,2,1.0,0,0.28,8.89,0.2638,2,Agressivo / Dinâmico,2.9240687160937897,0.44366752913445245
455,1067,2,86.0,81,35.45,65.69,23.83,0.59,1.583,-1.04,-2.151,2,1.4,0,0.0,0,0.173,6.01,0.1372,1,Moderado / Regular,0.2990445983118612,0.7354774669098704
455,1070,0,120.0,104,41.76,70.91,26.79,0.703,2.697,-0.657,-2.039,1,0.5,3,1.5,0,0.24,4.67,0.1409,2,Agressivo / Dinâmico,2.8102947795627724,0.7321106463895731
455,1073,0,119.0,113,28.35,41.64,11.61,0.415,0.792,-0.509,-1.72,0,0.0,0,0.0,0,0.062,6.61,0.209,0,Econômico / Suave,-1.9528955257017295,-0.7109804271626871
455,1073,1,103.0,80,25.16,46.09,14.71,0.519,1.762,-0.466,-1.111,0,0.0,0,0.0,0,0.138,3.0,0.0711,1,Moderado / Regular,-0.48856178050444665,-0.9588805228555594
455,1073,2,120.0,115,42.11,64.99,17.45,0.421,1.602,-0.757,-1.808,0,0.0,0,0.0,0,0.026,9.78,0.3153,1,Moderado / Regular,-0.9324083209303766,0.13437014227194685
455,1073,3,120.0,120,52.86,65.21,10.21,0.347,1.408,-0.676,-1.839,0,0.0,0,0.0,0,0.0,7.78,0.2595,0,Econômico / Suave,-1.7739957341636634,0.3511634926153129
455,1073,4,120.0,120,50.91,65.82,13.83,0.49,1.773,-0.638,-1.649,0,0.0,0,0.0,0,0.0,6.19,0.2062,0,Econômico / Suave,-0.8244120564043996,0.220430902222146
455,1073,5,120.0,120,55.85,64.93,11.8,0.179,0.319,-0.426,-1.444,0,0.0,0,0.0,0,0.008,3.53,0.1177,0,Econômico / Suave,-3.3036624436586393,0.957063707527611
455,1073,6,113.0,88,27.04,54.09,18.66,0.591,1.844,-0.74,-1.889,0,0.0,0,0.0,0,0.205,5.84,0.144,1,Moderado / Regular,-0.03966516479861902,-0.7585397554518681
455,1073,7,119.0,104,35.31,67.69,24.79,0.514,1.364,-0.652,-2.207,1,0.5,0,0.0,0,0.231,1.63,0.0504,1,Moderado / Regular,-0.3649902559220808,0.4170843161319051
455,1075,0,119.0,109,24.12,69.52,25.47,0.523,1.281,-0.754,-1.664,0,0.0,0,0.0,0,0.312,2.56,0.0853,1,Moderado / Regular,-0.4528363259823028,-0.34034070313123443
455,1075,1,121.0,100,7.89,29.36,10.81,0.466,1.541,-0.529,-0.883,0,0.0,0,0.0,0,0.59,2.52,0.0779,1,Moderado / Regular,-0.8934965336427878,-1.8748509372514204
455,1075,2,120.0,115,46.46,67.88,19.8,0.463,1.73,-0.53,-1.356,0,0.0,0,0.0,0,0.052,6.27,0.2114,1,Moderado / Regular,-0.6135277005879186,0.39323702663699944
455,1075,3,43.0,38,17.03,25.32,7.74,0.609,1.515,-0.484,-1.263,0,0.0,0,0.0,0,0.105,3.73,0.0422,1,Moderado / Regular,-0.7726328438125316,-1.81531311803739
455,1076,0,120.0,118,42.85,59.64,11.94,0.405,1.093,-0.667,-2.003,1,0.5,0,0.0,0,0.0,7.43,0.2512,0,Econômico / Suave,-1.620849953609746,0.2276902451180422
455,1076,1,119.0,101,33.03,58.25,21.73,0.707,1.507,-0.969,-2.671,4,2.02,0,0.0,0,0.218,6.48,0.1845,1,Moderado / Regular,0.6431150566575564,0.7010307887782605
455,1076,2,60.0,59,39.09,55.01,8.93,0.55,1.174,-0.659,-2.094,1,1.0,0,0.0,0,0.0,1.6,0.0285,0,Econômico / Suave,-1.1086714654823802,-0.04616874778826266
455,1083,0,119.0,99,34.33,64.95,24.22,0.66,1.604,-0.736,-1.519,0,0.0,0,0.0,0,0.222,7.73,0.218,1,Moderado / Regular,0.0946836455986534,-0.1688521671140156
455,1083,1,120.0,119,59.2,69.05,9.5,0.324,1.25,-0.544,-2.138,1,0.5,0,0.0,0,0.0,7.45,0.2506,0,Econômico / Suave,-1.9330455359073837,0.9348009281609014
455,1083,2,116.0,83,16.66,53.38,20.04,0.686,1.424,-0.504,-0.919,0,0.0,0,0.0,0,0.494,5.28,0.1268,1,Moderado / Regular,-0.06914275495272774,-1.231906043771835
455,1083,3,50.0,41,23.33,51.21,19.81,0.984,1.531,-0.729,-1.557,0,0.0,0,0.0,0,0.293,-1.07,-0.0105,1,Moderado / Regular,0.7577995371835836,-1.3553420944860812
455,1100,0,120.0,101,20.95,70.66,30.19,0.153,0.196,-0.891,-2.66,3,1.5,0,0.0,0,0.653,3.36,0.1086,0,Econômico / Suave,-1.8344998150270293,1.2624050943518514
455,1100,1,87.0,82,26.07,62.53,23.41,0.733,1.283,-0.689,-1.749,0,0.0,0,0.0,0,0.366,7.52,0.1754,1,Moderado / Regular,-0.013695640156206597,-0.6512568943180087
455,1108,0,106.0,82,34.14,70.62,29.45,0.99,1.258,-0.642,-1.877,0,0.0,0,0.0,0,0.317,1.7,0.0415,1,Moderado / Regular,0.8568457570098501,-0.2831487989825759
455,1108,1,120.0,119,41.39,61.79,14.46,0.477,1.311,-0.376,-1.421,0,0.0,0,0.0,0,0.0,3.96,0.1326,0,Econômico / Suave,-1.2261602573381873,-0.1030816852499225
455,1108,2,60.0,58,49.27,55.08,4.58,0.2,0.524,-0.242,-0.443,0,0.0,0,0.0,0,0.0,7.7,0.1299,0,Econômico / Suave,-3.3235442160004247,0.18950834450194545
455,1110,0,116.0,95,47.19,73.57,28.3,0.626,1.897,-0.729,-1.671,0,0.0,0,0.0,0,0.189,6.7,0.1774,1,Moderado / Regular,0.3932597002952713,0.661359417566774
455,1110,1,118.0,101,50.09,74.53,23.97,0.567,1.708,-0.606,-2.078,1,0.51,0,0.0,0,0.119,7.66,0.2215,1,Moderado / Regular,-0.033679028415307274,0.9407563773353207
455,1110,2,113.0,88,41.55,79.68,32.7,0.579,1.972,-1.047,-2.524,2,1.06,0,0.0,0,0.273,8.57,0.2123,1,Moderado / Regular,0.9423536644756317,1.2896151804501201
455,1110,3,120.0,107,55.45,78.58,23.83,0.304,0.765,-0.483,-1.782,0,0.0,0,0.0,0,0.103,2.71,0.0856,0,Econômico / Suave,-1.925784949827333,1.3847056751361222
455,1110,4,120.0,119,64.76,78.35,19.19,0.619,2.024,-0.562,-1.825,0,0.0,1,0.5,0,0.017,11.43,0.378,1,Moderado / Regular,0.3283082207349356,1.0679499747660937
455,1110,5,120.0,111,39.89,76.68,24.82,0.716,1.66,-0.764,-2.05,1,0.5,0,0.0,0,0.126,7.56,0.2409,1,Moderado / Regular,0.43727408201960233,0.31577272393613365
455,1111,0,113.0,95,49.49,80.2,29.27,0.689,2.432,-0.571,-1.619,0,0.0,3,1.59,0,0.2,6.87,0.1847,2,Agressivo / Dinâmico,2.4653747771820056,1.0280948723033407
455,1111,1,120.0,103,58.37,89.5,34.45,0.381,2.271,-0.824,-1.649,0,0.0,2,1.0,0,0.175,4.15,0.1255,2,Agressivo / Dinâmico,1.1657658490451923,2.0350050133654225
455,1111,2,120.0,118,72.2,88.73,9.78,0.42,1.646,-0.275,-0.821,0,0.0,0,0.0,0,0.0,13.24,0.4516,0,Econômico / Suave,-1.525452787335634,1.0896488477681867
455,1111,3,120.0,112,48.34,64.53,21.41,0.73,1.616,-0.6,-1.8,0,0.0,0,0.0,0,0.054,6.9,0.2153,1,Moderado / Regular,0.03209368836787392,0.22436146486188535
455,1111,4,120.0,120,62.58,76.55,14.22,0.458,1.719,-0.363,-1.021,0,0.0,0,0.0,0,0.0,9.96,0.3319,0,Econômico / Suave,-1.0499226685273144,0.8330209765758662
455,1113,0,120.0,115,44.49,68.4,23.93,0.706,1.739,-0.724,-1.898,0,0.0,0,0.0,0,0.13,7.26,0.2322,1,Moderado / Regular,0.2527398110720056,0.20373898213497177
455,1113,1,55.0,54,68.81,72.03,1.59,0.111,0.158,-0.126,-0.177,0,0.0,0,0.0,0,0.0,9.46,0.1472,0,Econômico / Suave,-4.257600847644456,1.0961923466013588
455,1117,0,120.0,119,58.03,74.1,12.53,0.362,0.874,-0.389,-1.076,0,0.0,0,0.0,0,0.0,8.53,0.2842,0,Econômico / Suave,-2.2260963679553702,0.7742011496269902
455,1117,1,120.0,115,50.44,71.03,20.47,0.695,2.13,-1.0,-2.681,4,2.0,2,1.0,0,0.035,8.18,0.2704,2,Agressivo / Dinâmico,1.8713804365006388,1.5841883622196113
455,1117,2,45.0,35,20.11,53.05,18.55,1.284,1.84,-0.795,-1.175,0,0.0,0,0.0,0,0.314,0.56,0.0062,1,Moderado / Regular,1.839065427872215,-2.0247826589371933
455,1139,0,118.0,97,30.85,79.59,27.29,0.731,2.032,-0.939,-2.173,3,1.53,2,1.02,0,0.32,2.21,0.0612,2,Agressivo / Dinâmico,2.2352671512626823,0.7705574982945724
455,1139,1,121.0,119,47.49,65.9,14.76,0.591,2.289,-0.599,-1.994,0,0.0,3,1.49,0,0.0,4.64,0.1601,2,Agressivo / Dinâmico,1.2937727211130037,0.24846152533225294
455,1139,2,120.0,114,52.98,69.26,19.18,0.454,1.931,-0.905,-3.571,4,2.0,0,0.0,0,0.035,5.1,0.1707,1,Moderado / Regular,0.11274762822871155,1.7538620530792108
455,1139,3,76.0,72,30.09,69.81,21.42,0.579,1.125,-0.672,-1.881,0,0.0,0,0.0,0,0.069,-0.71,-0.0137,1,Moderado / Regular,-0.7160653897007335,-0.3466481795480078
455,1143,0,81.0,80,55.09,67.57,13.73,0.369,0.85,-0.603,-2.042,1,0.74,0,0.0,0,0.0,1.42,0.0356,0,Econômico / Suave,-1.916512797257577,1.110086994528216
455,1149,0,120.0,110,14.35,48.41,16.27,0.603,0.947,-0.54,-1.81,0,0.0,0,0.0,0,0.427,2.11,0.0704,1,Moderado / Regular,-0.9469086553905047,-1.3726011307999957
455,1149,1,120.0,109,29.26,51.45,19.87,0.613,1.184,-0.535,-1.287,0,0.0,0,0.0,0,0.193,5.93,0.1919,1,Moderado / Regular,-0.6321168490265087,-0.5265540324183504
455,1149,2,120.0,109,26.78,50.71,17.86,0.761,1.759,-0.505,-2.088,1,0.5,0,0.0,0,0.229,4.35,0.1379,1,Moderado / Regular,0.44046666152360486,-0.7571181354818148
455,1149,3,62.0,62,32.04,49.26,12.09,0.538,1.373,-0.526,-1.04,0,0.0,0,0.0,0,0.0,6.07,0.1046,1,Moderado / Regular,-1.0317809447380542,-0.7602688468109422
455,1154,0,120.0,101,31.97,66.69,28.64,0.646,1.373,-0.853,-1.96,0,0.0,0,0.0,0,0.366,6.52,0.1974,1,Moderado / Regular,0.05039460131164071,0.02166253812097315
455,1160,0,120.0,120,32.42,56.83,11.77,0.568,1.498,-0.818,-2.262,2,1.0,0,0.0,0,0.0,3.92,0.1308,1,Moderado / Regular,-0.5270497436729566,-0.26390840493501355
455,1160,1,86.0,72,33.08,58.31,17.01,0.671,1.717,-0.939,-2.109,1,0.7,0,0.0,0,0.097,3.36,0.0755,1,Moderado / Regular,0.12533840819143816,-0.274745019916794
455,1168,0,120.0,116,37.52,64.13,18.87,0.866,2.642,-0.622,-1.646,0,0.0,2,1.0,0,0.095,6.78,0.2215,2,Agressivo / Dinâmico,2.266362237164357,-0.5155283808765669
455,1168,1,108.0,106,47.04,63.02,15.67,0.417,1.277,-0.351,-0.865,0,0.0,0,0.0,0,0.0,7.24,0.2221,0,Econômico / Suave,-1.4116907475342682,0.31244743714227097
455,1175,0,118.0,98,4.22,22.56,6.88,0.355,0.711,-0.51,-1.302,0,0.0,0,0.0,0,0.704,1.64,0.0528,0,Econômico / Suave,-2.2092145096907845,-2.0007882976782447
455,1175,1,121.0,80,0.0,0.0,0.0,0.0,0.0,0.0,0.0,0,0.0,0,0.0,0,1.0,1.4,0.0468,0,Econômico / Suave,-4.181031131438371,-2.00365689244464
455,1175,2,120.0,93,1.22,8.61,2.58,0.451,0.73,-0.34,-0.631,0,0.0,0,0.0,0,0.806,1.7,0.0537,0,Econômico / Suave,-2.116748944138328,-2.514461006034536
455,1175,3,107.0,54,0.48,5.55,1.39,0.424,0.514,-0.383,-0.514,0,0.0,0,0.0,0,0.889,0.91,0.025,0,Econômico / Suave,-2.4641412396333293,-2.549261467425307
455,1175,4,50.0,40,6.24,14.12,4.67,0.265,0.706,-0.409,-0.856,0,0.0,0,0.0,0,0.275,2.06,0.0254,0,Econômico / Suave,-2.576005169508729,-1.9089908225369687
455,1179,0,112.0,101,55.29,79.56,22.04,0.236,0.525,-0.642,-1.987,0,0.0,0,0.0,0,0.079,4.15,0.1169,0,Econômico / Suave,-2.440342049628395,1.4018829217506408
455,1179,1,123.0,101,37.48,65.6,21.59,0.78,2.286,-0.982,-2.493,3,1.46,3,1.46,0,0.119,5.18,0.1498,2,Agressivo / Dinâmico,2.6399516406618626,0.7170122079400794
455,1179,2,116.0,85,40.43,62.91,25.16,0.613,2.16,-0.298,-0.763,0,0.0,2,1.03,0,0.247,8.08,0.1962,2,Agressivo / Dinâmico,1.3982554148279298,0.38972594385859544
455,1179,3,120.0,120,49.29,61.68,14.73,0.479,1.799,-0.585,-2.523,4,2.0,0,0.0,0,0.025,4.23,0.1411,1,Moderado / Regular,-0.1406722684499033,1.3169693734372447
455,1179,4,114.0,73,18.68,59.66,20.72,0.783,1.643,-0.783,-1.874,0,0.0,0,0.0,0,0.356,2.25,0.0563,1,Moderado / Regular,0.4299810612795943,-1.2619810543998269
455,1179,5,120.0,114,39.65,70.66,25.15,0.552,1.869,-0.809,-2.12,2,1.0,0,0.0,0,0.105,2.44,0.0791,1,Moderado / Regular,0.3981543042623065,0.7942585566086139
455,1179,6,120.0,66,0.46,10.64,1.95,0.0,0.0,-0.585,-0.878,0,0.0,0,0.0,0,0.939,0.42,0.0148,0,Econômico / Suave,-4.091221993324811,-1.8726061266608007
455,1179,7,117.0,54,0.0,0.0,0.0,0.0,0.0,0.0,0.0,0,0.0,0,0.0,0,1.0,0.49,0.0162,0,Econômico / Suave,-4.181031131438371,-2.00365689244464
455,1179,8,119.0,61,0.0,0.0,0.0,0.0,0.0,0.0,0.0,0,0.0,0,0.0,0,1.0,0.46,0.0142,0,Econômico / Suave,-4.181031131438371,-2.00365689244464
455,1179,9,119.0,61,0.0,0.0,0.0,0.0,0.0,0.0,0.0,0,0.0,0,0.0,0,1.0,0.46,0.0149,0,Econômico / Suave,-4.181031131438371,-2.00365689244464
455,1179,10,114.0,55,0.0,0.0,0.0,0.0,0.0,0.0,0.0,0,0.0,0,0.0,0,1.0,0.47,0.0142,0,Econômico / Suave,-4.181031131438371,-2.00365689244464
455,1179,11,113.0,48,0.0,0.0,0.0,0.0,0.0,0.0,0.0,0,0.0,0,0.0,0,1.0,0.52,0.0164,0,Econômico / Suave,-4.181031131438371,-2.00365689244464
455,1179,12,123.0,115,30.85,60.28,21.45,0.64,1.939,-0.604,-3.093,3,1.46,0,0.0,0,0.113,3.76,0.1231,1,Moderado / Regular,0.7475482671109975,0.3050877198345284
455,1179,13,60.0,60,33.05,47.75,9.17,0.654,1.407,-0.544,-1.544,0,0.0,0,0.0,0,0.0,5.28,0.0879,1,Moderado / Regular,-0.840078334458572,-1.0399777044849923
455,1184,0,115.0,99,23.0,39.9,10.51,0.639,1.437,-0.528,-1.38,0,0.0,0,0.0,0,0.061,4.15,0.1189,1,Moderado / Regular,-0.6945894452583109,-1.4131812747409216
455,1184,1,115.0,87,21.25,42.9,15.47,0.669,1.715,-0.812,-1.821,0,0.0,0,0.0,0,0.218,0.67,0.0174,1,Moderado / Regular,-0.07094385006386476,-1.293942983606608
455,1184,2,123.0,95,30.75,56.12,22.22,0.674,1.85,-0.839,-2.167,2,0.98,0,0.0,0,0.253,10.2,0.2731,1,Moderado / Regular,0.6315302329195944,0.04369034143185457
455,1197,0,119.0,108,25.86,63.07,23.66,0.478,0.884,-0.659,-2.031,1,0.5,0,0.0,0,0.361,4.74,0.1556,1,Moderado / Regular,-0.9315201441253121,0.031413770640996784
455,1197,1,121.0,108,10.66,46.19,16.92,0.449,1.681,-0.383,-0.592,0,0.0,0,0.0,0,0.63,5.76,0.1869,1,Moderado / Regular,-0.5225449383518866,-1.3990182821832142
455,1197,2,120.0,112,34.97,56.69,14.58,0.47,1.776,-0.623,-1.862,0,0.0,0,0.0,0,0.036,6.01,0.1989,1,Moderado / Regular,-0.6964262557941432,-0.44791322256689203
455,1197,3,120.0,99,18.31,58.4,23.27,0.135,0.154,-0.627,-1.326,0,0.0,0,0.0,0,0.566,3.02,0.0989,0,Econômico / Suave,-2.7064685067737466,-0.05115305359914771
455,1197,4,119.0,106,34.92,50.78,18.86,0.45,1.581,-0.295,-0.605,0,0.0,0,0.0,0,0.189,7.12,0.2248,1,Moderado / Regular,-0.7461901683294461,-0.15526022913266507
455,1197,5,121.0,105,17.51,43.58,16.98,0.666,1.685,-0.694,-1.366,0,0.0,0,0.0,0,0.39,4.17,0.129,1,Moderado / Regular,-0.004273353995381908,-1.3737193780764354
455,1197,6,120.0,102,25.55,48.47,18.53,0.609,2.095,-1.022,-2.404,3,1.5,1,0.5,0,0.255,7.88,0.2366,1,Moderado / Regular,1.163172732149316,0.053068193814908876
455,1197,7,120.0,113,30.16,50.75,17.59,0.572,2.359,-0.7,-1.722,0,0.0,1,0.5,0,0.168,4.31,0.135,1,Moderado / Regular,0.7841606151828864,-0.604942077965918
455,1197,8,120.0,116,35.21,57.98,15.76,0.419,1.126,-0.696,-2.893,3,1.5,0,0.0,0,0.078,6.07,0.198,0,Econômico / Suave,-0.9838235778199809,0.6205494711597828
455,1197,9,120.0,100,17.77,50.15,19.12,0.383,0.819,-0.743,-1.925,0,0.0,0,0.0,0,0.43,4.36,0.1326,0,Econômico / Suave,-1.5535636766288845,-0.7378872168774266
455,1197,10,120.0,103,8.76,28.29,10.88,0.42,1.15,-0.413,-1.315,0,0.0,0,0.0,0,0.553,2.64,0.0834,1,Moderado / Regular,-1.4272811056332448,-1.7143416959733149
455,1197,11,119.0,107,30.44,56.33,19.39,0.466,1.195,-0.589,-1.217,0,0.0,0,0.0,0,0.196,7.52,0.2328,1,Moderado / Regular,-1.0416994715413261,-0.30110558193993486
455,1197,12,120.0,120,60.06,71.13,9.67,0.304,1.418,-0.598,-2.888,2,1.0,0,0.0,0,0.0,10.8,0.3599,0,Econômico / Suave,-1.6528584023146635,1.2654752254440997
455,1197,13,120.0,120,52.29,64.81,12.11,0.52,1.611,-0.587,-2.074,1,0.5,0,0.0,0,0.0,9.62,0.3207,0,Econômico / Suave,-0.8525462477227168,0.4464497712320717
455,1197,14,120.0,119,64.13,70.41,2.59,0.2,0.516,-0.228,-0.572,0,0.0,0,0.0,0,0.0,7.14,0.2392,0,Econômico / Suave,-3.5595891944535163,0.7659134792445047
455,1197,15,104.0,72,13.99,59.62,21.98,1.141,1.663,-0.832,-3.006,3,1.73,0,0.0,0,0.653,0.82,0.0299,1,Moderado / Regular,2.039931486898736,-0.9366798557322062
455,1198,0,58.0,58,48.86,73.33,18.39,0.8,1.341,-0.58,-1.325,0,0.0,0,0.0,0,0.0,3.26,0.0526,1,Moderado / Regular,-0.22050105214299964,0.021377196628670957
455,1204,0,120.0,102,18.35,45.73,15.56,0.757,1.682,-0.742,-1.435,0,0.0,0,0.0,0,0.314,6.29,0.1923,1,Moderado / Regular,0.1566379286269216,-1.537833617307668
455,1204,1,119.0,105,29.18,53.8,18.6,0.483,1.572,-0.85,-2.06,2,1.01,0,0.0,0,0.19,3.86,0.1237,1,Moderado / Regular,-0.3130986477797416,0.08136582537035492
455,1204,2,121.0,103,23.87,55.63,19.76,0.557,1.597,-0.53,-1.628,0,0.0,0,0.0,0,0.301,5.9,0.1788,1,Moderado / Regular,-0.3060437452200691,-0.7630508294985549
455,1204,3,120.0,107,22.59,50.29,17.88,0.359,0.942,-0.503,-1.892,0,0.0,0,0.0,0,0.299,2.42,0.0788,0,Econômico / Suave,-1.5909019801223059,-0.5691585301986949
455,1204,4,119.0,84,0.0,0.0,0.0,0.0,0.0,0.0,0.0,0,0.0,0,0.0,0,1.0,1.47,0.0484,0,Econômico / Suave,-4.181031131438371,-2.00365689244464
455,1204,5,119.0,80,0.0,0.0,0.0,0.0,0.0,0.0,0.0,0,0.0,0,0.0,0,1.0,1.43,0.0468,0,Econômico / Suave,-4.181031131438371,-2.00365689244464
455,1204,6,122.0,113,30.75,57.81,22.09,0.658,1.624,-0.779,-2.944,3,1.48,0,0.0,0,0.186,5.53,0.1786,1,Moderado / Regular,0.5041353534974747,0.3666143148719879
455,1204,7,72.0,72,33.76,51.0,12.13,0.723,1.367,-1.041,-2.21,4,3.33,0,0.0,0,0.0,6.26,0.1251,1,Moderado / Regular,0.481687184733766,0.9186764177250479
455,1212,0,120.0,106,33.37,60.72,23.79,0.617,2.089,-0.739,-2.006,1,0.5,1,0.5,0,0.198,4.19,0.1265,1,Moderado / Regular,1.047922956871017,0.14612072728187692
455,1212,1,117.0,84,42.2,72.7,32.49,0.672,2.122,-0.241,-0.394,0,0.0,1,0.51,0,0.333,11.54,0.2867,2,Agressivo / Dinâmico,1.4192266687625563,0.6900696317242138
455,1212,2,106.0,84,36.0,70.24,27.9,0.744,1.737,-0.534,-1.744,0,0.0,0,0.0,0,0.274,-0.76,-0.0166,1,Moderado / Regular,0.6173157991656176,-0.016736455543141765
455,1212,3,120.0,110,34.35,48.89,14.72,0.352,1.114,-0.393,-1.321,0,0.0,0,0.0,0,0.073,2.7,0.084,0,Econômico / Suave,-1.6863126980909742,-0.2173346000650153
455,1212,4,115.0,77,10.98,30.46,10.9,0.746,1.574,-0.699,-1.494,0,0.0,0,0.0,0,0.403,2.99,0.0764,1,Moderado / Regular,-0.144073968912233,-2.1112367924604465
455,1212,5,120.0,114,37.8,51.56,14.03,0.436,1.597,-0.489,-1.409,0,0.0,0,0.0,0,0.061,5.61,0.1802,1,Moderado / Regular,-1.0245107877129442,-0.2771676855410924
455,1212,6,113.0,93,37.9,67.3,26.12,0.552,1.804,-0.646,-1.477,0,0.0,0,0.0,0,0.247,3.0,0.0848,1,Moderado / Regular,0.07859291716068907,0.2221512287972789
455,1212,7,120.0,118,36.59,64.9,13.5,0.553,1.409,-0.676,-2.019,1,0.5,0,0.0,0,0.008,6.71,0.2316,1,Moderado / Regular,-0.770178256230438,-0.21838593393552808
455,1212,8,115.0,81,17.38,55.13,19.13,0.679,1.663,-0.637,-1.272,0,0.0,0,0.0,0,0.358,4.26,0.1019,1,Moderado / Regular,0.1117020887995397,-1.273299685864392
455,1212,9,39.0,38,53.47,59.2,8.07,0.127,0.164,-0.644,-2.001,1,1.54,0,0.0,0,0.0,-1.03,-0.0087,0,Econômico / Suave,-3.277549390099454,1.5832099077781283
455,1221,0,119.0,95,36.03,67.75,25.46,0.68,1.86,-0.586,-1.982,0,0.0,0,0.0,0,0.232,4.41,0.1202,1,Moderado / Regular,0.45926996459641095,-0.08285494084593406
455,1221,1,121.0,107,30.47,54.42,16.09,0.811,2.373,-0.561,-1.608,0,0.0,1,0.5,0,0.103,3.44,0.1132,1,Moderado / Regular,1.3537886602455333,-1.0011832359848545
455,1221,2,120.0,119,42.61,60.88,14.17,0.526,1.572,-0.674,-1.927,0,0.0,0,0.0,0,0.017,5.69,0.1883,1,Moderado / Regular,-0.8493210274965783,-0.16544520231628446
455,1221,3,119.0,97,44.16,75.29,27.39,0.593,1.669,-0.666,-1.747,0,0.0,0,0.0,0,0.196,12.29,0.3348,1,Moderado / Regular,0.05132910209056048,0.5461949638888512
455,1221,4,101.0,101,68.34,74.57,3.54,0.237,0.408,-0.252,-0.543,0,0.0,0,0.0,0,0.0,9.11,0.2555,0,Econômico / Suave,-3.566425286452723,0.9788253428250521
455,1222,0,116.0,113,47.09,74.34,23.88,0.943,2.352,-0.655,-1.955,0,0.0,4,2.07,0,0.088,8.73,0.2746,2,Agressivo / Dinâmico,3.212027606044596,0.39032607510412365
455,1243,0,120.0,119,69.21,79.38,10.96,0.55,1.812,-0.237,-0.597,0,0.0,0,0.0,0,0.0,13.41,0.4475,0,Econômico / Suave,-0.9261357735403585,0.8185357713991027
455,1243,1,120.0,117,36.57,72.68,26.55,0.239,0.574,-0.523,-1.556,0,0.0,0,0.0,0,0.043,2.15,0.0713,0,Econômico / Suave,-1.9979952132583088,0.7790766336067788
455,1243,2,120.0,114,16.54,57.02,14.81,0.678,1.536,-0.49,-1.329,0,0.0,0,0.0,0,0.079,3.36,0.1094,1,Moderado / Regular,-0.22406545567882669,-1.5364717120542064
455,1243,3,119.0,113,21.29,50.99,16.27,0.43,0.989,-0.492,-1.859,0,0.0,0,0.0,0,0.097,1.42,0.0458,1,Moderado / Regular,-1.4206691144383272,-0.8227171934261321
455,1243,4,110.0,72,8.5,30.12,9.25,0.511,1.636,-0.679,-1.694,0,0.0,0,0.0,0,0.375,1.38,0.043,1,Moderado / Regular,-0.7562316876724438,-2.008601570371845
455,1243,5,104.0,73,6.55,29.2,8.73,0.412,1.193,-0.57,-1.376,0,0.0,0,0.0,0,0.425,2.19,0.0535,1,Moderado / Regular,-1.4873876227909357,-1.9326736636433393
455,1243,6,115.0,74,4.56,24.44,7.59,0.413,1.192,-0.778,-1.445,0,0.0,0,0.0,0,0.635,1.24,0.0358,1,Moderado / Regular,-1.5230256264185524,-2.090112454831657
455,1243,7,91.0,46,5.48,28.03,9.61,0.923,1.495,-0.942,-1.837,0,0.0,0,0.0,0,0.739,2.02,0.0361,1,Moderado / Regular,0.22671221124535545,-2.6674583084176584
455,1243,8,114.0,98,48.58,76.89,21.27,0.632,1.837,-0.872,-2.601,1,0.53,0,0.0,0,0.071,13.5,0.3718,1,Moderado / Regular,0.16200102080321394,0.624047540925497
455,1243,9,120.0,102,32.58,78.96,31.14,0.392,1.237,-0.646,-2.896,2,1.0,0,0.0,0,0.235,0.53,0.0229,1,Moderado / Regular,-0.3322078482141168,1.1086601533528198
455,1243,10,106.0,72,8.2,24.51,7.45,0.514,1.169,-0.207,-0.619,0,0.0,0,0.0,0,0.319,1.69,0.0474,1,Moderado / Regular,-1.3198513188474352,-2.0634665748284586
455,1243,11,119.0,70,2.72,22.0,6.26,0.249,0.342,-0.432,-0.881,0,0.0,0,0.0,0,0.786,1.0,0.0307,0,Econômico / Suave,-2.8903787932914766,-1.9103865184556936
455,1243,12,110.0,72,7.74,47.18,14.76,0.901,1.56,-1.569,-2.75,3,1.64,0,0.0,0,0.722,2.13,0.0514,1,Moderado / Regular,0.9793537012962642,-1.3423664849408674
455,1243,13,111.0,80,28.97,60.48,25.47,0.725,1.376,-0.795,-1.853,0,0.0,0,0.0,0,0.35,4.69,0.1103,1,Moderado / Regular,0.1357551106142484,-0.40312991810886967
455,1243,14,114.0,103,36.49,57.15,17.7,0.74,2.31,-0.633,-1.553,0,0.0,1,0.53,0,0.078,7.89,0.2283,1,Moderado / Regular,1.1498940082284148,-0.5202143334600561
455,1243,15,116.0,99,52.86,69.24,23.22,0.248,0.421,-0.6,-2.9,4,2.07,0,0.0,0,0.131,5.08,0.141,0,Econômico / Suave,-1.7890421202520026,2.502280148587408
455,1243,16,79.0,65,32.88,62.93,21.26,0.745,1.938,-0.737,-1.655,0,0.0,0,0.0,0,0.2,5.66,0.1075,1,Moderado / Regular,0.5377602764006084,-0.5639217857302069
455,1245,0,120.0,120,49.43,63.47,11.89,0.637,1.696,-0.88,-1.914,0,0.0,0,0.0,0,0.0,8.49,0.2829,1,Moderado / Regular,-0.5975888996775082,-0.14602313491440636
455,1245,1,44.0,44,47.45,59.11,12.6,0.435,1.081,-0.79,-2.213,1,1.36,0,0.0,0,0.0,2.03,0.0248,0,Econômico / Suave,-1.2933546528580515,0.9156419872058829
455,1261,0,120.0,111,27.76,52.86,18.89,0.485,1.407,-0.425,-1.749,0,0.0,0,0.0,0,0.207,3.88,0.1268,1,Moderado / Regular,-0.7705919814461242,-0.5082260036656385
455,1261,1,120.0,115,33.65,56.65,19.58,0.666,1.681,-0.599,-1.563,0,0.0,0,0.0,0,0.13,4.62,0.153,1,Moderado / Regular,-0.026496008434733192,-0.48026997697991675
455,1261,2,120.0,103,21.64,45.01,15.82,0.727,1.588,-0.604,-1.488,0,0.0,0,0.0,0,0.243,5.85,0.1735,1,Moderado / Regular,-0.03724906330844861,-1.317362577070513
455,1261,3,120.0,116,39.09,52.75,14.82,0.351,1.573,-0.499,-1.462,0,0.0,0,0.0,0,0.069,3.03,0.0971,0,Econômico / Suave,-1.247029873642255,-0.05441402928585168
455,1261,4,119.0,106,28.84,56.84,16.85,0.529,1.372,-0.693,-1.547,0,0.0,0,0.0,0,0.123,5.31,0.1674,1,Moderado / Regular,-0.7989582763581897,-0.6279721427715962
455,1261,5,120.0,95,21.97,50.88,19.82,0.268,0.644,-0.71,-1.454,0,0.0,0,0.0,0,0.4,4.84,0.1364,0,Econômico / Suave,-2.0429544072362176,-0.32408024056086526
455,1261,6,120.0,106,21.48,51.76,18.35,0.629,1.69,-0.696,-2.235,3,1.5,0,0.0,0,0.292,3.33,0.1049,1,Moderado / Regular,0.40506049203304123,-0.23136655711593926
455,1261,7,120.0,117,54.68,68.29,11.01,0.424,1.433,-0.469,-2.2,1,0.5,0,0.0,0,0.0,11.6,0.3837,0,Econômico / Suave,-1.365592120540429,0.6498478427493756
455,1261,8,120.0,120,54.71,67.09,10.48,0.45,1.801,-0.526,-1.93,0,0.0,0,0.0,0,0.0,9.39,0.3131,0,Econômico / Suave,-1.0956430574228515,0.25800677018220763
455,1261,9,120.0,119,51.59,67.07,20.72,0.481,1.807,-0.513,-2.088,1,0.5,0,0.0,0,0.017,6.86,0.227,1,Moderado / Regular,-0.3299560809997538,0.9246382885147122
455,1261,10,120.0,111,43.14,66.03,25.74,0.403,1.601,-0.473,-1.383,0,0.0,0,0.0,0,0.18,2.53,0.0804,1,Moderado / Regular,-0.5908808867986436,0.6732473062630242
455,1261,11,120.0,115,41.98,68.78,22.15,0.732,1.712,-0.886,-2.415,4,2.0,0,0.0,0,0.13,7.14,0.2272,1,Moderado / Regular,0.8575380578784911,1.065361641751086
455,1261,12,50.0,41,21.5,50.53,21.1,1.038,1.736,-1.004,-2.012,1,1.2,0,0.0,0,0.415,4.07,0.0488,1,Moderado / Regular,1.5692300225047646,-0.8032113957100538
455,1262,0,120.0,120,51.94,76.93,17.43,0.578,1.345,-0.744,-2.586,2,1.0,0,0.0,0,0.0,7.87,0.2624,0,Econômico / Suave,-0.5611190717785932,0.9651244683641574
455,1262,1,48.0,48,51.05,74.08,14.34,0.665,1.46,-0.59,-1.188,0,0.0,0,0.0,0,0.0,5.13,0.0684,1,Moderado / Regular,-0.666563630010108,0.06139662338005183
455,1263,0,120.0,118,68.94,84.83,9.47,0.401,1.5,-0.306,-0.674,0,0.0,0,0.0,0,0.0,6.66,0.223,0,Econômico / Suave,-1.7139462696085812,0.9673217410131868
455,1263,1,120.0,117,67.57,76.56,3.6,0.245,0.422,-0.247,-0.469,0,0.0,0,0.0,0,0.0,7.74,0.2568,0,Econômico / Suave,-3.5210002506552227,0.9338047190705449
455,1263,2,107.0,83,35.71,64.51,25.27,0.796,1.411,-0.946,-2.175,2,1.12,0,0.0,0,0.205,2.26,0.0595,1,Moderado / Regular,0.6416134200836927,0.4175225487563726
455,1263,3,124.0,98,42.51,73.47,26.9,0.753,1.82,-0.691,-2.08,3,1.45,0,0.0,0,0.214,8.85,0.2468,1,Moderado / Regular,1.076977415642769,1.0087880643153253
455,1263,4,120.0,109,57.23,76.52,24.59,0.789,2.273,-0.739,-2.996,5,2.5,2,1.0,0,0.083,5.67,0.174,2,Agressivo / Dinâmico,2.563529651923626,2.2603145153083264
455,1292,0,104.0,65,29.33,63.96,27.14,0.208,0.32,-0.688,-1.67,0,0.0,0,0.0,0,0.4,0.95,0.0284,0,Econômico / Suave,-2.2522103291568887,0.5544994023094029
455,1292,1,118.0,95,39.23,61.42,21.65,0.728,2.169,-0.934,-3.502,4,2.03,3,1.53,0,0.158,9.05,0.2477,2,Agressivo / Dinâmico,2.6052147408468183,1.220277078418974
455,1292,2,119.0,99,25.29,61.52,20.21,0.737,1.794,-0.56,-1.435,0,0.0,0,0.0,0,0.212,3.03,0.0891,1,Moderado / Regular,0.3831462159256342,-0.9433821299418602
455,1292,3,120.0,115,30.5,49.92,13.3,0.509,1.83,-0.631,-1.494,0,0.0,0,0.0,0,0.052,4.05,0.1459,1,Moderado / Regular,-0.559213987348336,-0.7870754337534622
455,1292,4,103.0,77,31.42,54.93,20.51,0.668,2.156,-0.567,-1.304,0,0.0,1,0.58,0,0.234,2.19,0.0533,1,Moderado / Regular,1.0211824767709443,-0.46614514777751176
455,1304,0,120.0,102,24.35,50.99,20.72,0.582,1.749,-0.902,-2.412,3,1.5,0,0.0,0,0.353,5.44,0.1576,1,Moderado / Regular,0.4314083774159578,0.09041760639837562
455,1304,1,120.0,120,39.21,52.67,10.03,0.395,1.637,-0.421,-1.618,0,0.0,0,0.0,0,0.0,4.68,0.1561,0,Econômico / Suave,-1.2959373585746599,-0.38702773923205586
455,1304,2,120.0,100,25.4,60.06,24.2,0.56,1.564,-0.864,-2.722,4,2.0,0,0.0,0,0.39,1.72,0.0593,1,Moderado / Regular,0.4955007469148683,0.6676148900230109
455,1304,3,120.0,106,28.77,47.61,16.08,0.383,0.931,-0.544,-1.686,0,0.0,0,0.0,0,0.189,8.14,0.2498,0,Econômico / Suave,-1.6806367579613382,-0.4156808071567549
455,1304,4,120.0,95,19.67,46.22,16.79,0.485,1.047,-0.609,-1.751,0,0.0,0,0.0,0,0.316,3.83,0.1127,1,Moderado / Regular,-1.1757296289830481,-0.9509827770988031
455,1304,5,120.0,116,39.61,62.45,17.04,0.412,1.325,-0.606,-2.236,2,1.0,0,0.0,0,0.069,9.08,0.2984,0,Econômico / Suave,-0.9289178106244176,0.6008034871464788
455,1304,6,120.0,114,51.98,69.24,10.94,0.436,1.297,-0.646,-2.387,2,1.0,0,0.0,0,0.0,9.04,0.3135,0,Econômico / Suave,-1.298375809712638,0.800869311047086
455,1304,7,120.0,114,54.88,71.91,13.08,0.551,2.004,-0.711,-2.334,3,1.5,1,0.5,0,0.0,9.09,0.2796,2,Agressivo / Dinâmico,0.3925843715917955,1.1941089742086335
455,1304,8,120.0,115,58.57,71.82,17.3,0.349,1.156,-0.565,-2.424,2,1.0,0,0.0,0,0.0,5.2,0.168,0,Econômico / Suave,-1.427150670097335,1.6011768705171383
455,1304,9,87.0,79,40.25,73.21,23.04,0.563,1.509,-0.971,-1.628,0,0.0,0,0.0,0,0.139,8.8,0.1954,1,Moderado / Regular,-0.36953016752927914,0.1832261694783696
455,1306,0,120.0,120,43.86,67.75,14.84,0.497,1.426,-0.564,-1.276,0,0.0,0,0.0,0,0.0,10.46,0.3488,0,Econômico / Suave,-1.0570116667589449,-0.010435134606341129
455,1306,1,120.0,104,29.13,67.6,28.09,0.618,2.197,-0.529,-1.292,0,0.0,2,1.0,0,0.413,4.32,0.1347,2,Agressivo / Dinâmico,1.6664921843093348,0.013231081084105863
455,1306,2,120.0,110,33.72,65.31,23.79,0.651,1.404,-0.528,-1.377,0,0.0,0,0.0,0,0.236,5.85,0.1858,1,Moderado / Regular,-0.15311888283990216,-0.18147996525753576
455,1306,3,119.0,112,29.93,57.12,17.17,0.539,1.922,-0.552,-1.508,0,0.0,0,0.0,0,0.125,6.9,0.2165,1,Moderado / Regular,-0.19269644403649253,-0.6489649974707498
455,1306,4,121.0,106,23.88,83.77,30.47,0.744,2.82,-1.746,-3.185,5,2.48,3,1.49,0,0.575,9.78,0.3006,2,Agressivo / Dinâmico,3.995932817660763,1.1357573101486884
455,1306,5,70.0,69,68.85,87.58,17.92,0.517,1.219,-0.621,-1.246,0,0.0,0,0.0,0,0.0,6.76,0.1279,0,Econômico / Suave,-1.2938639729479948,1.3202477451879542
455,1310,0,120.0,118,40.48,57.99,12.8,0.518,1.479,-0.672,-1.975,0,0.0,0,0.0,0,0.0,6.91,0.2302,1,Moderado / Regular,-1.0145570083129802,-0.3174095483143155
455,1310,1,120.0,118,45.22,60.09,15.18,0.357,1.199,-0.579,-1.91,0,0.0,0,0.0,0,0.0,9.76,0.3273,0,Econômico / Suave,-1.6587157503477263,0.2928307242790732
455,1310,2,120.0,120,45.99,62.37,11.04,0.366,1.301,-0.563,-1.8,0,0.0,0,0.0,0,0.0,6.36,0.212,0,Econômico / Suave,-1.7346824511888954,0.06911011683435511
455,1310,3,120.0,120,25.45,46.16,8.38,0.637,1.327,-0.781,-2.262,2,1.0,0,0.0,0,0.0,2.28,0.0759,1,Moderado / Regular,-0.6250552894845058,-0.8471482474553202
455,1310,4,120.0,120,27.12,37.83,8.88,0.562,1.741,-0.706,-1.661,0,0.0,0,0.0,0,0.0,3.31,0.1103,1,Moderado / Regular,-0.6952448773629665,-1.2518538509718193
455,1310,5,120.0,120,30.51,49.81,10.48,0.593,1.442,-0.819,-2.415,2,1.0,0,0.0,0,0.0,8.89,0.2964,1,Moderado / Regular,-0.5647745159646796,-0.4510616179977359
455,1310,6,120.0,117,30.25,55.89,16.05,0.579,2.153,-0.613,-1.981,0,0.0,1,0.5,0,0.111,5.54,0.1853,1,Moderado / Regular,0.5126112854286243,-0.6685559127081332
455,1320,0,119.0,98,45.25,65.49,21.45,0.551,1.931,-0.635,-2.293,2,1.01,0,0.0,0,0.133,4.05,0.1253,1,Moderado / Regular,0.23553161757652546,0.8433415748134865
455,1320,1,69.0,69,46.39,65.24,14.82,0.642,1.355,-0.865,-2.612,3,2.61,0,0.0,0,0.0,3.94,0.0755,1,Moderado / Regular,0.04704828053105366,1.366414828618173
455,1323,0,120.0,110,43.53,71.3,19.75,0.649,1.683,-0.853,-2.628,4,2.0,0,0.0,0,0.082,5.07,0.1561,1,Moderado / Regular,0.47916698169004696,1.1185385819227434
455,1323,1,56.0,56,51.76,65.03,16.7,0.8,1.863,-0.716,-1.546,0,0.0,0,0.0,0,0.0,5.4,0.0839,1,Moderado / Regular,0.2173277080062801,-0.011621516235047952
455,1338,0,120.0,114,26.85,66.94,22.84,0.765,2.05,-0.589,-2.054,1,0.5,1,0.5,0,0.132,1.03,0.0358,1,Moderado / Regular,1.4094475984774457,-0.4043173170491024
455,1338,1,120.0,119,52.84,69.65,13.03,0.493,1.906,-0.323,-0.995,0,0.0,0,0.0,0,0.0,8.48,0.2805,1,Moderado / Regular,-0.7333074805236963,0.24225124046365132
455,1338,2,120.0,105,34.72,63.92,24.03,0.555,1.493,-0.785,-2.031,2,1.0,0,0.0,0,0.229,0.64,0.0196,1,Moderado / Regular,0.003364232700559676,0.5509687605008117
455,1338,3,116.0,93,45.21,69.16,26.29,0.635,1.554,-0.707,-1.811,0,0.0,0,0.0,0,0.172,2.68,0.0734,1,Moderado / Regular,-0.020297672783886427,0.4917249438402473
455,1338,4,51.0,30,3.76,27.07,7.85,1.047,1.631,-1.104,-1.646,0,0.0,0,0.0,0,0.733,2.13,0.0208,1,Moderado / Regular,0.6260652757408999,-3.0330581882230034
455,1339,0,120.0,118,24.83,61.51,17.19,0.712,1.705,-0.754,-2.638,2,1.0,0,0.0,0,0.076,2.81,0.0931,1,Moderado / Regular,0.39694863977148015,-0.5337455087206434
455,1339,1,112.0,52,0.0,0.0,0.0,0.0,0.0,-0.543,-0.543,0,0.0,0,0.0,0,1.0,0.55,0.0178,0,Econômico / Suave,-4.181031131438371,-2.00365689244464
455,1339,2,113.0,61,3.07,16.31,5.14,0.564,0.831,-0.371,-0.496,0,0.0,0,0.0,0,0.705,0.91,0.0218,1,Moderado / Regular,-1.6066056592010869,-2.451994790026129
455,1339,3,120.0,116,42.17,84.87,28.76,0.833,2.191,-0.568,-1.985,0,0.0,3,1.5,0,0.026,8.74,0.2847,2,Agressivo / Dinâmico,2.5589771918603583,0.4780500962051701
455,1339,4,119.0,103,36.95,77.46,21.53,0.78,1.726,-0.896,-2.293,3,1.51,0,0.0,0,0.126,1.78,0.0577,1,Moderado / Regular,0.8596335465654193,0.4589402934430093
455,1339,5,120.0,90,15.53,50.84,18.66,0.726,1.616,-1.13,-2.496,3,1.5,0,0.0,0,0.4,4.06,0.1046,1,Moderado / Regular,0.6512243657055932,-0.6104994722282596
455,1339,6,120.0,114,49.75,82.89,25.91,0.834,2.055,-0.644,-2.955,3,1.5,1,0.5,0,0.088,9.09,0.285,2,Agressivo / Dinâmico,1.8550786689564507,1.2881578324580003
455,1339,7,120.0,108,31.62,60.6,21.85,0.69,2.506,-0.838,-1.993,0,0.0,2,1.0,0,0.157,3.19,0.0983,2,Agressivo / Dinâmico,1.8563071363124148,-0.3631624989728461
455,1339,8,120.0,100,18.73,49.15,15.11,0.817,1.911,-0.621,-1.387,0,0.0,0,0.0,0,0.27,4.36,0.124,1,Moderado / Regular,0.5288170157628109,-1.6585653158787952
455,1339,9,120.0,113,38.4,68.23,17.32,0.599,2.493,-0.709,-1.902,0,0.0,3,1.5,0,0.062,6.13,0.1944,2,Agressivo / Dinâmico,1.7400664401390362,-0.06456251940434286
455,1339,10,120.0,118,49.62,64.71,14.36,0.392,1.044,-0.492,-2.315,2,1.0,0,0.0,0,0.0,5.72,0.1846,0,Econômico / Suave,-1.4928590386487413,0.9788193802211446
455,1339,11,117.0,96,31.12,74.05,20.68,0.872,2.297,-0.841,-2.21,1,0.51,3,1.54,0,0.156,6.59,0.1704,2,Agressivo / Dinâmico,2.6748014596490086,-0.26333780736310725
455,1339,12,117.0,89,28.85,77.46,34.05,0.291,0.74,-0.92,-2.287,4,2.05,0,0.0,0,0.528,-0.46,-0.0078,0,Econômico / Suave,-0.6144214803708969,1.8879785845095214
455,1339,13,120.0,116,29.92,57.85,18.6,0.605,1.542,-0.572,-2.137,1,0.5,0,0.0,0,0.069,5.84,0.1895,1,Moderado / Regular,-0.1895098871253353,-0.3286781933408029
455,1339,14,118.0,101,21.57,41.05,12.38,0.492,1.282,-0.476,-0.94,0,0.0,0,0.0,0,0.168,3.14,0.0907,1,Moderado / Regular,-1.1411525596304817,-1.153267256934485
455,1339,15,122.0,101,26.91,54.0,16.65,0.608,1.994,-0.529,-1.139,0,0.0,0,0.0,0,0.178,2.81,0.0814,1,Moderado / Regular,0.06611025437250535,-0.9214539009900039
455,1339,16,120.0,100,27.33,68.69,24.73,0.693,1.972,-0.517,-1.988,0,0.0,0,0.0,0,0.27,4.71,0.1405,1,Moderado / Regular,0.6525181842735482,-0.5594379053923804
455,1339,17,110.0,85,37.63,60.92,23.81,0.199,0.396,-0.712,-2.035,2,1.09,0,0.0,0,0.247,0.53,0.0145,0,Econômico / Suave,-2.0883954415221475,1.3573301467512773
455,1339,18,75.0,66,45.38,64.87,21.69,0.803,1.677,-0.41,-0.847,0,0.0,0,0.0,0,0.136,8.28,0.153,1,Moderado / Regular,0.32794785311009916,-0.004225579056783307
455,1340,0,120.0,116,38.05,53.79,15.55,0.601,1.763,-0.687,-2.527,3,1.5,0,0.0,0,0.034,4.26,0.1411,1,Moderado / Regular,0.12559208447791126,0.40534422437141127
455,1340,1,120.0,108,30.29,56.57,18.82,0.82,1.751,-0.69,-2.884,3,1.5,0,0.0,0,0.111,3.28,0.1006,1,Moderado / Regular,0.916649607809714,-0.06492226874095768
455,1340,2,89.0,71,25.91,53.99,19.68,0.645,1.636,-0.598,-1.56,0,0.0,0,0.0,0,0.282,4.55,0.0909,1,Moderado / Regular,-0.05532391895801263,-0.7979495503142731
455,1360,0,120.0,117,32.49,54.4,16.1,0.684,1.941,-0.696,-1.91,0,0.0,0,0.0,0,0.06,2.62,0.0881,1,Moderado / Regular,0.13511003560187812,-0.7901062537318667
455,1363,0,108.0,96,22.63,53.51,15.26,0.46,1.468,-0.723,-2.339,3,1.67,0,0.0,0,0.104,3.65,0.0985,1,Moderado / Regular,-0.3777850259370525,0.0020503223717223684
455,1363,1,117.0,97,26.42,49.49,14.59,0.625,1.608,-0.608,-1.954,0,0.0,0,0.0,0,0.134,4.44,0.1206,1,Moderado / Regular,-0.3868797167076928,-1.029906701265681
455,1363,2,119.0,100,23.38,42.14,14.55,0.454,1.08,-0.453,-1.431,0,0.0,0,0.0,0,0.16,0.55,0.0184,1,Moderado / Regular,-1.363772911774016,-0.867981171398936
455,1363,3,120.0,120,41.68,54.64,9.58,0.341,1.062,-0.411,-1.169,0,0.0,0,0.0,0,0.0,4.01,0.1335,0,Econômico / Suave,-2.08213169635584,-0.14555576553199018
455,1363,4,105.0,69,9.88,36.18,12.85,0.588,1.324,-0.653,-1.266,0,0.0,0,0.0,0,0.493,0.37,0.0103,1,Moderado / Regular,-0.7178834672517441,-1.8035310880063886
455,1363,5,114.0,99,31.04,55.9,20.87,0.341,1.41,-0.607,-1.909,0,0.0,0,0.0,0,0.141,1.96,0.0578,1,Moderado / Regular,-1.0808072620461495,-0.0501269706334008
455,1363,6,78.0,56,8.35,25.36,7.71,0.669,1.61,-0.629,-1.561,0,0.0,0,0.0,0,0.357,1.46,0.0248,1,Moderado / Regular,-0.43971562112269413,-2.3129764239822856
455,1373,0,120.0,117,82.38,94.08,11.9,0.518,1.426,-0.319,-2.237,1,0.5,0,0.0,0,0.0,11.41,0.36,0,Econômico / Suave,-1.3280943648422545,1.8546260591543993
455,1380,0,120.0,118,40.76,63.75,18.09,0.625,2.154,-0.687,-2.14,1,0.5,2,1.0,0,0.068,6.9,0.2252,2,Agressivo / Dinâmico,1.2123188058706202,0.26201778093842615
455,1380,1,120.0,93,31.17,70.58,30.04,0.692,1.737,-0.708,-1.859,0,0.0,0,0.0,0,0.409,8.49,0.2371,1,Moderado / Regular,0.6261512266645606,-0.0491321930879344
455,1380,2,120.0,119,47.28,63.91,15.1,0.416,1.085,-0.477,-1.106,0,0.0,0,0.0,0,0.0,8.15,0.2716,0,Econômico / Suave,-1.6443385760533582,0.3192984146618142
455,1380,3,112.0,97,38.78,59.31,20.94,0.534,1.903,-0.778,-1.556,0,0.0,0,0.0,0,0.144,3.05,0.085,1,Moderado / Regular,-0.12272745484209298,-0.017988006993910594
455,1380,4,81.0,72,28.96,59.62,21.59,0.796,1.697,-0.955,-2.295,2,1.48,0,0.0,0,0.208,5.89,0.1228,1,Moderado / Regular,0.9359126950117577,0.058405673010660235
455,1383,0,120.0,119,86.99,106.07,23.34,0.523,1.401,-0.436,-1.346,0,0.0,0,0.0,0,0.0,21.25,0.7064,0,Econômico / Suave,-0.988065530719729,2.43116153832933
455,1383,1,120.0,118,81.91,109.8,33.78,0.78,2.059,-0.692,-2.005,1,0.5,2,1.0,0,0.042,7.34,0.2436,2,Agressivo / Dinâmico,1.9119906926530907,2.8514535862467447
455,1383,2,111.0,84,4.19,44.6,9.23,0.814,1.613,-1.283,-2.5,3,1.62,0,0.0,0,0.774,0.75,0.0264,1,Moderado / Regular,0.5643157824000369,-1.718262581906967
455,1384,0,120.0,120,57.35,73.32,14.56,0.375,1.164,-0.435,-1.596,0,0.0,0,0.0,0,0.0,9.33,0.3109,0,Econômico / Suave,-1.7853080333723308,0.799393727964241
455,1384,1,120.0,114,46.1,67.31,19.26,0.588,2.627,-0.876,-2.127,1,0.5,1,0.5,0,0.088,9.03,0.2963,2,Agressivo / Dinâmico,1.2020312844614505,0.4450503281198684
455,1384,2,102.0,102,47.76,63.2,12.82,0.662,1.382,-0.751,-2.14,1,0.59,0,0.0,0,0.0,6.15,0.1742,1,Moderado / Regular,-0.614663765283945,0.16577579607108142
455,1402,0,120.0,119,53.75,70.78,16.25,0.432,1.159,-0.569,-1.76,0,0.0,0,0.0,0,0.017,5.29,0.1755,0,Econômico / Suave,-1.5269585082800383,0.6513868003553227
455,1402,1,120.0,115,41.03,62.25,16.36,0.485,1.086,-0.554,-1.489,0,0.0,0,0.0,0,0.043,5.98,0.1953,0,Econômico / Suave,-1.3452808658237507,0.007407263378827987
455,1402,2,120.0,118,28.29,43.05,7.37,0.538,1.303,-0.572,-1.697,0,0.0,0,0.0,0,0.0,5.3,0.1797,1,Moderado / Regular,-1.2988426769545318,-1.1897746473803772
455,1402,3,71.0,69,26.49,42.6,10.26,0.469,0.815,-0.571,-1.394,0,0.0,0,0.0,0,0.0,4.25,0.0821,0,Econômico / Suave,-1.8350395199719307,-0.9494335822942028
455,1405,0,120.0,120,61.05,72.07,9.24,0.231,0.658,-0.549,-2.381,1,0.5,0,0.0,0,0.0,3.92,0.1305,0,Econômico / Suave,-2.8251376714431755,1.213540456655516
455,1405,1,120.0,113,45.97,66.51,21.82,0.375,1.283,-0.637,-1.923,0,0.0,0,0.0,0,0.115,4.7,0.1503,0,Econômico / Suave,-1.2105213794531473,0.6653129828371702
455,1405,2,120.0,98,24.44,59.39,26.26,0.542,1.602,-0.202,-0.33,0,0.0,0,0.0,0,0.49,7.13,0.2022,1,Moderado / Regular,-0.03245008489289784,-0.35111441372250995
455,1405,3,119.0,118,54.12,74.1,22.67,0.27,0.407,-0.614,-2.247,1,0.5,0,0.0,0,0.059,6.74,0.2215,0,Econômico / Suave,-2.2762177110703328,1.6307524384961358
455,1405,4,120.0,85,7.08,42.61,13.17,0.607,1.451,-0.97,-1.716,0,0.0,0,0.0,0,0.682,2.12,0.0606,1,Moderado / Regular,-0.4949635220957608,-1.9583169510408527
455,1405,5,116.0,63,10.55,54.65,17.82,0.657,1.207,-0.251,-0.321,0,0.0,0,0.0,0,0.651,5.13,0.1007,1,Moderado / Regular,-0.42478838708857736,-1.570220339672851
455,1405,6,120.0,115,40.69,62.38,18.05,0.462,1.465,-0.652,-2.166,2,1.0,0,0.0,0,0.052,4.48,0.1419,1,Moderado / Regular,-0.6119228640181217,0.6204795375279863
455,1405,7,119.0,104,41.18,66.32,24.88,0.476,1.369,-0.313,-1.18,0,0.0,0,0.0,0,0.154,6.68,0.1976,1,Moderado / Regular,-0.6646665888890952,0.4671499318862818
455,1405,8,114.0,97,36.09,58.97,21.78,0.615,1.364,-1.1,-2.64,6,3.16,0,0.0,0,0.155,4.14,0.1168,1,Moderado / Regular,0.5844691180478213,1.6223010137339886
455,1406,0,120.0,117,42.4,67.18,21.18,0.567,2.122,-0.608,-2.213,1,0.5,1,0.5,0,0.103,9.61,0.3208,1,Moderado / Regular,0.7447689517337271,0.4801360373347291
455,1406,1,112.0,98,42.91,74.74,23.3,0.612,2.264,-1.081,-4.188,3,1.61,2,1.07,0,0.133,4.85,0.1347,2,Agressivo / Dinâmico,1.9313059027962385,1.2890440130658152
455,1406,2,110.0,100,55.35,74.09,19.61,0.609,2.776,-0.539,-1.032,0,0.0,2,1.09,0,0.06,11.83,0.3401,2,Agressivo / Dinâmico,1.6810002500474308,0.7016329760849228
455,1406,3,118.0,98,55.66,82.51,28.88,0.574,2.317,-0.745,-1.367,0,0.0,2,1.02,0,0.112,10.83,0.3055,2,Agressivo / Dinâmico,1.4949994636219552,1.3325371167158309
455,1406,4,73.0,53,39.79,80.16,34.95,0.651,1.667,-1.117,-2.36,3,2.47,0,0.0,0,0.321,2.97,0.051,2,Agressivo / Dinâmico,1.3803504715876922,2.0614445178018017
455,1409,0,109.0,92,25.12,46.6,14.4,0.688,1.524,-0.699,-1.578,0,0.0,0,0.0,0,0.174,3.86,0.1007,1,Moderado / Regular,-0.3061184593098377,-1.174607089669086
455,1409,1,118.0,93,33.23,60.3,23.71,0.794,1.591,-0.463,-1.151,0,0.0,0,0.0,0,0.226,4.91,0.128,1,Moderado / Regular,0.4195333204401896,-0.42842127025431875
455,1409,2,119.0,104,50.13,77.19,24.41,0.714,2.365,-0.704,-1.556,0,0.0,2,1.01,0,0.067,8.0,0.236,2,Agressivo / Dinâmico,1.7396779215811726,0.6262908377840807
455,1409,3,120.0,120,62.5,75.71,9.39,0.393,1.237,-0.518,-1.037,0,0.0,0,0.0,0,0.0,9.03,0.301,0,Econômico / Suave,-1.956290172070044,0.7120715408409309
455,1409,4,103.0,88,56.97,85.07,29.75,0.441,2.427,-0.73,-2.315,3,1.75,1,0.58,0,0.125,7.12,0.1888,2,Agressivo / Dinâmico,1.473285682558182,2.4771299646473426
455,1410,0,118.0,117,61.09,81.22,20.27,0.549,1.496,-0.602,-1.659,0,0.0,0,0.0,0,0.017,8.22,0.2672,0,Econômico / Suave,-0.7383243975649249,1.0119986753001757
455,1410,1,110.0,70,30.08,61.5,21.32,0.81,1.716,-0.605,-1.434,0,0.0,0,0.0,0,0.229,6.89,0.1397,1,Moderado / Regular,0.5050786547813895,-0.7476083806334824
455,1410,2,120.0,120,61.04,72.79,10.02,0.384,1.276,-0.443,-1.136,0,0.0,0,0.0,0,0.0,2.8,0.0934,0,Econômico / Suave,-1.8960088275339528,0.6868364542605322
455,1410,3,102.0,101,48.23,59.46,7.67,0.285,0.728,-0.554,-1.312,0,0.0,0,0.0,0,0.0,2.12,0.0578,0,Econômico / Suave,-2.7285143755290178,0.1719141108828036
455,1413,0,120.0,119,71.8,90.12,18.14,0.476,1.671,-0.532,-2.243,2,1.0,0,0.0,0,0.0,15.12,0.5041,0,Econômico / Suave,-0.6317220492111687,2.017090181100731
455,1413,1,120.0,76,15.99,74.16,28.31,0.0,0.0,-0.901,-3.575,5,2.5,0,0.0,0,0.724,0.28,0.0192,0,Econômico / Suave,-2.1749727517214525,1.7164682711125743
455,1413,2,115.0,85,29.45,72.06,29.26,1.185,2.335,-0.862,-2.021,1,0.52,6,3.13,0,0.4,6.32,0.1571,2,Agressivo / Dinâmico,5.291849714797777,0.08313848095722777
455,1413,3,120.0,120,66.01,82.69,19.26,0.709,2.467,-0.577,-1.981,0,0.0,3,1.5,0,0.0,12.21,0.4071,2,Agressivo / Dinâmico,1.8512598815576986,1.176078340879147
455,1413,4,81.0,68,37.7,68.23,23.88,0.847,1.731,-0.814,-2.045,1,0.74,0,0.0,0,0.162,2.75,0.055,1,Moderado / Regular,0.9062218219399943,0.10720080219085862
455,1418,0,120.0,117,44.94,75.83,19.95,0.551,1.982,-0.572,-2.282,2,1.0,0,0.0,0,0.034,7.87,0.256,1,Moderado / Regular,0.21616017091586492,0.7319798590472623
455,1418,1,120.0,118,30.76,72.85,16.81,0.841,1.8,-1.009,-2.957,6,3.0,0,0.0,0,0.025,2.22,0.0703,2,Agressivo / Dinâmico,1.3931168621113794,0.6405214272490691
455,1418,2,120.0,117,50.72,70.81,17.45,0.54,2.004,-0.704,-1.767,0,0.0,1,0.5,0,0.034,6.92,0.2306,1,Moderado / Regular,0.14000945617260643,0.4305211177913787
455,1418,3,120.0,120,64.01,77.26,13.76,0.472,1.553,-0.541,-2.02,2,1.0,0,0.0,0,0.0,11.95,0.3984,0,Econômico / Suave,-0.9072126633177621,1.4319065915584936
455,1418,10,114.0,107,68.5,87.43,23.87,0.499,2.229,-0.993,-3.036,7,3.68,2,1.05,0,0.047,7.38,0.22,2,Agressivo / Dinâmico,2.030490146537778,3.806582427884796
455,1418,11,120.0,108,59.43,78.67,24.09,0.549,1.894,-0.624,-1.719,0,0.0,0,0.0,0,0.065,6.59,0.1988,1,Moderado / Regular,-0.12417289764455601,1.0953687005228518
455,1418,12,112.0,112,52.74,65.48,9.48,0.396,1.087,-0.618,-1.871,0,0.0,0,0.0,0,0.0,7.05,0.2194,0,Econômico / Suave,-2.0140244279222395,0.2823225318583127
455,1421,0,120.0,119,46.07,68.06,17.89,0.489,2.106,-0.923,-2.331,1,0.5,1,0.5,0,0.05,5.68,0.1879,1,Moderado / Regular,0.3314816945018789,0.5726928571870505
455,1421,1,97.0,95,43.79,60.74,16.52,0.786,2.069,-0.804,-2.078,2,1.24,1,0.62,0,0.032,5.09,0.1311,2,Agressivo / Dinâmico,1.3620303915107572,0.4303798261754097
455,1424,0,117.0,94,39.81,68.38,27.86,0.67,1.973,-0.748,-2.481,3,1.54,0,0.0,0,0.223,6.57,0.1793,1,Moderado / Regular,1.11635745815737,1.0793606170513228
455,1424,1,122.0,114,68.93,111.71,33.16,0.566,2.069,-0.478,-1.23,0,0.0,1,0.49,0,0.061,17.89,0.5798,2,Agressivo / Dinâmico,0.8629123252113156,2.110653571032844
455,1424,2,120.0,119,72.97,110.06,32.67,0.48,1.001,-0.7,-2.14,3,1.5,0,0.0,0,0.0,-0.74,-0.0265,0,Econômico / Suave,-0.47442060304310063,3.253515137324041
455,1424,3,60.0,60,36.82,52.51,13.95,0.417,1.069,-0.57,-1.206,0,0.0,0,0.0,0,0.0,6.3,0.105,0,Econômico / Suave,-1.6209496385487245,-0.22840197100640616
455,1427,0,119.0,113,38.35,59.66,15.73,0.583,1.739,-0.74,-2.373,1,0.5,0,0.0,0,0.044,4.0,0.1266,1,Moderado / Regular,-0.25484542607187366,-0.09765355131655737
455,1427,1,121.0,98,25.57,54.52,22.15,0.545,1.619,-0.605,-1.981,0,0.0,0,0.0,0,0.235,1.88,0.057,1,Moderado / Regular,-0.21471779362640692,-0.5366322680036547
455,1427,2,119.0,101,26.15,45.31,13.7,0.615,1.46,-0.642,-2.075,1,0.5,0,0.0,0,0.109,4.26,0.1259,1,Moderado / Regular,-0.4512289934206738,-0.7811521259636787
455,1427,3,120.0,111,16.17,40.53,12.94,0.7,1.619,-0.874,-2.289,1,0.5,0,0.0,0,0.171,2.12,0.0651,1,Moderado / Regular,-0.009213326292189307,-1.4227800010108587
455,1427,4,99.0,64,12.51,33.68,10.75,0.461,1.097,-0.366,-1.001,0,0.0,0,0.0,0,0.328,0.11,0.0056,1,Moderado / Regular,-1.4140757803009933,-1.5965163348168332
455,1427,5,114.0,56,0.0,0.0,0.0,0.0,0.0,0.0,0.0,0,0.0,0,0.0,0,1.0,0.27,0.0074,0,Econômico / Suave,-4.181031131438371,-2.00365689244464
455,1427,6,112.0,80,5.1,22.74,6.36,0.429,0.879,-0.606,-1.556,0,0.0,0,0.0,0,0.487,0.44,0.0135,1,Moderado / Regular,-1.8716205393937915,-2.112911676953762
455,1427,7,120.0,84,15.22,38.65,14.84,0.663,1.601,-0.657,-1.348,0,0.0,0,0.0,0,0.417,3.45,0.0899,1,Moderado / Regular,-0.182589340996215,-1.5844548952683108
455,1427,8,116.0,101,27.32,50.7,16.95,0.613,1.9,-0.849,-2.319,2,1.03,0,0.0,0,0.129,4.57,0.1328,1,Moderado / Regular,0.3153245206519449,-0.30804300583677663
455,1427,9,120.0,92,12.01,39.03,12.43,0.617,1.231,-0.954,-2.37,2,1.0,0,0.0,0,0.359,0.49,0.0143,1,Moderado / Regular,-0.463712927806105,-1.2004324088595077
455,1427,10,117.0,102,34.65,50.87,15.66,0.555,1.566,-0.617,-1.69,0,0.0,0,0.0,0,0.098,3.93,0.1147,1,Moderado / Regular,-0.636758378029839,-0.488256110020503
455,1427,11,82.0,55,27.86,51.4,22.79,0.27,0.45,-0.763,-1.723,0,0.0,0,0.0,0,0.364,0.3,0.0055,0,Econômico / Suave,-2.1494745358665224,0.1395918365386706
455,1427,12,58.0,46,46.15,64.28,20.88,0.589,2.132,-0.147,-0.159,0,0.0,1,1.03,0,0.109,9.74,0.1285,2,Agressivo / Dinâmico,1.0489204598466508,0.4497743025959023
455,1429,0,118.0,107,41.27,66.25,20.76,0.583,1.484,-0.782,-2.116,2,1.02,0,0.0,0,0.084,5.27,0.1549,1,Moderado / Regular,-0.14152340225483045,0.6442002605402658
455,1429,1,122.0,111,41.96,66.54,20.28,0.579,2.082,-0.642,-1.458,0,0.0,2,0.98,0,0.081,7.33,0.2309,2,Agressivo / Dinâmico,0.9371100794768287,0.23117877938268575
455,1429,2,34.0,34,53.57,58.65,3.58,0.197,0.337,-0.316,-0.775,0,0.0,0,0.0,0,0.0,6.85,0.0647,0,Econômico / Suave,-3.612979201074119,0.3619655138384813
455,1435,0,119.0,104,35.3,63.3,20.65,0.422,1.183,-0.849,-3.57,5,2.52,0,0.0,0,0.163,1.04,0.033,0,Econômico / Suave,-0.36153952558046853,1.453889801626011
455,1435,1,120.0,112,34.83,58.11,14.65,0.849,2.092,-0.801,-2.607,4,2.0,2,1.0,0,0.045,4.01,0.1245,2,Agressivo / Dinâmico,2.095946566391271,0.3308747247584216
455,1435,2,111.0,95,27.91,46.6,15.82,0.85,2.161,-0.599,-1.582,0,0.0,1,0.54,0,0.147,4.2,0.1088,1,Moderado / Regular,1.2782319309303682,-1.1492736792380946
455,1435,3,115.0,104,38.9,56.09,13.99,0.403,1.348,-0.446,-1.469,0,0.0,0,0.0,0,0.067,2.0,0.0591,0,Econômico / Suave,-1.3831260873504612,-0.1494324451033692
455,1435,4,116.0,97,30.85,60.73,21.39,0.601,2.244,-1.003,-2.647,5,2.59,1,0.52,0,0.206,3.2,0.087,2,Agressivo / Dinâmico,1.7471196043923831,1.0587669954709786
455,1435,5,103.0,101,30.87,63.49,22.11,0.363,0.589,-0.511,-1.192,0,0.0,0,0.0,0,0.02,2.19,0.0643,0,Econômico / Suave,-1.8186788699797924,0.09520740411505882
455,1453,0,120.0,103,27.15,61.15,21.86,0.751,1.81,-0.802,-1.717,0,0.0,0,0.0,0,0.291,6.84,0.1986,1,Moderado / Regular,0.4996922666886557,-0.7856627336598904
455,1453,1,120.0,113,33.52,61.96,17.67,0.451,1.26,-0.42,-1.005,0,0.0,0,0.0,0,0.088,2.3,0.0728,1,Moderado / Regular,-1.1235329874649722,-0.24408842440975725
455,1453,2,120.0,117,42.07,60.96,13.76,0.589,1.799,-0.484,-2.313,2,1.0,0,0.0,0,0.026,3.41,0.1167,1,Moderado / Regular,-0.14729081010196587,0.2244622106838331
455,1453,3,118.0,108,39.05,60.02,18.53,0.65,1.497,-0.479,-1.531,0,0.0,0,0.0,0,0.093,4.02,0.122,1,Moderado / Regular,-0.3592358004386036,-0.2425277038798052
455,1453,4,120.0,116,48.88,72.6,21.99,0.491,1.793,-0.473,-1.355,0,0.0,0,0.0,0,0.069,8.45,0.2729,1,Moderado / Regular,-0.3899823672986883,0.5817837485036037
455,1457,0,120.0,120,65.42,88.1,18.9,0.613,1.594,-0.48,-1.575,0,0.0,0,0.0,0,0.0,9.74,0.3245,0,Econômico / Suave,-0.5717099692703707,1.0348196003435435
455,1457,1,120.0,119,41.26,64.92,17.6,0.522,1.633,-0.55,-1.258,0,0.0,0,0.0,0,0.042,2.52,0.0836,1,Moderado / Regular,-0.6190510238931567,-0.0377849070641855
455,1457,2,120.0,118,42.61,53.49,12.48,0.278,0.871,-0.571,-1.509,0,0.0,0,0.0,0,0.0,4.93,0.162,0,Econômico / Suave,-2.316208313461809,0.1725178535912342
455,1457,3,62.0,61,51.02,71.79,22.38,0.671,1.558,-0.278,-1.042,0,0.0,0,0.0,0,0.033,8.12,0.1379,1,Moderado / Regular,-0.16105388198860204,0.4909605646870114
455,1461,0,113.0,75,28.49,67.05,28.73,0.645,1.597,-0.834,-1.969,0,0.0,0,0.0,0,0.453,3.81,0.0813,1,Moderado / Regular,0.31681854785889957,-0.1637717875943044
455,1461,1,123.0,116,42.52,56.19,14.26,0.436,1.472,-0.376,-1.204,0,0.0,0,0.0,0,0.026,4.08,0.135,0,Econômico / Suave,-1.1858170722336407,-0.028662723964150677
455,1461,2,119.0,88,15.72,41.03,13.89,0.637,1.247,-0.454,-0.979,0,0.0,0,0.0,0,0.307,2.83,0.0717,1,Moderado / Regular,-0.6708582505545151,-1.5307132832196029
455,1461,3,120.0,115,36.47,51.88,13.02,0.537,1.437,-0.589,-1.481,0,0.0,0,0.0,0,0.035,5.12,0.1649,1,Moderado / Regular,-0.9621399359197851,-0.5104824610048045
455,1461,4,120.0,115,53.12,71.15,15.49,0.417,1.098,-0.718,-2.406,2,1.0,0,0.0,0,0.0,6.07,0.1977,0,Econômico / Suave,-1.3472399342488024,1.1629586980337485
455,1461,5,45.0,45,39.17,69.67,17.45,0.83,1.207,-0.92,-1.811,0,0.0,0,0.0,0,0.0,2.5,0.0313,1,Moderado / Regular,-0.24057718853999613,-0.5019500273664675
455,1469,0,114.0,81,33.63,64.82,26.68,1.029,1.929,-1.014,-2.506,5,2.63,0,0.0,0,0.284,-0.61,-0.0131,2,Agressivo / Dinâmico,2.3569479714311194,0.8508263132097981
455,1469,1,113.0,84,37.72,67.15,26.71,0.633,2.323,-0.937,-2.93,4,2.12,2,1.06,0,0.286,2.42,0.0641,2,Agressivo / Dinâmico,2.4103016865306075,1.4849466899464432
455,1469,2,97.0,70,16.99,45.84,17.79,0.729,2.013,-0.555,-1.369,0,0.0,1,0.62,0,0.357,3.38,0.0697,1,Moderado / Regular,1.0630231831829289,-1.3405466054463326
455,1474,0,87.0,87,51.12,68.99,15.03,0.443,1.005,-0.575,-2.026,1,0.69,0,0.0,0,0.0,3.98,0.0962,0,Econômico / Suave,-1.4775134545319106,0.8501460892845031
455,1492,0,120.0,120,73.15,84.26,13.46,0.507,1.89,-0.355,-0.604,0,0.0,0,0.0,0,0.0,10.83,0.3609,0,Econômico / Suave,-0.8726456154888735,1.1890828817565502
455,1493,0,119.0,113,48.2,69.92,17.6,0.677,2.295,-0.933,-2.71,2,1.01,3,1.51,0,0.018,4.27,0.1372,2,Agressivo / Dinâmico,1.9908697085648084,0.8885626382599364
455,1493,1,49.0,48,49.85,63.57,13.58,0.635,1.984,-0.687,-1.852,0,0.0,0,0.0,0,0.0,6.99,0.0954,1,Moderado / Regular,-0.22456029008258616,-0.06846818562912502
455,1496,0,114.0,91,46.74,76.37,32.05,0.474,1.487,-0.405,-0.644,0,0.0,0,0.0,0,0.242,9.0,0.2306,1,Moderado / Regular,-0.2508643180038812,1.11438866785571
455,1496,1,120.0,117,53.81,78.17,16.99,0.471,1.313,-0.735,-1.804,0,0.0,0,0.0,0,0.0,6.19,0.2095,0,Econômico / Suave,-1.2282919456568655,0.6216754718825941
455,1496,2,116.0,112,48.85,67.16,17.37,0.728,2.117,-0.873,-2.121,3,1.55,2,1.03,0,0.027,6.35,0.2026,2,Agressivo / Dinâmico,1.693298193059998,1.050416802655233
455,1509,0,120.0,119,50.23,73.32,17.56,0.568,1.1,-0.581,-1.649,0,0.0,0,0.0,0,0.025,6.64,0.2198,0,Econômico / Suave,-1.1357498302823643,0.3859714623206203
455,1509,1,120.0,116,57.85,78.55,18.15,0.5,2.044,-0.424,-1.497,0,0.0,1,0.5,0,0.0,9.5,0.312,1,Moderado / Regular,0.04675874980210193,0.8484586313940697
455,1509,2,116.0,106,59.66,79.78,25.17,0.532,1.822,-0.805,-2.081,1,0.52,0,0.0,0,0.085,7.48,0.2239,1,Moderado / Regular,-0.03093818250638942,1.4882581303061138
455,1509,3,68.0,67,69.57,91.9,16.87,0.438,1.573,-0.737,-1.651,0,0.0,0,0.0,0,0.0,9.05,0.1655,0,Econômico / Suave,-1.1894939831883733,1.3527807135409429
455,1509,9,119.0,116,72.26,91.92,22.74,0.61,1.62,-0.767,-2.403,4,2.02,0,0.0,0,0.026,5.54,0.1734,0,Econômico / Suave,0.2058766838480272,2.6884112315016577
455,1509,10,121.0,100,48.09,82.49,28.86,0.732,2.501,-0.784,-2.118,1,0.5,3,1.49,0,0.13,5.88,0.1663,2,Agressivo / Dinâmico,2.7173079178943818,1.126823653800348
455,1509,11,120.0,120,52.56,73.09,20.81,0.501,1.644,-0.919,-3.686,5,2.5,0,0.0,0,0.017,6.5,0.2168,1,Moderado / Regular,0.17620648672946848,2.0793906367569464
455,1509,12,83.0,83,54.04,71.83,17.5,0.729,1.96,-0.928,-2.217,1,0.72,0,0.0,0,0.0,5.59,0.1288,1,Moderado / Regular,0.3757615748561733,0.6212147456355075
455,1510,0,120.0,116,51.99,70.41,21.52,0.677,1.633,-0.461,-1.112,0,0.0,0,0.0,0,0.034,7.25,0.2354,1,Moderado / Regular,-0.11695950996039793,0.4689298899088556
455,1510,1,100.0,100,57.82,72.36,16.78,0.369,1.264,-0.585,-1.831,0,0.0,0,0.0,0,0.0,6.82,0.1894,0,Econômico / Suave,-1.5940087185204115,0.9404532025737223
455,1511,0,120.0,119,66.97,85.44,17.49,0.548,1.568,-0.631,-1.66,0,0.0,0,0.0,0,0.0,7.83,0.2613,0,Econômico / Suave,-0.851834452632204,1.1188969756082472
455,1511,1,120.0,113,49.33,73.27,21.66,0.947,2.106,-0.591,-1.851,0,0.0,2,1.0,0,0.044,3.98,0.1287,2,Agressivo / Dinâmico,1.9498484810093777,0.15183701890913812
455,1511,2,117.0,106,52.06,70.51,21.97,0.702,2.161,-0.598,-2.024,1,0.51,2,1.03,0,0.066,3.67,0.1066,2,Agressivo / Dinâmico,1.5371992337476852,0.9101221221459647
455,1511,3,120.0,120,50.49,63.74,11.96,0.506,1.439,-0.61,-1.833,0,0.0,0,0.0,0,0.0,3.91,0.1302,0,Econômico / Suave,-1.2172258148944617,0.12009625120409831
455,1511,4,120.0,94,22.42,44.56,17.08,0.903,2.022,-0.752,-1.567,0,0.0,1,0.5,0,0.298,4.56,0.1229,1,Moderado / Regular,1.3489792245772823,-1.3941808153528583
455,1516,0,116.0,104,55.23,69.49,20.69,0.645,2.35,-1.021,-2.814,4,2.07,2,1.03,0,0.077,12.55,0.3623,2,Agressivo / Dinâmico,1.9842397146803086,1.901328194752319
455,1516,1,115.0,75,39.55,70.09,31.75,0.126,0.153,-0.93,-2.643,4,2.09,0,0.0,0,0.36,2.43,0.0493,0,Econômico / Suave,-1.855288294447326,2.580390195675216
455,1520,0,120.0,120,60.07,72.48,9.75,0.513,1.577,-0.445,-2.069,2,1.0,0,0.0,0,0.0,2.36,0.0786,0,Econômico / Suave,-0.9321983110665356,0.9649996618225082
455,1520,1,113.0,85,22.83,61.74,22.51,0.675,1.66,-0.812,-1.774,0,0.0,0,0.0,0,0.318,1.49,0.0389,1,Moderado / Regular,0.21240531099379234,-0.8251028717444877
455,1522,0,111.0,71,22.2,73.51,30.88,0.0,0.0,-0.867,-2.636,4,2.16,0,0.0,0,0.62,-0.44,-0.0035,0,Econômico / Suave,-2.2130795131932617,1.9597697977141244
455,1522,1,120.0,118,21.51,61.25,13.11,0.729,1.828,-0.465,-1.645,0,0.0,0,0.0,0,0.025,4.25,0.1343,1,Moderado / Regular,0.08923748597525484,-1.5117482651213954
455,1522,2,114.0,94,42.41,71.59,27.96,0.613,1.686,-0.944,-2.664,3,1.58,0,0.0,0,0.234,2.29,0.0663,1,Moderado / Regular,0.6607966663439578,1.344344250883581
455,1522,3,120.0,118,45.28,72.42,20.59,0.795,1.871,-0.665,-1.927,0,0.0,0,0.0,0,0.051,2.3,0.0753,1,Moderado / Regular,0.45730813224478833,-0.08667996620371474
455,1528,0,112.0,96,14.08,60.21,15.0,0.49,1.3,-0.641,-1.438,0,0.0,0,0.0,0,0.208,-1.06,-0.0295,1,Moderado / Regular,-0.9350114150974373,-1.3519844976703792
455,1528,1,112.0,81,7.24,28.61,8.15,0.601,1.66,-0.519,-1.378,0,0.0,0,0.0,0,0.407,-0.02,-0.0023,1,Moderado / Regular,-0.535725501217747,-2.254201470094331
455,1528,2,119.0,70,8.11,32.91,12.04,0.677,1.478,-0.614,-1.227,0,0.0,0,0.0,0,0.571,0.1,0.0,1,Moderado / Regular,-0.3458114212754496,-2.0729685341612276
455,1528,3,115.0,83,27.12,59.77,24.62,0.583,1.925,-0.797,-1.613,0,0.0,0,0.0,0,0.337,3.9,0.0886,1,Moderado / Regular,0.31006743287613764,-0.4196444101438441
455,1528,4,121.0,118,60.99,83.15,20.82,0.442,1.506,-0.544,-1.932,0,0.0,0,0.0,0,0.025,7.44,0.2439,0,Econômico / Suave,-0.9825602315062207,1.1821031607534565
455,1528,5,120.0,107,42.99,64.73,21.15,0.485,1.493,-0.521,-1.927,0,0.0,0,0.0,0,0.131,6.08,0.1796,1,Moderado / Regular,-0.7071548423727849,0.31157939407615454
455,1528,6,119.0,101,43.62,76.36,27.62,0.721,2.587,-0.531,-2.239,2,1.01,3,1.51,0,0.158,5.52,0.1532,2,Agressivo / Dinâmico,2.9347848211632117,1.140831057173697
455,1528,7,118.0,98,32.66,71.43,28.71,0.969,2.185,-1.231,-4.835,6,3.05,2,1.02,0,0.316,4.56,0.1224,2,Agressivo / Dinâmico,3.5518414891636425,1.4334575701176129
455,1531,0,66.0,65,21.91,37.81,11.48,0.643,1.805,-0.819,-1.984,0,0.0,0,0.0,0,0.092,2.65,0.0479,1,Moderado / Regular,-0.24349691130770915,-1.4651741885255365
455,1532,0,120.0,120,33.64,51.56,13.33,0.874,1.931,-0.91,-2.239,1,0.5,0,0.0,0,0.017,5.19,0.173,1,Moderado / Regular,0.6388886022785263,-0.8718417805356289
455,1532,1,117.0,112,40.05,60.96,19.7,0.47,1.477,-0.678,-2.303,4,2.05,0,0.0,0,0.071,3.69,0.1163,1,Moderado / Regular,-0.1635441044334054,1.2537268710114893
455,1532,2,119.0,95,40.08,64.21,24.06,0.709,1.947,-0.637,-1.429,0,0.0,0,0.0,0,0.189,5.36,0.1444,1,Moderado / Regular,0.5231837482238383,-0.02567863695026998
455,1532,3,82.0,81,32.54,57.71,8.64,0.529,1.352,-0.615,-1.856,0,0.0,0,0.0,0,0.0,2.02,0.0498,1,Moderado / Regular,-1.247980027250263,-0.9162528084271567
455,1533,0,115.0,99,31.03,50.86,16.45,0.643,1.574,-0.607,-1.427,0,0.0,0,0.0,0,0.101,4.52,0.1249,1,Moderado / Regular,-0.3262806837655873,-0.7316980848994734
455,1533,1,92.0,87,31.37,49.12,14.19,0.668,1.948,-0.59,-1.804,0,0.0,0,0.0,0,0.057,1.6,0.0384,1,Moderado / Regular,0.018216740794294656,-0.9286938039638081
455,1553,0,120.0,110,35.06,48.88,14.28,0.567,1.471,-0.498,-1.411,0,0.0,0,0.0,0,0.064,3.02,0.0923,1,Moderado / Regular,-0.7743864563179016,-0.5501538594114271
455,1553,1,116.0,99,30.47,53.57,17.93,0.459,1.551,-0.597,-1.177,0,0.0,0,0.0,0,0.172,3.97,0.1092,1,Moderado / Regular,-0.7590721976989531,-0.42151322980203
455,1553,2,108.0,97,27.01,59.23,19.6,0.49,1.649,-0.533,-1.44,0,0.0,0,0.0,0,0.144,0.35,0.0099,1,Moderado / Regular,-0.4639363805200682,-0.5431073371170791
455,1561,0,120.0,111,32.81,57.12,21.83,0.529,2.044,-0.678,-1.969,0,0.0,1,0.5,0,0.225,1.94,0.0597,1,Moderado / Regular,0.5226099185676313,-0.14190554332640376
455,1561,1,120.0,109,34.83,61.23,20.69,0.621,1.992,-0.492,-1.172,0,0.0,0,0.0,0,0.055,3.5,0.1071,1,Moderado / Regular,0.2225267576422174,-0.34505519741879426
455,1561,2,119.0,100,27.18,54.77,18.03,0.619,1.448,-0.603,-1.116,0,0.0,0,0.0,0,0.15,4.31,0.1226,1,Moderado / Regular,-0.4108365367416247,-0.770894218161373
455,1561,3,67.0,49,17.19,43.36,16.22,0.892,1.45,-1.086,-1.971,0,0.0,0,0.0,0,0.347,0.2,0.0045,1,Moderado / Regular,0.3123676375464319,-1.7054645789345193
455,1562,0,118.0,89,41.49,69.7,27.35,0.548,1.494,-0.611,-1.706,0,0.0,0,0.0,0,0.202,1.82,0.0469,1,Moderado / Regular,-0.22820860684039718,0.5056261435345882
455,1562,1,120.0,117,42.52,65.93,17.3,0.651,1.988,-0.664,-1.659,0,0.0,0,0.0,0,0.017,4.92,0.1574,1,Moderado / Regular,0.065956947833285,-0.22034732669885002
455,1562,2,58.0,57,23.48,36.6,9.92,0.574,1.498,-0.642,-1.591,0,0.0,0,0.0,0,0.035,2.04,0.0371,1,Moderado / Regular,-0.8349126618163241,-1.3444331601200976
455,1567,0,120.0,105,23.41,50.92,15.73,0.833,1.847,-0.996,-2.519,2,1.0,0,0.0,0,0.171,5.11,0.154,1,Moderado / Regular,0.8064400206437944,-0.8653389956650379
455,1567,1,120.0,115,50.23,61.38,9.98,0.348,0.775,-0.534,-1.757,0,0.0,0,0.0,0,0.0,5.17,0.1713,0,Econômico / Suave,-2.4199091778156445,0.30251842405621154
455,1567,2,119.0,111,59.4,80.93,21.26,0.512,2.117,-0.301,-0.497,0,0.0,2,1.01,0,0.072,10.19,0.316,2,Agressivo / Dinâmico,0.7143837670780862,1.1859550293786845
455,1567,3,120.0,94,10.23,68.68,20.14,1.413,2.588,-1.081,-1.877,0,0.0,2,1.0,0,0.745,0.07,0.0091,2,Agressivo / Dinâmico,3.9551818027495806,-2.4408596633899253
455,1567,4,56.0,56,56.92,83.08,25.55,0.64,2.183,-1.247,-1.909,0,0.0,1,1.07,0,0.036,6.08,0.0945,2,Agressivo / Dinâmico,1.399111971002846,1.14378583500256
455,1573,0,120.0,119,74.14,90.11,9.96,0.313,0.781,-0.35,-0.846,0,0.0,0,0.0,0,0.0,8.0,0.2677,0,Econômico / Suave,-2.7190570343724048,1.4539652509490253
455,1573,1,120.0,118,63.04,75.95,15.07,0.498,2.156,-0.576,-3.015,2,1.0,1,0.5,0,0.008,4.16,0.1417,2,Agressivo / Dinâmico,0.2779896776284719,1.457127499892931
455,1573,2,118.0,95,30.78,59.7,25.6,0.402,1.591,-0.666,-2.011,1,0.51,0,0.0,0,0.326,-1.73,-0.0463,1,Moderado / Regular,-0.34089782018070725,0.3793225359897632
455,1573,3,120.0,120,66.69,78.5,7.02,0.393,1.336,-0.299,-0.987,0,0.0,0,0.0,0,0.0,10.58,0.3527,0,Econômico / Suave,-2.004238576342811,0.7588016012611832
455,1573,4,116.0,105,35.57,65.69,24.51,0.741,2.205,-0.84,-2.507,2,1.03,1,0.52,0,0.133,1.73,0.0494,2,Agressivo / Dinâmico,1.6940275635085735,0.4028037304400577
455,1573,5,120.0,119,59.1,75.89,16.06,0.662,2.288,-0.551,-2.341,3,1.5,2,1.0,0,0.0,8.77,0.2928,2,Agressivo / Dinâmico,1.5031742711977747,1.4820914639022962
455,1573,6,49.0,49,66.32,71.79,2.2,0.256,0.464,-0.165,-0.276,0,0.0,0,0.0,0,0.0,9.68,0.1317,0,Econômico / Suave,-3.5044754593399463,0.7764611064677255
455,1575,0,120.0,104,36.87,66.03,28.84,0.341,0.609,-0.752,-2.669,3,1.5,0,0.0,0,0.337,0.84,0.0199,0,Econômico / Suave,-1.1140811780752458,1.6107764627216272
455,1575,1,120.0,117,38.89,62.57,20.23,0.591,1.73,-0.59,-1.457,0,0.0,0,0.0,0,0.085,4.79,0.1548,1,Moderado / Regular,-0.18824346535204162,-0.10632966085306172
455,1575,2,31.0,31,28.66,43.63,10.52,0.338,0.626,-0.625,-1.544,0,0.0,0,0.0,0,0.0,0.12,0.001,0,Econômico / Suave,-2.384390768492128,-0.6306556635243417
455,1582,0,119.0,95,40.53,70.81,25.89,0.677,2.185,-0.907,-1.726,0,0.0,1,0.5,0,0.158,4.34,0.1157,1,Moderado / Regular,1.1868990415995853,0.22351561114659999
455,1582,1,35.0,35,62.23,65.14,2.08,0.229,0.487,-0.17,-0.232,0,0.0,0,0.0,0,0.0,5.69,0.0553,0,Econômico / Suave,-3.5211159760173105,0.6139824424892387
455,1586,0,118.0,111,42.25,70.97,18.06,0.595,1.3,-0.683,-2.144,1,0.51,0,0.0,0,0.036,6.03,0.1953,1,Moderado / Regular,-0.6007877999976788,0.2637191450733522
455,1586,1,108.0,86,41.23,69.21,24.08,0.723,2.236,-1.207,-2.576,3,1.67,3,1.67,0,0.14,7.13,0.1741,2,Agressivo / Dinâmico,2.7645509724866884,1.279555005739944
455,1586,2,33.0,33,56.3,68.37,14.42,0.545,1.019,-0.696,-2.667,2,3.64,0,0.0,0,0.0,-1.89,-0.0174,0,Econômico / Suave,-0.3432495698577792,2.551570497758163
455,1589,0,116.0,96,36.92,60.66,22.64,0.688,1.465,-0.535,-1.56,0,0.0,0,0.0,0,0.198,2.79,0.0768,1,Moderado / Regular,-0.07567937046092203,-0.15681166130242974
455,1589,1,119.0,105,37.72,55.18,17.0,0.628,2.008,-0.697,-2.394,4,2.02,1,0.5,0,0.095,2.87,0.0857,2,Agressivo / Dinâmico,1.1040095568225727,0.8045307813296451
455,1589,2,110.0,92,34.47,55.52,17.71,0.641,2.31,-0.502,-1.181,0,0.0,2,1.09,0,0.098,4.8,0.1287,2,Agressivo / Dinâmico,1.3726902306653403,-0.3502362640134119
455,1589,3,110.0,82,10.59,24.71,7.96,0.547,1.852,-0.676,-1.511,0,0.0,0,0.0,0,0.268,1.01,0.0301,1,Moderado / Regular,-0.5165072998877878,-2.0631776468380183
455,1589,4,100.0,74,19.81,40.72,14.68,0.585,1.179,-1.0,-2.169,1,0.6,0,0.0,0,0.23,1.49,0.033,1,Moderado / Regular,-0.6888093589883569,-0.8843054752738468
455,1589,5,105.0,82,32.9,61.31,22.86,0.5,1.671,-0.969,-2.399,1,0.57,0,0.0,0,0.268,0.09,0.0065,1,Moderado / Regular,-0.130968124398223,0.2124449322392174
455,1589,6,119.0,107,28.66,48.02,17.1,0.495,1.759,-0.502,-1.28,0,0.0,0,0.0,0,0.15,7.08,0.213,1,Moderado / Regular,-0.4709397926159375,-0.6294792950908847
455,1589,7,119.0,99,15.22,35.11,11.96,0.562,1.431,-0.621,-1.244,0,0.0,0,0.0,0,0.283,1.41,0.0405,1,Moderado / Regular,-0.764959169869159,-1.5861276916570344
455,1589,8,119.0,118,32.52,47.56,11.73,0.674,1.644,-0.773,-1.769,0,0.0,0,0.0,0,0.008,3.07,0.1007,1,Moderado / Regular,-0.41197934826097654,-0.980196675373407
455,1589,9,112.0,94,28.81,58.13,17.54,0.757,1.771,-0.72,-1.705,0,0.0,0,0.0,0,0.106,5.39,0.1453,1,Moderado / Regular,0.25205671811756314,-0.9548338339190744
455,1589,10,120.0,117,25.21,48.42,14.52,0.645,1.564,-0.672,-2.281,2,1.0,0,0.0,0,0.077,6.23,0.2036,1,Moderado / Regular,-0.05878608173591025,-0.5561414517217425
455,1589,11,120.0,105,27.07,54.74,17.17,0.617,1.524,-0.737,-1.844,0,0.0,0,0.0,0,0.105,3.8,0.1182,1,Moderado / Regular,-0.3772011630732868,-0.8321645209021081
455,1589,12,117.0,92,30.1,52.75,18.04,0.549,1.243,-0.567,-1.737,0,0.0,0,0.0,0,0.185,3.02,0.0808,1,Moderado / Regular,-0.8347921830704315,-0.5120404007719713
455,1589,13,120.0,119,39.43,59.83,10.63,0.448,1.474,-0.614,-2.06,1,0.5,0,0.0,0,0.0,2.38,0.0794,0,Econômico / Suave,-1.1424877849828698,-0.11512183567237703
455,1589,14,105.0,98,28.71,51.24,15.18,0.797,1.978,-0.879,-1.969,0,0.0,0,0.0,0,0.122,1.98,0.0547,1,Moderado / Regular,0.4608447444633708,-1.1751249532111807
455,1589,15,84.0,42,7.21,43.76,12.9,0.915,1.348,0.0,0.0,0,0.0,0,0.0,0,0.714,4.45,0.0598,1,Moderado / Regular,0.19522402023119212,-2.3711040356766517
455,1589,16,32.0,32,56.92,61.42,4.16,0.276,0.709,-0.421,-0.923,0,0.0,0,0.0,0,0.0,6.54,0.0581,0,Econômico / Suave,-3.018197225309123,0.3910931554966117
455,1591,0,115.0,73,22.36,59.12,23.04,0.696,1.666,-0.812,-1.56,0,0.0,0,0.0,0,0.425,3.58,0.0791,1,Moderado / Regular,0.30371382602671887,-0.846320357782045
455,1593,0,114.0,90,36.9,69.18,24.67,0.55,1.653,-0.716,-1.597,0,0.0,0,0.0,0,0.189,6.94,0.1796,1,Moderado / Regular,-0.14525629529426076,0.11781034072477795
455,1593,1,117.0,100,12.78,47.43,11.56,0.533,1.006,-0.552,-1.422,0,0.0,0,0.0,0,0.24,0.77,0.0271,1,Moderado / Regular,-1.2826823224658568,-1.6235474008744415
455,1593,2,119.0,107,45.53,106.97,38.5,0.573,1.631,-0.371,-1.376,0,0.0,0,0.0,0,0.103,14.17,0.4241,1,Moderado / Regular,0.4817229371736907,1.2673648455309292
455,1593,3,118.0,102,44.95,110.31,46.53,0.369,0.792,-0.785,-2.925,3,1.53,0,0.0,0,0.235,1.24,0.0386,1,Moderado / Regular,-0.05975809796818847,2.9337730151113854
455,1593,4,107.0,76,4.27,24.0,7.46,0.537,0.901,-0.499,-0.685,0,0.0,0,0.0,0,0.684,1.35,0.034,1,Moderado / Regular,-1.503642690557471,-2.238916238557416
455,1593,5,119.0,73,5.59,29.57,9.83,0.669,1.718,-0.924,-1.378,0,0.0,0,0.0,0,0.726,1.84,0.0466,1,Moderado / Regular,-0.200399272353327,-2.336187822776821
455,1593,6,119.0,104,18.18,49.95,14.94,0.822,1.727,-0.645,-1.546,0,0.0,0,0.0,0,0.221,1.96,0.0618,1,Moderado / Regular,0.3466070113806255,-1.6749793516128644
455,1593,7,110.0,94,43.17,70.25,23.46,0.513,1.877,-0.341,-0.874,0,0.0,0,0.0,0,0.128,6.73,0.18,1,Moderado / Regular,-0.12284725853693372,0.3589998593211188
455,1593,8,46.0,46,71.28,83.9,10.58,0.471,0.981,-0.49,-0.929,0,0.0,0,0.0,0,0.0,7.63,0.0975,0,Econômico / Suave,-2.0385572463736623,1.1146684036183874
455,1594,0,112.0,103,55.95,82.23,30.62,0.694,1.755,-0.705,-1.789,0,0.0,0,0.0,0,0.146,5.59,0.1612,1,Moderado / Regular,0.4582290203750579,1.124485714960508
455,1594,1,120.0,119,60.38,79.99,19.21,0.683,2.115,-0.444,-1.227,0,0.0,2,1.0,0,0.017,6.87,0.2274,2,Agressivo / Dinâmico,1.0473273512220762,0.8818960656754927
455,1594,2,120.0,119,44.26,64.73,17.0,0.669,2.175,-0.665,-1.713,0,0.0,1,0.5,0,0.025,6.6,0.2184,1,Moderado / Regular,0.694221371605884,-0.09218477810974648
455,1594,3,73.0,73,56.39,68.07,13.18,0.638,1.658,-0.741,-2.069,1,0.82,0,0.0,0,0.0,2.89,0.0586,1,Moderado / Regular,-0.37684560228111047,0.7072880616653794
455,1595,0,120.0,103,36.78,55.5,18.69,0.24,0.496,-0.465,-1.067,0,0.0,0,0.0,0,0.146,2.04,0.0579,0,Econômico / Suave,-2.4571051105521895,0.35571723668916233
455,1595,1,109.0,108,32.88,47.52,8.99,0.562,1.709,-0.549,-1.615,0,0.0,0,0.0,0,0.0,3.45,0.1066,1,Moderado / Regular,-0.7744720638630643,-0.9748274813079943
455,1596,0,104.0,90,45.49,68.21,23.87,0.357,0.977,-0.638,-1.826,0,0.0,0,0.0,0,0.133,0.27,0.0067,0,Econômico / Suave,-1.4744481777465157,0.8251369262318672
455,1596,1,121.0,116,39.07,60.67,17.18,0.54,1.728,-0.548,-1.58,0,0.0,0,0.0,0,0.052,3.68,0.1227,1,Moderado / Regular,-0.47321722868460214,-0.2002438977735769
455,1596,2,40.0,39,25.47,40.58,9.45,0.499,0.973,-0.551,-0.882,0,0.0,0,0.0,0,0.0,1.51,0.0161,0,Econômico / Suave,-1.6209677199547459,-1.1046981601680688
455,1600,0,120.0,106,59.48,81.99,26.1,0.844,2.244,-0.723,-1.703,0,0.0,3,1.5,0,0.066,8.23,0.244,2,Agressivo / Dinâmico,2.3616051110027594,1.1067241029570036
455,1600,1,51.0,50,69.48,72.88,2.95,0.15,0.248,-0.292,-0.573,0,0.0,0,0.0,0,0.0,6.82,0.0979,0,Econômico / Suave,-4.001307377040009,1.1384253706891443
455,1601,0,120.0,110,42.17,63.82,20.66,0.63,2.109,-0.677,-1.869,0,0.0,2,1.0,0,0.127,6.41,0.2012,2,Agressivo / Dinâmico,1.1327817437789753,0.19396882227447468
455,1604,0,120.0,118,55.79,81.05,20.42,0.506,2.036,-0.779,-1.526,0,0.0,2,1.0,0,0.042,10.52,0.3447,2,Agressivo / Dinâmico,0.5972907792053308,0.9887077897734581
455,1604,1,118.0,113,53.88,72.77,16.31,0.34,0.566,-0.476,-1.652,0,0.0,0,0.0,0,0.027,1.83,0.0561,0,Econômico / Suave,-2.3867865751577635,0.8673658601748057
455,1604,2,122.0,111,35.04,58.03,19.09,0.909,2.336,-0.574,-1.582,0,0.0,3,1.48,0,0.126,2.23,0.0791,2,Agressivo / Dinâmico,2.491730632295538,-0.523790115031547
455,1604,3,120.0,109,42.3,61.54,21.63,0.673,1.999,-0.518,-1.731,0,0.0,0,0.0,0,0.128,6.53,0.1973,1,Moderado / Regular,0.3458703940994858,-0.01812873420207603
455,1604,4,120.0,120,51.18,62.09,12.19,0.368,1.064,-0.538,-2.021,1,0.5,0,0.0,0,0.0,6.25,0.2083,0,Econômico / Suave,-1.8105415696409233,0.6812467378315782
455,1604,5,103.0,102,60.45,72.76,18.51,0.697,2.208,-0.299,-1.108,0,0.0,2,1.17,0,0.039,7.7,0.2241,2,Agressivo / Dinâmico,1.2882567769452828,0.852934346088659
455,1606,0,120.0,120,57.14,69.17,10.33,0.293,1.224,-0.524,-1.581,0,0.0,0,0.0,0,0.0,3.55,0.1184,0,Econômico / Suave,-2.1406266325711356,0.654513863019175
455,1606,1,113.0,86,37.31,54.83,21.53,0.498,2.232,-0.327,-1.297,0,0.0,1,0.53,0,0.221,2.94,0.0767,1,Moderado / Regular,0.6077058649649384,0.07235603876980645
455,1606,2,114.0,114,51.45,59.51,5.58,0.22,0.709,-0.346,-0.948,0,0.0,0,0.0,0,0.0,-1.61,-0.0511,0,Econômico / Suave,-3.0488934191971184,0.29398922309142095
455,1607,0,120.0,120,34.75,57.56,13.17,0.424,1.259,-0.633,-2.122,1,0.5,0,0.0,0,0.0,1.51,0.0505,0,Econômico / Suave,-1.266365085223861,-0.12639050944638447
455,1607,1,120.0,114,33.67,48.77,11.49,0.42,1.475,-0.426,-1.424,0,0.0,0,0.0,0,0.026,2.44,0.0788,0,Econômico / Suave,-1.2796942817414465,-0.5726516765224507
455,1607,2,120.0,113,40.26,56.86,13.97,0.432,1.627,-0.427,-1.16,0,0.0,0,0.0,0,0.044,4.63,0.1455,1,Moderado / Regular,-1.0284566670841986,-0.165473297425605
455,1607,3,43.0,42,50.71,57.92,6.8,0.303,0.46,-0.387,-1.203,0,0.0,0,0.0,0,0.0,-3.51,-0.0433,0,Econômico / Suave,-3.0247428950281616,0.25019313988372427
455,1624,0,119.0,93,31.74,71.68,28.58,0.649,1.851,-0.814,-2.217,3,1.51,0,0.0,0,0.333,2.15,0.0541,1,Moderado / Regular,1.0305090848806493,0.7752980506391673
455,1624,1,118.0,85,47.05,73.94,31.22,0.213,0.329,-0.907,-2.059,3,1.53,0,0.0,0,0.271,0.83,0.0179,0,Econômico / Suave,-1.71011351928907,2.444513032547465
455,1624,2,48.0,37,26.25,54.11,20.08,1.118,2.331,-0.911,-2.041,1,1.25,2,2.5,0,0.297,3.98,0.0419,2,Agressivo / Dinâmico,4.403115920259715,-0.22988274528433522
455,1634,0,100.0,71,19.52,54.42,15.95,1.038,1.893,-0.662,-1.431,0,0.0,0,0.0,0,0.268,3.84,0.0746,1,Moderado / Regular,1.12600205329021,-1.8720449605911216
455,1634,1,119.0,93,33.86,65.57,24.91,0.728,1.615,-0.673,-2.448,2,1.01,0,0.0,0,0.28,6.49,0.1703,1,Moderado / Regular,0.6398847081951717,0.31477324700334347
455,1634,2,40.0,32,21.19,48.9,18.5,0.976,2.459,-1.113,-1.756,0,0.0,2,3.0,0,0.312,3.43,0.0386,2,Agressivo / Dinâmico,4.154328329826924,-0.9565390403232484
455,1635,0,119.0,91,23.74,48.49,19.79,0.534,1.707,-0.769,-3.09,3,1.51,0,0.0,0,0.319,1.67,0.0451,1,Moderado / Regular,0.22481190403710571,0.08630202154053507
455,1635,1,116.0,106,35.48,60.49,18.62,0.712,2.128,-0.991,-3.056,5,2.59,1,0.52,0,0.094,4.13,0.1325,2,Agressivo / Dinâmico,1.7441477831560883,0.9824113279162057
455,1635,2,119.0,103,28.03,67.13,24.25,0.621,1.874,-0.524,-1.067,0,0.0,0,0.0,0,0.291,5.13,0.1519,1,Moderado / Regular,0.3311007344448719,-0.4428960772000836
455,1635,3,97.0,97,41.1,66.1,15.27,0.984,1.945,-0.969,-2.42,5,3.09,0,0.0,0,0.0,3.5,0.0943,2,Agressivo / Dinâmico,1.7837684319791047,0.8680350316318932
455,1637,0,88.0,86,24.85,42.9,11.46,0.841,1.849,-0.837,-2.715,2,1.36,0,0.0,0,0.047,4.75,0.1149,1,Moderado / Regular,0.7242564554858245,-0.8505347295995146
455,1641,0,116.0,106,49.94,72.85,22.15,0.274,0.906,-0.495,-1.126,0,0.0,0,0.0,0,0.075,2.6,0.0763,0,Econômico / Suave,-1.8896594135884093,1.0565221677961845
455,1641,1,115.0,76,9.28,29.31,9.24,0.745,1.553,-0.598,-1.45,0,0.0,0,0.0,0,0.408,3.16,0.0818,1,Moderado / Regular,-0.23347401478748958,-2.279063645279359
455,1641,2,113.0,103,33.41,55.26,19.49,0.602,2.024,-0.515,-1.449,0,0.0,1,0.53,0,0.087,4.12,0.1343,1,Moderado / Regular,0.60108900733489,-0.3352627917806254
455,1641,3,120.0,118,52.02,66.61,10.85,0.267,0.694,-0.404,-0.935,0,0.0,0,0.0,0,0.0,4.35,0.142,0,Econômico / Suave,-2.69197453261498,0.5553380211028516
455,1641,4,115.0,82,24.04,51.4,21.49,0.606,1.491,-0.594,-1.748,0,0.0,0,0.0,0,0.366,1.15,0.0334,1,Moderado / Regular,-0.20575093338992198,-0.7096476596546359
455,1641,5,120.0,80,14.86,48.83,17.65,0.896,1.568,-0.492,-1.4,0,0.0,0,0.0,0,0.512,1.33,0.0379,1,Moderado / Regular,0.5356279514874456,-1.7544354128087651
455,1641,6,117.0,106,38.1,69.05,23.87,0.498,1.031,-0.681,-1.923,0,0.0,0,0.0,0,0.113,1.63,0.0519,1,Moderado / Regular,-0.980825638782543,0.2846066684273031
455,1641,7,120.0,116,40.99,60.26,16.73,0.563,1.948,-0.682,-1.94,0,0.0,0,0.0,0,0.06,4.51,0.1463,1,Moderado / Regular,-0.2216299939800447,-0.1983127532263217
455,1648,0,120.0,115,69.75,89.02,25.42,0.327,1.642,-0.839,-3.283,5,2.5,0,0.0,0,0.035,9.61,0.3203,0,Econômico / Suave,-0.21511863907966733,3.370315887521192
455,1648,1,120.0,120,76.01,92.92,18.79,0.677,2.321,-0.534,-2.056,1,0.5,5,2.5,0,0.0,16.82,0.5607,2,Agressivo / Dinâmico,2.4910631289825123,2.1826255643832275
455,1648,2,120.0,103,55.8,89.84,30.92,0.796,2.108,-0.667,-1.942,0,0.0,1,0.5,0,0.146,-1.01,-0.022,2,Agressivo / Dinâmico,1.5268688018231535,1.0621630236997335
455,1648,3,120.0,116,52.09,79.44,18.7,0.531,1.885,-0.681,-1.536,0,0.0,0,0.0,0,0.026,6.79,0.2193,1,Moderado / Regular,-0.3754014404502112,0.4780993159563694
455,1648,4,120.0,117,63.68,81.4,22.65,0.525,2.249,-0.718,-2.588,6,3.0,1,0.5,0,0.026,5.84,0.2014,2,Agressivo / Dinâmico,1.433420887455098,2.9734572602201834
455,1648,5,120.0,114,54.87,84.67,26.58,0.68,1.771,-0.982,-3.003,7,3.5,0,0.0,0,0.07,7.93,0.2653,2,Agressivo / Dinâmico,1.3518819685401349,2.80545684801655
455,1648,6,120.0,119,94.5,109.34,16.29,0.282,0.744,-0.566,-2.256,3,1.5,0,0.0,0,0.0,2.32,0.0873,0,Econômico / Suave,-2.2443859524158585,3.6312877357005484
455,1648,7,115.0,102,35.81,60.64,20.44,0.721,1.856,-0.875,-2.825,5,2.61,0,0.0,0,0.127,5.19,0.1514,2,Agressivo / Dinâmico,1.1427946761928771,1.0171623165204446
455,1652,0,111.0,94,38.1,74.96,23.43,0.508,1.309,-0.665,-2.217,1,0.54,0,0.0,0,0.181,2.06,0.0579,1,Moderado / Regular,-0.5159083214928529,0.5074855712026276
455,1652,1,106.0,73,20.86,66.46,23.53,0.896,2.25,-0.922,-2.059,1,0.57,1,0.57,0,0.329,5.31,0.121,2,Agressivo / Dinâmico,2.130069062528242,-0.792920796928219
455,1652,2,31.0,31,68.07,81.87,16.85,0.994,2.4,-0.283,-0.425,0,0.0,2,3.87,0,0.0,21.84,0.1881,2,Agressivo / Dinâmico,4.367643934042828,1.302376632336928
455,1656,0,120.0,106,22.51,52.88,15.54,0.67,1.512,-0.67,-2.147,2,1.0,0,0.0,0,0.17,3.98,0.1188,1,Moderado / Regular,0.025901060501899154,-0.6503465304962611
455,1656,1,114.0,61,2.93,26.59,6.91,0.0,0.0,-0.589,-1.119,0,0.0,0,0.0,0,0.82,0.48,0.0191,0,Econômico / Suave,-3.874320869503564,-1.4791395085127106
455,1656,2,99.0,42,0.0,0.0,0.0,0.0,0.0,0.0,0.0,0,0.0,0,0.0,0,1.0,0.7,0.0194,0,Econômico / Suave,-4.181031131438371,-2.00365689244464
455,1656,3,104.0,48,0.0,0.0,0.0,0.0,0.0,0.0,0.0,0,0.0,0,0.0,0,1.0,0.59,0.0161,0,Econômico / Suave,-4.181031131438371,-2.00365689244464
455,1656,4,120.0,115,30.24,54.33,14.7,0.523,1.519,-0.772,-2.493,2,1.0,0,0.0,0,0.052,3.98,0.1334,1,Moderado / Regular,-0.4633195303641496,-0.14165166863544817
455,1656,5,116.0,97,36.61,56.91,20.49,0.684,2.02,-0.501,-1.269,0,0.0,1,0.52,0,0.175,3.71,0.1043,1,Moderado / Regular,0.8245009123895426,-0.24393516488278205
455,1656,6,116.0,87,33.46,60.48,21.75,0.704,1.677,-0.759,-2.997,3,1.55,0,0.0,0,0.195,6.63,0.1712,1,Moderado / Regular,0.6622721754443311,0.44194302497899435
455,1656,7,120.0,120,45.82,54.62,6.19,0.226,0.469,-0.395,-1.789,0,0.0,0,0.0,0,0.0,3.68,0.1225,0,Econômico / Suave,-3.2042888631957473,0.09288407814860974
455,1656,8,120.0,118,43.35,59.38,13.08,0.435,1.283,-0.334,-1.406,0,0.0,0,0.0,0,0.034,1.33,0.0418,0,Econômico / Suave,-1.4499402363831997,-0.029275529756944446
455,1656,9,114.0,113,34.01,52.04,11.53,0.488,1.418,-0.718,-1.847,0,0.0,0,0.0,0,0.027,7.36,0.2299,1,Moderado / Regular,-1.1610468404600882,-0.6390550640432415
455,1656,10,83.0,48,6.78,17.6,6.79,0.432,1.164,-0.218,-0.305,0,0.0,0,0.0,0,0.479,1.18,0.0224,1,Moderado / Regular,-1.5603943512950602,-2.054377047546266
455,1656,11,120.0,118,29.35,68.75,18.59,0.733,1.569,-0.512,-1.442,0,0.0,0,0.0,0,0.025,4.57,0.1492,1,Moderado / Regular,0.02368274506998293,-0.8103307238365115
455,1656,12,106.0,95,45.57,64.56,22.39,0.626,1.53,-0.601,-1.781,0,0.0,0,0.0,0,0.105,7.42,0.2044,1,Moderado / Regular,-0.2600533962919259,0.304346765705679
455,1656,13,120.0,117,60.01,69.54,8.54,0.345,2.028,-0.398,-1.818,0,0.0,1,0.5,0,0.0,6.92,0.2267,0,Econômico / Suave,-0.8603993687554843,0.6198434959473952
455,1656,14,117.0,107,42.96,70.65,23.02,0.56,1.497,-0.84,-2.02,1,0.51,0,0.0,0,0.093,2.37,0.0721,1,Moderado / Regular,-0.2548686044097212,0.596086508349329
455,1661,0,120.0,119,50.25,71.21,17.09,0.735,2.075,-0.983,-2.369,2,1.0,1,0.5,0,0.017,6.38,0.2168,2,Agressivo / Dinâmico,1.0289142698034919,0.6689371370826417
455,1661,1,49.0,49,46.8,66.89,15.28,0.743,1.533,-0.984,-2.96,3,3.67,0,0.0,0,0.0,1.22,0.0166,2,Agressivo / Dinâmico,0.8503864629914618,1.8377340170383516
455,1675,0,120.0,119,75.71,86.62,10.47,0.403,1.437,-0.279,-0.862,0,0.0,0,0.0,0,0.0,10.14,0.3368,0,Econômico / Suave,-1.7863740768844858,1.3427288487396185
455,1675,1,120.0,112,39.68,72.45,27.87,0.334,0.862,-0.588,-2.699,2,1.0,0,0.0,0,0.062,2.7,0.0861,0,Econômico / Suave,-1.0970282749148659,1.3833769764321073
455,1675,2,117.0,99,8.01,20.57,5.84,0.437,1.637,-0.659,-1.664,0,0.0,0,0.0,0,0.232,1.08,0.0357,1,Moderado / Regular,-1.1100879470714413,-2.1229855943925875
455,1675,3,112.0,94,41.28,68.36,27.48,0.698,1.426,-0.719,-1.92,0,0.0,0,0.0,0,0.181,2.89,0.081,1,Moderado / Regular,0.1043165019931719,0.3091327103007623
455,1675,4,112.0,86,12.19,34.24,11.71,0.689,1.62,-0.559,-1.296,0,0.0,0,0.0,0,0.349,1.72,0.0493,1,Moderado / Regular,-0.21803803618984802,-1.9386946519287762
455,1675,5,119.0,68,8.67,46.81,14.38,0.832,1.707,-0.17,-0.287,0,0.0,0,0.0,0,0.691,3.77,0.0863,1,Moderado / Regular,0.4095209278120196,-2.157182100004909
455,1675,6,120.0,118,64.73,76.46,7.15,0.299,0.661,-0.237,-0.497,0,0.0,0,0.0,0,0.0,8.31,0.2811,0,Econômico / Suave,-2.933023429806628,0.8960741761686098
455,1675,7,115.0,77,11.24,59.03,17.59,0.459,0.928,-0.734,-2.134,2,1.04,0,0.0,0,0.481,-0.25,0.0048,1,Moderado / Regular,-0.9286625666372881,-0.6672585677544561
455,1675,8,120.0,116,37.31,62.88,18.11,0.473,1.344,-0.79,-1.917,0,0.0,0,0.0,0,0.052,6.19,0.2041,1,Moderado / Regular,-0.9903001805417784,-0.08544691302149823
455,1675,9,120.0,119,42.88,67.7,19.64,0.531,1.643,-0.515,-1.51,0,0.0,0,0.0,0,0.0,5.56,0.1851,1,Moderado / Regular,-0.5010401089914416,0.13839858774342242
455,1675,10,98.0,84,43.12,65.41,21.83,0.717,1.356,-0.826,-2.047,1,0.61,0,0.0,0,0.107,6.78,0.1627,1,Moderado / Regular,-0.015546511276304338,0.3984445246034592
455,1682,0,113.0,104,30.5,51.91,16.47,0.518,1.373,-0.563,-1.656,0,0.0,0,0.0,0,0.077,3.65,0.1089,1,Moderado / Regular,-0.859938175655672,-0.5577993986313845
455,1682,1,76.0,31,3.99,17.48,5.83,0.0,0.0,-0.36,-0.77,0,0.0,0,0.0,0,0.645,0.69,0.019,0,Econômico / Suave,-3.9357293195902243,-1.4909087354573658
455,1682,2,94.0,58,5.95,18.3,6.78,0.312,0.525,-0.243,-0.341,0,0.0,0,0.0,0,0.517,1.34,0.0315,0,Econômico / Suave,-2.5369007612656556,-1.8424150580510141
455,1682,3,112.0,98,12.54,52.47,14.89,0.746,1.561,-0.512,-1.392,0,0.0,0,0.0,0,0.224,3.86,0.1123,1,Moderado / Regular,0.020626794668828125,-1.8126734806567384
455,1682,4,120.0,101,40.57,72.57,26.86,0.371,1.513,-0.734,-1.261,0,0.0,0,0.0,0,0.188,3.12,0.0925,1,Moderado / Regular,-0.690362616263425,0.6729712768270745
455,1682,5,120.0,111,43.23,66.76,24.41,0.562,1.834,-0.559,-1.56,0,0.0,0,0.0,0,0.108,4.07,0.1245,1,Moderado / Regular,0.006633508491760269,0.35471626385701416
455,1682,6,110.0,95,36.24,63.48,17.88,0.497,1.94,-0.727,-1.513,0,0.0,0,0.0,0,0.095,6.36,0.1754,1,Moderado / Regular,-0.3064270981802481,-0.2626450831778629
455,1682,7,96.0,86,43.15,64.1,20.9,0.651,1.592,-0.43,-1.284,0,0.0,0,0.0,0,0.07,4.24,0.1058,1,Moderado / Regular,-0.17969690904159452,0.06607031055581543
455,1682,19,110.0,74,5.19,42.52,8.78,0.46,1.003,-0.797,-1.579,0,0.0,0,0.0,0,0.608,0.37,0.018,1,Moderado / Regular,-1.5447348501274891,-2.031670911613009
455,1682,20,103.0,85,37.02,60.15,21.84,0.553,1.482,-0.498,-1.892,0,0.0,0,0.0,0,0.165,3.82,0.0952,1,Moderado / Regular,-0.45319043404816506,-0.01643698425008691
455,1682,21,102.0,88,35.3,56.04,13.63,0.563,1.827,-0.393,-1.088,0,0.0,0,0.0,0,0.045,5.14,0.1314,1,Moderado / Regular,-0.4467139810910793,-0.619319322108934
455,1682,22,120.0,120,60.82,77.93,11.13,0.366,0.992,-0.352,-0.867,0,0.0,0,0.0,0,0.0,7.6,0.2532,0,Econômico / Suave,-2.1845367827718056,0.8027352248049185
455,1682,23,93.0,78,31.05,63.78,20.76,0.708,1.536,-0.808,-1.731,0,0.0,0,0.0,0,0.154,1.69,0.0416,1,Moderado / Regular,0.012731883674585514,-0.5710764086840023
455,1682,24,117.0,106,40.55,57.35,17.42,0.477,2.045,-0.612,-1.671,0,0.0,1,0.51,0,0.038,3.24,0.101,1,Moderado / Regular,0.11386682163896539,0.040534903745265916
455,1682,25,104.0,82,18.83,49.55,16.19,0.771,1.571,-0.895,-2.354,1,0.58,0,0.0,0,0.28,3.14,0.0768,1,Moderado / Regular,0.28582340416782653,-1.1621021720714781
455,1682,26,73.0,64,26.22,49.44,17.87,0.727,1.691,-0.765,-1.57,0,0.0,0,0.0,0,0.172,4.79,0.0877,1,Moderado / Regular,0.12833781145468132,-1.0043239567672804
455,1695,0,120.0,117,39.3,57.71,13.7,0.47,1.257,-0.554,-1.51,0,0.0,0,0.0,0,0.017,2.13,0.071,0,Econômico / Suave,-1.3190303923044409,-0.22559184512415245
455,1695,1,109.0,98,35.94,48.4,15.0,0.46,1.375,-0.706,-2.386,2,1.1,0,0.0,0,0.071,-0.57,-0.0091,1,Moderado / Regular,-0.7844570797019275,0.29967683229477543
455,1695,2,104.0,83,13.81,33.66,11.72,0.693,1.805,-0.563,-1.409,0,0.0,0,0.0,0,0.277,1.62,0.0417,1,Moderado / Regular,-0.028260383492151358,-1.8941429959176583
455,1695,3,120.0,79,3.27,17.24,4.29,0.336,0.794,-0.444,-0.78,0,0.0,0,0.0,0,0.544,2.0,0.0567,0,Econômico / Suave,-2.2889263406639726,-2.176205645973746
455,1695,4,120.0,116,17.23,33.02,8.92,0.549,1.209,-0.466,-1.248,0,0.0,0,0.0,0,0.052,2.45,0.083,1,Moderado / Regular,-1.1951935882818787,-1.6160392721582455
455,1695,5,110.0,71,3.73,13.73,4.56,0.307,0.549,-0.343,-0.624,0,0.0,0,0.0,0,0.563,0.53,0.0193,0,Econômico / Suave,-2.612216086126707,-2.0665991585187524
455,1695,6,102.0,55,0.0,0.0,0.0,0.0,0.0,0.0,0.0,0,0.0,0,0.0,0,1.0,0.85,0.0247,0,Econômico / Suave,-4.181031131438371,-2.00365689244464
455,1695,7,114.0,89,6.22,19.87,6.66,0.333,0.78,-0.353,-0.997,0,0.0,0,0.0,0,0.416,2.37,0.0671,0,Econômico / Suave,-2.2235150821855543,-1.9003394129802562
455,1695,8,103.0,91,22.06,40.66,13.17,0.598,1.536,-0.656,-1.898,0,0.0,0,0.0,0,0.11,4.4,0.1163,1,Moderado / Regular,-0.5628928560124694,-1.2649537852969253
455,1695,9,108.0,95,32.9,52.86,16.51,0.361,1.386,-0.487,-1.355,0,0.0,0,0.0,0,0.105,1.82,0.0523,0,Econômico / Suave,-1.2795815038940974,-0.23335921685400077
455,1695,10,120.0,120,37.2,57.92,10.28,0.434,0.99,-0.487,-1.356,0,0.0,0,0.0,0,0.0,4.92,0.1639,0,Econômico / Suave,-1.8386909964057405,-0.4295909314949977
455,1695,11,99.0,79,14.32,32.29,9.2,0.404,0.831,-0.46,-1.12,0,0.0,0,0.0,0,0.139,1.23,0.0321,0,Econômico / Suave,-1.9327071166805203,-1.4860445862477192
455,1695,12,82.0,35,0.0,0.0,0.0,0.0,0.0,0.0,0.0,0,0.0,0,0.0,0,1.0,0.98,0.0225,0,Econômico / Suave,-4.181031131438371,-2.00365689244464
455,1695,13,86.0,40,0.0,0.0,0.0,0.0,0.0,0.0,0.0,0,0.0,0,0.0,0,1.0,0.84,0.0197,0,Econômico / Suave,-4.181031131438371,-2.00365689244464
455,1695,14,123.0,108,18.57,38.52,11.99,0.46,1.167,-0.565,-1.445,0,0.0,0,0.0,0,0.167,1.99,0.0649,1,Moderado / Regular,-1.337710330201455,-1.2547129453105041
455,1695,15,109.0,99,33.22,64.97,23.49,0.575,1.644,-0.607,-1.464,0,0.0,0,0.0,0,0.111,3.69,0.1063,1,Moderado / Regular,-0.11291138757781176,-0.15150169182863016
455,1695,16,96.0,67,15.76,63.65,21.83,0.571,1.193,-0.816,-1.764,0,0.0,0,0.0,0,0.478,-1.36,-0.0173,1,Moderado / Regular,-0.5192510364695572,-0.9849074592772052
455,1695,17,120.0,119,38.46,58.1,15.7,0.7,1.911,-0.655,-2.216,3,1.5,0,0.0,0,0.025,7.89,0.2637,1,Moderado / Regular,0.5446367437626998,0.27804454535113055
455,1695,18,120.0,117,40.61,56.45,14.42,0.548,1.474,-0.617,-1.507,0,0.0,0,0.0,0,0.043,5.09,0.1661,1,Moderado / Regular,-0.8638502811581952,-0.2602054539184616
455,1695,19,118.0,111,31.62,56.25,14.27,0.535,1.053,-0.762,-2.438,2,1.02,0,0.0,0,0.036,3.18,0.1005,1,Moderado / Regular,-0.944837518304593,-0.04293922970668445
455,1695,20,102.0,95,33.65,56.89,16.49,0.775,2.317,-1.05,-2.245,1,0.59,2,1.18,0,0.074,2.39,0.0645,2,Agressivo / Dinâmico,1.941760400183098,-0.29162848518494305
455,1695,21,77.0,54,33.71,60.35,25.92,0.679,1.23,0.0,0.0,0,0.0,0,0.0,0,0.278,7.66,0.12,1,Moderado / Regular,-0.1583115121996413,-0.07601899688430538
455,1716,0,120.0,119,65.31,74.03,6.75,0.353,0.839,-0.406,-2.192,1,0.5,0,0.0,0,0.0,6.22,0.2093,0,Econômico / Suave,-2.4722980952464026,1.0799482775134959
455,1716,1,36.0,35,20.75,40.41,12.44,0.892,1.802,-0.994,-2.634,2,3.33,0,0.0,0,0.114,1.34,0.0158,2,Agressivo / Dinâmico,1.5116590460188155,0.04512098876657431
455,1720,0,120.0,110,52.41,84.42,29.48,0.914,1.958,-0.569,-1.453,0,0.0,0,0.0,0,0.109,10.61,0.3235,1,Moderado / Regular,1.2265801867108936,0.5701405378353871
455,1720,1,120.0,95,41.59,78.77,32.95,0.309,0.673,-0.763,-2.213,2,1.0,0,0.0,0,0.347,-0.27,-0.009,0,Econômico / Suave,-1.1325827879701422,1.8176774898023904
455,1720,2,120.0,112,82.97,116.23,39.13,0.546,1.58,-0.172,-0.231,0,0.0,0,0.0,0,0.107,22.48,0.6988,0,Econômico / Suave,0.055382160487918566,3.078223046195341
455,1720,3,119.0,111,77.69,123.19,45.23,0.414,1.142,-0.926,-2.964,6,3.03,0,0.0,0,0.036,6.3,0.2014,2,Agressivo / Dinâmico,0.5420019389536181,5.097716063075666
455,1720,4,121.0,116,51.17,66.99,16.64,0.502,2.064,-0.561,-1.738,0,0.0,1,0.5,0,0.026,5.6,0.18,1,Moderado / Regular,0.05948586509438167,0.44900886073738255
455,1720,5,118.0,98,36.5,68.22,25.54,0.879,2.362,-0.757,-1.548,0,0.0,2,1.02,0,0.276,6.61,0.1781,2,Agressivo / Dinâmico,2.3551541008312227,-0.16164794300669338
455,1720,6,120.0,120,34.89,66.11,13.03,0.393,1.483,-0.66,-2.498,2,1.0,0,0.0,0,0.0,0.97,0.0322,0,Econômico / Suave,-0.9652491310347453,0.1607278807136246
455,1720,7,114.0,87,5.29,14.56,4.59,0.3,0.603,-0.462,-1.244,0,0.0,0,0.0,0,0.345,0.38,0.0077,0,Econômico / Suave,-2.586694606390671,-1.9907070942345397
455,1720,8,118.0,93,13.48,29.38,9.87,0.297,0.576,-0.246,-0.53,0,0.0,0,0.0,0,0.215,1.63,0.0394,0,Econômico / Suave,-2.4412423934499987,-1.3068624927398618
455,1720,9,120.0,118,36.89,64.44,13.15,0.682,1.766,-0.53,-1.641,0,0.0,0,0.0,0,0.0,4.18,0.1409,1,Moderado / Regular,-0.23394060938202854,-0.7258094710209803
455,1720,10,120.0,102,42.01,69.47,26.91,0.718,2.376,-0.704,-1.693,0,0.0,3,1.5,0,0.225,5.52,0.1581,2,Agressivo / Dinâmico,2.361317469975245,0.49698813780145656
455,1720,11,115.0,88,39.63,67.34,25.46,0.987,2.263,-0.888,-2.561,2,1.04,3,1.57,0,0.17,1.68,0.0396,2,Agressivo / Dinâmico,3.2883894333686374,0.5489532711328441
455,1720,12,117.0,108,57.13,109.17,32.69,1.08,2.698,-0.901,-2.069,1,0.51,6,3.08,0,0.093,15.7,0.4704,2,Agressivo / Dinâmico,5.268844087808239,1.6318688781870387
455,1720,13,120.0,119,110.31,115.69,2.94,0.128,0.169,-0.225,-0.749,0,0.0,0,0.0,0,0.0,14.84,0.4965,0,Econômico / Suave,-4.504599278312954,3.0671339482682187
455,1720,14,31.0,31,78.45,98.75,18.56,0.0,0.0,-0.596,-1.851,0,0.0,0,0.0,0,0.0,-8.51,-0.0733,0,Econômico / Suave,-3.9835868277765303,2.6697581807136186
455,1722,0,111.0,100,41.02,69.01,22.77,0.648,2.039,-0.843,-1.971,0,0.0,1,0.54,0,0.12,1.88,0.0583,1,Moderado / Regular,0.8367056034237282,0.1391994056855556
455,1722,1,66.0,65,51.14,63.02,12.21,0.577,1.528,-0.507,-1.901,0,0.0,0,0.0,0,0.0,3.13,0.0541,0,Econômico / Suave,-0.9308948110554186,0.05564682067605677
455,1727,0,120.0,115,49.0,76.09,20.25,0.609,2.441,-1.125,-2.981,3,1.5,2,1.0,0,0.026,5.74,0.1864,2,Agressivo / Dinâmico,1.8145721861113564,1.3015972524919612
455,1727,1,80.0,80,42.72,61.82,14.0,0.702,2.346,-0.721,-1.719,0,0.0,2,1.5,0,0.0,5.01,0.1113,2,Agressivo / Dinâmico,1.6599138704949552,-0.17109094959520793
455,1735,0,120.0,119,48.37,67.14,15.98,0.562,1.644,-0.701,-1.881,0,0.0,0,0.0,0,0.017,6.68,0.2247,1,Moderado / Regular,-0.6432305874817691,0.14410303119913018
455,1735,1,114.0,99,32.59,58.29,17.74,0.608,1.78,-0.726,-1.676,0,0.0,0,0.0,0,0.081,2.82,0.0801,1,Moderado / Regular,-0.1552178934246813,-0.5678570801473183
455,1735,2,114.0,97,25.78,47.97,16.41,0.412,1.322,-0.638,-1.617,0,0.0,0,0.0,0,0.196,2.98,0.084,1,Moderado / Regular,-1.1535892003151615,-0.6286690275016849
455,1735,3,120.0,119,39.07,55.73,10.31,0.465,2.003,-0.507,-2.944,4,2.0,1,0.5,0,0.0,1.03,0.033,1,Moderado / Regular,0.328753321373912,0.7010702789310759
455,1735,4,48.0,38,17.23,36.85,13.51,0.571,1.182,-1.057,-2.101,1,1.25,0,0.0,0,0.289,4.59,0.0518,1,Moderado / Regular,-0.551957679398781,-0.6903493659051864
455,1738,0,120.0,105,36.78,61.26,22.12,0.56,1.744,-0.915,-2.498,5,2.5,0,0.0,0,0.152,4.01,0.1196,1,Moderado / Regular,0.6392371624246269,1.3294286018647867
455,1738,1,69.0,68,26.25,40.63,7.39,0.536,1.323,-0.571,-2.258,1,0.87,0,0.0,0,0.0,3.8,0.0704,1,Moderado / Regular,-0.991040256895865,-0.8004326052657091
455,1739,0,111.0,78,27.25,56.02,21.71,0.871,1.806,-0.769,-2.205,1,0.54,0,0.0,0,0.295,6.85,0.1536,1,Moderado / Regular,0.9732466142831754,-0.6521551746841474
455,1739,1,120.0,119,47.43,66.27,9.6,0.343,1.036,-0.397,-0.847,0,0.0,0,0.0,0,0.0,3.67,0.1242,0,Econômico / Suave,-2.154068070440506,0.12240099448756683
455,1739,2,35.0,35,43.84,53.44,7.74,0.396,0.706,-0.514,-0.963,0,0.0,0,0.0,0,0.0,1.75,0.017,0,Econômico / Suave,-2.4165626503739848,-0.17473721033307715
455,1740,0,120.0,105,44.62,73.08,26.68,0.59,1.927,-0.73,-2.314,2,1.0,0,0.0,0,0.171,1.28,0.0379,1,Moderado / Regular,0.5884304861574146,1.0507219581293634
455,1740,1,65.0,63,43.33,63.9,20.55,0.843,1.635,-0.844,-2.849,5,4.62,0,0.0,0,0.063,5.92,0.1035,2,Agressivo / Dinâmico,1.8032478615436658,2.3511836372244166
455,1751,0,119.0,113,59.89,79.09,21.29,0.506,1.734,-0.59,-1.974,0,0.0,0,0.0,0,0.044,8.14,0.2544,1,Moderado / Regular,-0.5434494968715555,1.039418954960419
455,1751,1,77.0,64,53.0,79.83,31.56,0.659,1.954,-0.912,-2.409,4,3.12,0,0.0,0,0.156,2.49,0.0472,2,Agressivo / Dinâmico,1.6246509764192156,2.7917566496775206
455,1752,0,117.0,113,64.28,85.88,24.67,0.743,1.79,-0.727,-1.791,0,0.0,0,0.0,0,0.027,9.1,0.2853,1,Moderado / Regular,0.2635133514259391,1.10352928225352
455,1752,1,120.0,118,64.93,84.76,15.99,0.324,1.026,-0.444,-1.442,0,0.0,0,0.0,0,0.0,5.53,0.1859,0,Econômico / Suave,-2.062220088094919,1.318712436156209
455,1752,2,118.0,110,41.87,70.44,18.51,0.794,2.178,-1.167,-2.619,4,2.03,2,1.02,0,0.055,1.54,0.0527,2,Agressivo / Dinâmico,2.1901668655566295,0.9577762148093776
455,1752,3,67.0,67,47.38,67.1,16.09,0.836,2.194,-0.763,-1.702,0,0.0,2,1.79,0,0.015,6.66,0.124,2,Agressivo / Dinâmico,2.1547092534568,0.06786903408085047
455,1763,0,120.0,117,53.37,71.29,11.81,0.384,0.854,-0.391,-0.872,0,0.0,0,0.0,0,0.0,3.6,0.1214,0,Econômico / Suave,-2.1822967976388994,0.49104279347942886
455,1763,1,119.0,110,43.24,63.01,19.34,0.456,1.609,-0.63,-1.591,0,0.0,0,0.0,0,0.1,1.75,0.0537,1,Moderado / Regular,-0.751868836156925,0.2445896091272466
455,1763,2,120.0,119,54.4,69.6,14.65,0.431,1.412,-0.493,-1.587,0,0.0,0,0.0,0,0.0,1.63,0.0534,0,Econômico / Suave,-1.3482847827883402,0.5578422241541376
455,1763,3,120.0,106,30.99,50.61,14.98,0.488,1.375,-0.423,-1.212,0,0.0,0,0.0,0,0.094,1.17,0.0327,1,Moderado / Regular,-1.0130195287776125,-0.5785942479744345
455,1763,4,30.0,30,33.46,42.5,7.33,0.3,0.601,-0.147,-0.191,0,0.0,0,0.0,0,0.0,9.75,0.0813,0,Econômico / Suave,-2.706849464784208,-0.5332221946222345
455,1766,0,120.0,103,27.21,55.26,16.48,0.873,2.007,-0.79,-1.634,0,0.0,1,0.5,0,0.146,6.32,0.1883,1,Moderado / Regular,1.1828432500313437,-1.1636386762183015
455,1766,1,120.0,117,37.42,73.2,21.23,0.773,1.815,-0.819,-2.456,3,1.5,0,0.0,0,0.051,4.54,0.1481,1,Moderado / Regular,0.9123375351539417,0.45546414596502954
455,1766,2,117.0,91,32.88,61.71,23.77,0.576,1.619,-0.455,-1.278,0,0.0,0,0.0,0,0.22,5.6,0.1498,1,Moderado / Regular,-0.11987479738900701,-0.1493738682853407
455,1766,3,119.0,113,28.28,57.19,11.11,0.573,1.327,-0.608,-2.243,1,0.5,0,0.0,0,0.018,1.42,0.0478,1,Moderado / Regular,-0.8443923696826954,-0.7531170914006963
455,1779,0,120.0,118,55.68,77.81,23.19,0.785,1.831,-0.943,-3.09,8,4.0,0,0.0,0,0.0,3.97,0.1309,2,Agressivo / Dinâmico,1.6778467789759053,2.778741687663315
455,1779,1,120.0,119,55.03,76.12,21.23,0.939,2.02,-0.448,-2.044,1,0.5,1,0.5,0,0.008,12.27,0.4087,2,Agressivo / Dinâmico,1.5091759630560262,0.5765775536737158
455,1779,2,119.0,112,51.3,77.92,22.4,0.877,1.883,-0.649,-2.001,1,0.5,0,0.0,0,0.036,6.31,0.1978,1,Moderado / Regular,0.8766779509967845,0.45813707602912107
455,1782,0,120.0,104,38.49,60.93,19.06,0.689,1.825,-0.588,-1.85,0,0.0,0,0.0,0,0.106,3.73,0.1162,1,Moderado / Regular,0.11646746546453958,-0.3367368606787597
455,1782,1,120.0,118,31.46,50.93,10.69,0.581,1.879,-0.609,-1.273,0,0.0,0,0.0,0,0.0,3.49,0.1181,1,Moderado / Regular,-0.4524632755932582,-0.9940278812559468
455,1784,0,120.0,114,32.3,54.45,15.82,0.618,1.501,-0.629,-1.897,0,0.0,0,0.0,0,0.096,3.52,0.1129,1,Moderado / Regular,-0.5099916259057745,-0.6644402277223689
455,1784,1,119.0,95,21.09,48.82,18.16,0.655,1.233,-0.61,-2.32,2,1.01,0,0.0,0,0.253,0.87,0.0257,1,Moderado / Regular,-0.16300482375118636,-0.5041592487125495
455,1784,2,120.0,111,27.39,46.78,14.83,0.558,1.641,-0.526,-1.445,0,0.0,0,0.0,0,0.126,2.81,0.0869,1,Moderado / Regular,-0.5260896575340407,-0.8851950677791799
455,1784,3,71.0,51,17.66,37.63,14.36,0.848,1.46,-0.773,-1.24,0,0.0,0,0.0,0,0.294,1.88,0.0293,1,Moderado / Regular,0.11309693893292834,-1.7301256156078624
455,1788,0,95.0,93,53.99,72.05,12.39,0.434,1.19,-0.394,-0.994,0,0.0,0,0.0,0,0.0,7.0,0.1876,0,Econômico / Suave,-1.6773112404457695,0.4382024769615863
455,1790,0,114.0,91,41.34,76.05,27.01,0.674,1.815,-1.106,-2.123,1,0.53,0,0.0,0,0.187,5.51,0.142,1,Moderado / Regular,0.5903732396152656,0.5583625925514873
455,1790,1,120.0,112,50.64,67.97,13.88,0.724,2.382,-0.442,-1.394,0,0.0,3,1.5,0,0.018,4.43,0.1439,2,Agressivo / Dinâmico,1.6794218285594271,0.15367317491033733
455,1790,2,116.0,114,32.09,44.81,9.62,0.751,1.908,-0.661,-1.598,0,0.0,0,0.0,0,0.0,2.89,0.0889,1,Moderado / Regular,-0.03119112627701624,-1.2597306021551868
455,1793,0,102.0,82,68.56,92.12,30.37,0.676,1.789,-1.014,-2.358,6,3.53,0,0.0,0,0.098,7.84,0.1881,2,Agressivo / Dinâmico,1.430541050907401,3.671609196981371
455,1793,1,120.0,119,59.01,80.88,20.82,0.612,2.377,-0.714,-2.954,3,1.5,2,1.0,0,0.0,7.77,0.2584,2,Agressivo / Dinâmico,1.6942785160356677,1.8014406452089542
455,1793,2,120.0,118,49.55,81.22,21.43,0.516,1.557,-0.944,-2.294,4,2.0,0,0.0,0,0.025,5.97,0.192,1,Moderado / Regular,0.02451734705626076,1.6893545408953972
455,1793,3,76.0,61,37.24,65.17,26.51,1.001,2.182,-0.894,-2.29,2,1.58,2,1.58,0,0.262,2.79,0.0482,2,Agressivo / Dinâmico,3.4903380483097965,0.7915491869152839
455,1795,0,120.0,116,55.78,76.88,22.01,0.561,1.662,-0.913,-2.06,1,0.5,0,0.0,0,0.06,8.16,0.2691,1,Moderado / Regular,-0.24552456053795216,1.1025382190906419
455,1795,1,120.0,113,59.87,77.26,21.91,0.732,2.036,-0.82,-3.307,7,3.5,1,0.5,0,0.044,7.4,0.2251,2,Agressivo / Dinâmico,1.911851392871076,2.7815196886218154
455,1795,2,120.0,118,65.28,82.83,19.81,0.492,1.565,-0.681,-3.088,2,1.0,0,0.0,0,0.017,7.61,0.2485,0,Econômico / Suave,-0.5619331808243743,1.8024444875409642
455,1795,3,38.0,38,76.44,86.46,7.79,0.363,0.736,-0.585,-0.585,0,0.0,0,0.0,0,0.0,7.39,0.078,0,Econômico / Suave,-2.759133542041405,1.3765703082280156
455,1795,11,120.0,118,65.0,87.21,19.2,0.462,1.685,-0.689,-2.974,4,2.0,0,0.0,0,0.0,6.66,0.2144,0,Econômico / Suave,-0.228683840960265,2.334032749929615
455,1795,12,100.0,94,48.89,72.95,21.83,0.923,2.034,-0.823,-2.262,1,0.6,1,0.6,0,0.064,4.16,0.1031,2,Agressivo / Dinâmico,1.6794871892759915,0.42455995252786916
455,1798,0,78.0,54,32.83,56.41,22.26,0.337,0.635,-0.686,-1.503,0,0.0,0,0.0,0,0.259,-0.06,-0.0005,0,Econômico / Suave,-1.8493635558269865,0.22323340254616164
455,1798,1,113.0,100,32.91,58.89,18.03,0.702,1.859,-0.886,-2.689,4,2.12,0,0.0,0,0.09,5.8,0.1618,1,Moderado / Regular,0.8517088994207053,0.5008976843201345
455,1798,2,120.0,110,33.39,53.25,16.38,0.604,1.695,-0.818,-2.332,4,2.0,0,0.0,0,0.073,4.62,0.1388,1,Moderado / Regular,0.3008016848394481,0.5192035298949279
455,1798,3,103.0,79,19.16,43.13,14.21,0.844,1.483,-0.741,-1.893,0,0.0,0,0.0,0,0.228,3.33,0.084,1,Moderado / Regular,0.10602959849790973,-1.6669356586863835
455,1798,4,106.0,81,17.83,38.26,13.14,0.668,1.547,-0.834,-1.964,0,0.0,0,0.0,0,0.185,2.67,0.0668,1,Moderado / Regular,-0.3307992125163633,-1.558768348736848
455,1798,5,111.0,86,30.54,55.99,20.01,0.79,1.721,-0.874,-2.235,3,1.62,0,0.0,0,0.186,1.62,0.0462,1,Moderado / Regular,0.8990054315435779,0.1250327879744943
455,1798,6,113.0,101,38.53,64.51,19.86,0.734,3.219,-1.141,-3.054,6,3.19,5,2.65,0,0.079,5.41,0.1581,2,Agressivo / Dinâmico,4.932056045138474,1.8347694246562862
455,1798,7,115.0,110,48.11,71.99,19.58,0.441,1.696,-0.904,-2.107,2,1.04,0,0.0,0,0.027,9.55,0.2929,1,Moderado / Regular,-0.405749912061151,1.068627022063238
455,1798,8,90.0,61,32.52,70.26,29.43,0.421,1.012,-0.795,-1.963,0,0.0,0,0.0,0,0.328,4.04,0.0755,1,Moderado / Regular,-0.8863963864693358,0.4465811625105877
455,1814,0,120.0,119,51.17,72.29,17.95,0.408,1.46,-0.507,-1.614,0,0.0,0,0.0,0,0.034,9.27,0.3066,0,Econômico / Suave,-1.1712440100795687,0.6187943882310665
455,1814,1,117.0,98,45.57,70.5,28.81,0.19,0.345,-0.605,-1.965,0,0.0,0,0.0,0,0.224,2.87,0.0798,0,Econômico / Suave,-2.3372719305898597,1.4206378156930872
455,1814,2,114.0,90,34.96,68.96,25.36,0.517,1.534,-0.795,-2.5,1,0.53,0,0.0,0,0.244,5.09,0.1323,1,Moderado / Regular,-0.13964285660883702,0.42210877806343855
455,1831,0,115.0,93,47.97,72.29,25.6,0.615,1.775,-0.688,-2.111,1,0.52,0,0.0,0,0.14,6.42,0.1786,1,Moderado / Regular,0.26322698042977116,0.865652471012848
455,1831,1,120.0,109,45.79,71.57,27.14,0.246,0.528,-0.438,-1.361,0,0.0,0,0.0,0,0.165,0.41,0.0117,0,Econômico / Suave,-2.080980302463772,1.2355969194862977
455,1831,2,120.0,107,41.69,66.26,22.8,0.536,1.896,-0.768,-2.221,1,0.5,0,0.0,0,0.112,4.93,0.1492,1,Moderado / Regular,0.09594014213169678,0.49693702583425176
455,1831,3,120.0,120,30.57,51.59,11.76,0.598,1.583,-0.541,-1.604,0,0.0,0,0.0,0,0.0,6.54,0.218,1,Moderado / Regular,-0.6572408712513383,-0.957193710413905
455,1831,4,120.0,116,34.44,58.32,19.03,0.675,1.823,-0.693,-2.34,2,1.0,0,0.0,0,0.06,2.01,0.0659,1,Moderado / Regular,0.42591464755984526,0.04824881156025065
455,1831,5,113.0,75,7.55,44.35,10.12,0.464,0.887,-0.759,-1.692,0,0.0,0,0.0,0,0.493,-1.12,-0.02,1,Moderado / Regular,-1.6117120566950587,-1.8365048754488607
455,1831,6,118.0,96,21.52,48.7,16.07,0.608,1.33,-0.955,-2.333,2,1.02,0,0.0,0,0.26,3.33,0.0917,1,Moderado / Regular,-0.2869403798621435,-0.5460006573593476
455,1831,7,110.0,82,15.4,36.07,13.58,0.629,2.04,-1.011,-2.123,3,1.64,1,0.55,0,0.378,2.56,0.0668,1,Moderado / Regular,1.095712036616125,-0.6254664914128206
455,1832,0,118.0,75,10.9,43.17,15.19,0.54,1.333,-0.867,-1.806,0,0.0,0,0.0,0,0.56,-0.38,0.0018,1,Moderado / Regular,-0.7313951407791928,-1.5607520899110223
455,1832,1,107.0,96,39.51,50.52,9.92,0.294,1.266,-0.23,-0.45,0,0.0,0,0.0,0,0.01,4.8,0.1345,0,Econômico / Suave,-1.9574278509514556,-0.1911661519332288
455,1832,2,120.0,118,43.0,63.3,19.08,0.638,1.721,-0.645,-1.828,0,0.0,0,0.0,0,0.042,5.03,0.1688,1,Moderado / Regular,-0.16559638973136598,-0.04348109598537489
455,1832,3,107.0,87,37.0,60.6,23.89,0.583,2.169,-0.761,-1.954,0,0.0,1,0.56,0,0.253,2.7,0.0703,1,Moderado / Regular,0.9073049580149818,0.09114443415215537
455,1832,4,70.0,51,30.21,62.53,26.07,0.818,1.797,-0.921,-1.664,0,0.0,0,0.0,0,0.353,3.81,0.0573,1,Moderado / Regular,0.8382816228546456,-0.4962208628575548
455,1840,0,120.0,118,70.47,82.09,10.12,0.381,1.929,-0.306,-1.223,0,0.0,0,0.0,0,0.0,9.37,0.3144,0,Econômico / Suave,-1.3010948848612003,1.0426418898817085
455,1840,1,114.0,107,44.47,72.75,23.48,0.35,1.161,-0.614,-2.876,2,1.05,0,0.0,0,0.019,-0.27,-0.0061,0,Econômico / Suave,-0.9809030027494601,1.3225920563738762
455,1840,2,119.0,116,46.96,73.45,22.61,0.443,1.738,-0.549,-1.836,0,0.0,0,0.0,0,0.026,2.29,0.0746,1,Moderado / Regular,-0.5270321541619065,0.6005780571810452
455,1840,3,121.0,102,51.82,73.86,24.82,0.489,1.833,-0.185,-0.318,0,0.0,0,0.0,0,0.127,10.98,0.3202,1,Moderado / Regular,-0.24332482726970037,0.8742784639659459
455,1840,4,97.0,79,41.5,77.61,33.04,0.251,0.654,-0.73,-1.991,0,0.0,0,0.0,0,0.19,-1.43,-0.0265,0,Econômico / Suave,-1.6141103095198195,1.3451453280327428
455,1840,5,109.0,74,8.79,24.34,8.01,0.519,1.309,-0.549,-1.765,0,0.0,0,0.0,0,0.338,2.24,0.0529,1,Moderado / Regular,-1.138792107874904,-2.0307440615502266
455,1840,6,114.0,92,27.15,61.23,23.93,0.766,2.051,-0.628,-1.815,0,0.0,1,0.53,0,0.315,3.2,0.0875,1,Moderado / Regular,1.3309069189937899,-0.6010551842096791
455,1840,7,118.0,104,43.89,71.41,19.95,0.642,1.676,-0.505,-1.185,0,0.0,0,0.0,0,0.067,7.41,0.2209,1,Moderado / Regular,-0.16803836848052395,0.047441235587910156
455,1840,8,116.0,97,44.57,73.51,26.08,0.632,1.479,-0.973,-2.424,7,3.62,0,0.0,0,0.155,2.32,0.0662,2,Agressivo / Dinâmico,1.0255323315010256,2.472852840831734
455,1840,9,109.0,80,27.64,55.78,23.87,0.519,1.561,-0.665,-1.995,0,0.0,0,0.0,0,0.275,4.86,0.1148,1,Moderado / Regular,-0.27935397543068163,-0.3007920156555995
455,1859,0,115.0,89,49.73,73.78,26.3,0.226,0.468,-0.705,-1.744,0,0.0,0,0.0,0,0.169,3.5,0.0925,0,Econômico / Suave,-2.271746806542569,1.4059543166696522
455,1859,1,112.0,89,36.13,65.33,24.55,0.99,2.438,-0.986,-2.558,4,2.14,5,2.68,0,0.202,5.8,0.1474,2,Agressivo / Dinâmico,4.733948054774192,1.1726483334811166
455,1859,2,121.0,120,34.11,48.39,12.26,0.584,1.661,-0.604,-2.353,2,0.99,0,0.0,0,0.042,3.83,0.1277,1,Moderado / Regular,-0.3092564914659149,-0.20788887139466308
455,1859,3,120.0,119,69.96,106.67,29.35,0.591,1.883,-0.839,-1.586,0,0.0,0,0.0,0,0.008,11.77,0.3982,1,Moderado / Regular,0.13486993007871229,1.8230707265699158
455,1859,4,120.0,120,115.37,121.83,4.34,0.173,0.284,-0.154,-0.229,0,0.0,0,0.0,0,0.0,25.03,0.8344,0,Econômico / Suave,-4.2434250224630725,3.303084608993155
455,1859,5,113.0,107,63.46,112.88,37.46,0.897,1.99,-0.817,-1.938,0,0.0,0,0.0,0,0.037,3.16,0.0951,2,Agressivo / Dinâmico,1.5013441636605174,1.5491189213670002
455,1859,6,59.0,46,25.1,52.42,18.21,0.756,1.382,-0.835,-1.655,0,0.0,0,0.0,0,0.196,0.2,0.0076,1,Moderado / Regular,-0.0914877744154615,-1.0337082044457118
455,1869,0,120.0,101,34.35,63.49,21.27,0.562,1.655,-0.625,-1.433,0,0.0,0,0.0,0,0.198,6.5,0.1914,1,Moderado / Regular,-0.2526152156534731,-0.20809128506293
455,1869,1,120.0,114,51.02,63.08,18.12,0.201,0.412,-0.513,-3.335,4,2.0,0,0.0,0,0.088,0.26,0.0089,0,Econômico / Suave,-2.1735353481754305,2.1562381824114296
455,1869,2,117.0,102,43.96,68.39,23.23,0.625,1.5,-0.691,-1.904,0,0.0,0,0.0,0,0.069,1.89,0.0598,1,Moderado / Regular,-0.23927399023982882,0.28266012068411517
455,1869,3,120.0,116,40.33,61.79,18.31,0.568,1.397,-0.618,-1.77,0,0.0,0,0.0,0,0.069,4.02,0.1306,1,Moderado / Regular,-0.7017288599437154,-0.07068126700824287
455,1869,4,37.0,37,31.1,45.34,10.8,0.57,1.24,-0.957,-1.719,0,0.0,0,0.0,0,0.0,3.16,0.0324,1,Moderado / Regular,-1.1400460208414078,-0.9014315712002609
455,1877,0,118.0,102,22.37,45.88,16.22,0.578,1.513,-0.722,-1.919,0,0.0,0,0.0,0,0.147,2.06,0.0617,1,Moderado / Regular,-0.4955174663120276,-1.0486146165934818
455,1877,1,112.0,62,0.0,0.0,0.0,0.0,0.0,0.0,0.0,0,0.0,0,0.0,0,1.0,0.52,0.0156,0,Econômico / Suave,-4.181031131438371,-2.00365689244464
455,1877,2,115.0,58,0.0,0.0,0.0,0.0,0.0,0.0,0.0,0,0.0,0,0.0,0,1.0,0.5,0.0151,0,Econômico / Suave,-4.181031131438371,-2.00365689244464
455,1877,3,110.0,53,0.0,0.0,0.0,0.0,0.0,0.0,0.0,0,0.0,0,0.0,0,1.0,0.48,0.0141,0,Econômico / Suave,-4.181031131438371,-2.00365689244464
455,1877,4,116.0,47,0.0,0.0,0.0,0.0,0.0,0.0,0.0,0,0.0,0,0.0,0,1.0,0.5,0.0158,0,Econômico / Suave,-4.181031131438371,-2.00365689244464
455,1877,5,109.0,51,0.0,0.0,0.0,0.0,0.0,0.0,0.0,0,0.0,0,0.0,0,1.0,0.49,0.0149,0,Econômico / Suave,-4.181031131438371,-2.00365689244464
455,1877,6,116.0,57,0.0,0.0,0.0,0.0,0.0,0.0,0.0,0,0.0,0,0.0,0,1.0,0.49,0.0159,0,Econômico / Suave,-4.181031131438371,-2.00365689244464
455,1877,7,115.0,62,0.0,0.0,0.0,0.0,0.0,0.0,0.0,0,0.0,0,0.0,0,1.0,0.51,0.0163,0,Econômico / Suave,-4.181031131438371,-2.00365689244464
455,1877,8,120.0,107,21.0,53.28,15.14,0.612,1.765,-0.788,-1.685,0,0.0,0,0.0,0,0.159,4.09,0.1289,1,Moderado / Regular,-0.18266566529325298,-1.253658361626527
455,1879,0,89.0,88,36.18,49.75,9.43,0.345,0.887,-0.535,-1.406,0,0.0,0,0.0,0,0.0,1.68,0.0426,0,Econômico / Suave,-2.2126900755374854,-0.38968375433533375
455,1886,0,120.0,103,37.84,55.33,20.91,0.348,1.302,-0.607,-1.387,0,0.0,0,0.0,0,0.175,5.59,0.1622,0,Econômico / Suave,-1.2335224920256742,0.27204910158976503
455,1886,1,120.0,115,43.08,70.15,23.17,0.523,1.055,-0.775,-2.423,3,1.5,0,0.0,0,0.07,2.61,0.0833,0,Econômico / Suave,-0.49686169210123443,1.2704215886834889
455,1886,2,117.0,117,43.72,59.3,12.2,0.463,1.203,-0.662,-1.663,0,0.0,0,0.0,0,0.0,2.82,0.0917,0,Econômico / Suave,-1.505304539175705,-0.08864931481534008
455,1902,0,113.0,98,32.97,59.98,20.85,0.578,1.641,-0.929,-2.334,4,2.12,0,0.0,0,0.133,3.93,0.0938,1,Moderado / Regular,0.4325228137605404,0.8606985564526942
455,1902,1,79.0,45,9.06,35.42,12.07,0.587,1.021,-1.064,-1.718,0,0.0,0,0.0,0,0.511,2.72,0.04,1,Moderado / Regular,-1.067113173662133,-1.8422211162598379
455,1913,0,109.0,88,35.08,58.69,22.4,0.528,2.085,-0.679,-1.915,0,0.0,2,1.1,0,0.182,6.74,0.1645,2,Agressivo / Dinâmico,1.0686600366678856,0.1286140144517015
455,1913,1,117.0,107,49.66,63.93,17.76,0.503,2.019,-0.601,-1.917,0,0.0,1,0.51,0,0.056,4.93,0.1476,1,Moderado / Regular,0.09078214573398705,0.4493614175813243
455,1913,2,58.0,45,38.19,65.59,23.66,0.693,2.038,-0.752,-1.781,0,0.0,1,1.03,0,0.133,2.15,0.0267,2,Agressivo / Dinâmico,1.4294240644123957,0.10998187929204294
455,1938,0,105.0,105,51.74,71.43,15.64,0.777,1.815,-0.477,-1.629,0,0.0,0,0.0,0,0.0,8.23,0.24,1,Moderado / Regular,0.05573109870501765,-0.03439846873261712
455,1940,0,120.0,120,63.21,82.64,15.46,0.622,1.945,-0.445,-2.124,2,1.0,0,0.0,0,0.0,7.8,0.26,1,Moderado / Regular,-0.013643726469808477,1.2330607134794664
455,1940,1,47.0,43,41.83,67.15,22.26,0.762,1.703,-0.746,-2.976,3,3.83,0,0.0,0,0.093,1.45,0.0262,2,Agressivo / Dinâmico,1.5083595807533625,2.0403256080317913
455,1941,0,120.0,114,42.62,71.0,20.54,0.751,2.134,-0.722,-1.73,0,0.0,1,0.5,0,0.061,6.34,0.1992,1,Moderado / Regular,1.0525696836552552,-0.07433768293977838
455,1941,1,118.0,100,44.02,83.47,25.73,0.644,2.046,-0.633,-1.575,0,0.0,1,0.51,0,0.12,2.32,0.0677,1,Moderado / Regular,0.9244389289765977,0.4421654088204007
455,1944,0,120.0,115,32.9,51.66,17.66,0.457,1.131,-0.376,-0.936,0,0.0,0,0.0,0,0.052,3.97,0.1343,0,Econômico / Suave,-1.2373651312910994,-0.26367544301301143
455,1944,1,120.0,109,41.09,56.3,15.86,0.397,1.844,-0.372,-1.114,0,0.0,0,0.0,0,0.055,2.89,0.0945,1,Moderado / Regular,-0.8105424125848655,-0.0031378877652921966
455,1944,2,92.0,86,29.94,45.66,14.08,0.7,1.963,-0.681,-1.496,0,0.0,0,0.0,0,0.058,4.48,0.1092,1,Moderado / Regular,0.12561993275796485,-1.0465061124442816
455,1946,0,120.0,120,48.4,67.7,15.34,0.429,1.438,-0.633,-2.108,2,1.0,0,0.0,0,0.0,3.62,0.1208,0,Econômico / Suave,-0.926003019357484,0.8730254147935201
455,1946,1,117.0,113,41.3,70.2,16.5,0.637,1.981,-0.606,-1.925,0,0.0,0,0.0,0,0.027,5.45,0.1716,1,Moderado / Regular,-0.005946311774491326,-0.3018555081990337
455,1946,2,120.0,119,106.86,123.48,19.18,0.413,1.397,-0.165,-0.374,0,0.0,0,0.0,0,0.0,22.27,0.7422,0,Econômico / Suave,-1.6588333376105013,3.2658030103052913
455,1946,3,120.0,120,92.5,111.68,29.33,0.202,0.84,-0.586,-2.394,3,1.5,0,0.0,0,0.0,8.59,0.2863,0,Econômico / Suave,-1.709424219212206,4.3681405105636415
455,1946,4,96.0,79,37.85,71.91,28.62,0.798,1.577,-0.364,-0.797,0,0.0,0,0.0,0,0.114,6.99,0.1579,1,Moderado / Regular,0.6108752086169937,0.05818062124934716
455,1954,0,49.0,49,60.21,65.48,3.31,0.277,0.436,-0.226,-0.509,0,0.0,0,0.0,0,0.0,8.2,0.1116,0,Econômico / Suave,-3.3706817347788425,0.5317138253695781
455,1956,0,120.0,119,57.28,68.22,10.42,0.503,1.817,-0.492,-2.053,1,0.5,0,0.0,0,0.0,8.41,0.2814,0,Econômico / Suave,-0.8079617834499621,0.5767657556243327
455,1956,1,111.0,92,47.2,80.67,27.31,0.632,1.876,-1.0,-2.019,1,0.54,0,0.0,0,0.141,2.2,0.051,1,Moderado / Regular,0.5089237630528999,0.9004043012262688
455,1956,2,118.0,82,17.42,48.4,18.83,0.735,1.717,-0.619,-1.563,0,0.0,0,0.0,0,0.439,-0.48,-0.0058,1,Moderado / Regular,0.30088741067901353,-1.3717506378067652
455,1956,3,114.0,65,4.4,24.0,6.55,0.522,1.12,-0.759,-1.646,0,0.0,0,0.0,0,0.6,1.13,0.0274,1,Moderado / Regular,-1.3595281578506726,-2.2939888652907947
455,1956,4,121.0,113,39.65,79.59,21.35,0.768,1.745,-0.823,-1.784,0,0.0,0,0.0,0,0.08,5.84,0.1848,1,Moderado / Regular,0.34115864962178394,-0.2502992920150489
455,1956,5,120.0,120,100.91,115.42,18.07,0.401,1.212,-0.341,-0.931,0,0.0,0,0.0,0,0.0,18.74,0.6247,0,Econômico / Suave,-1.8842359965136888,2.9699017630147577
455,1956,6,120.0,117,102.34,119.11,17.49,0.212,0.588,-0.541,-1.424,0,0.0,0,0.0,0,0.0,10.99,0.3862,0,Econômico / Suave,-3.0744644126693124,3.3458396351454467
455,1956,7,84.0,73,37.65,79.36,29.65,1.054,2.079,-1.163,-2.906,5,3.57,2,1.43,0,0.164,7.41,0.1512,2,Agressivo / Dinâmico,4.170162991884855,1.9990761178617573
455,1958,0,120.0,114,50.65,70.38,20.52,0.615,2.029,-0.676,-1.425,0,0.0,1,0.5,0,0.044,5.96,0.1913,1,Moderado / Regular,0.5122430752871283,0.4949205086103775
455,1958,1,120.0,120,42.86,56.81,10.53,0.551,1.431,-0.756,-2.288,2,1.0,0,0.0,0,0.0,6.77,0.2255,0,Econômico / Suave,-0.7941604900834008,0.1814751756193939
455,1958,2,118.0,109,35.51,62.62,20.31,0.592,1.416,-0.753,-2.546,2,1.02,0,0.0,0,0.119,5.55,0.1758,1,Moderado / Regular,-0.15933779884955107,0.34961756134470384
455,1958,3,35.0,35,38.38,55.13,8.63,0.666,1.299,-0.661,-2.094,1,1.71,0,0.0,0,0.0,-1.84,-0.0179,1,Moderado / Regular,-0.4576564842644344,0.1233679530961832
455,1962,0,120.0,96,8.43,25.03,7.67,0.483,1.256,-0.51,-1.81,0,0.0,0,0.0,0,0.375,2.18,0.0647,1,Moderado / Regular,-1.3021906043815568,-2.0103909095289825
455,1962,1,120.0,117,18.43,29.88,6.64,0.56,1.671,-0.46,-1.314,0,0.0,0,0.0,0,0.017,2.5,0.0858,1,Moderado / Regular,-0.8043274792207333,-1.7675289420498825
455,1962,2,118.0,85,3.98,17.38,5.05,0.353,0.653,-0.441,-1.028,0,0.0,0,0.0,0,0.541,0.82,0.0276,0,Econômico / Suave,-2.3610186044327595,-2.10419532125301
455,1962,3,88.0,36,0.0,0.0,0.0,0.0,0.0,0.0,0.0,0,0.0,0,0.0,0,1.0,0.61,0.0143,0,Econômico / Suave,-4.181031131438371,-2.00365689244464
455,1962,4,76.0,30,0.0,0.0,0.0,0.0,0.0,0.0,0.0,0,0.0,0,0.0,0,1.0,0.76,0.0164,0,Econômico / Suave,-4.181031131438371,-2.00365689244464
455,1962,5,93.0,47,0.0,0.0,0.0,0.0,0.0,0.0,0.0,0,0.0,0,0.0,0,1.0,0.67,0.0173,0,Econômico / Suave,-4.181031131438371,-2.00365689244464
455,1962,6,100.0,50,0.0,0.0,0.0,0.0,0.0,0.0,0.0,0,0.0,0,0.0,0,1.0,0.53,0.014,0,Econômico / Suave,-4.181031131438371,-2.00365689244464
455,1962,7,94.0,42,0.0,0.0,0.0,0.0,0.0,0.0,0.0,0,0.0,0,0.0,0,1.0,0.87,0.0221,0,Econômico / Suave,-4.181031131438371,-2.00365689244464
455,1962,8,66.0,52,11.54,35.57,11.46,0.646,1.11,-0.635,-1.417,0,0.0,0,0.0,0,0.385,3.52,0.0564,1,Moderado / Regular,-0.8700623590585874,-1.8541615864924113
455,1963,0,119.0,105,24.01,52.25,15.31,0.659,2.406,-0.623,-1.619,0,0.0,2,1.01,0,0.133,4.06,0.1236,2,Agressivo / Dinâmico,1.4311467595790202,-1.0251775598838457
455,1963,1,119.0,105,33.3,64.8,21.62,0.803,1.951,-0.735,-1.97,0,0.0,0,0.0,0,0.162,5.89,0.1747,1,Moderado / Regular,0.7178221612581189,-0.6047002090603907
455,1963,2,109.0,103,48.92,66.38,19.05,0.572,2.103,-0.786,-1.835,0,0.0,1,0.55,0,0.049,6.95,0.2034,1,Moderado / Regular,0.46227161926710114,0.39175072333380995
455,1963,3,115.0,92,37.33,71.74,26.06,0.968,2.95,-0.894,-2.901,4,2.09,3,1.57,0,0.228,7.83,0.2038,2,Agressivo / Dinâmico,4.334433491065983,0.9898376891550371
455,1963,4,106.0,90,43.27,66.53,22.66,0.461,1.647,-0.679,-1.271,0,0.0,0,0.0,0,0.1,3.96,0.1028,1,Moderado / Regular,-0.5394294277000741,0.4208510240405482
455,1969,0,120.0,120,24.5,41.63,10.29,0.842,1.784,-0.65,-1.795,0,0.0,0,0.0,0,0.008,6.71,0.2236,1,Moderado / Regular,0.1788481488981165,-1.6794180345187237
455,1969,1,105.0,86,20.16,35.28,11.73,0.65,1.541,-0.787,-1.827,0,0.0,0,0.0,0,0.14,3.65,0.0923,1,Moderado / Regular,-0.47307813703521623,-1.5051279153533976
455,1969,2,120.0,112,25.95,41.98,12.0,0.639,2.13,-0.742,-1.723,0,0.0,1,0.5,0,0.062,1.84,0.0666,1,Moderado / Regular,0.4899119826284587,-1.1736572525300586
455,1969,3,111.0,86,27.78,52.44,20.24,0.914,2.249,-0.789,-2.38,3,1.62,2,1.08,0,0.221,3.32,0.0991,2,Agressivo / Dinâmico,2.7100827364989417,0.017211087060920952
455,1969,4,120.0,111,38.94,65.97,19.03,0.631,1.751,-0.935,-2.182,3,1.5,0,0.0,0,0.054,9.24,0.2963,1,Moderado / Regular,0.35180453739222334,0.6033741180094203
455,1969,5,111.0,97,36.86,67.3,22.94,0.679,1.911,-1.007,-1.892,0,0.0,0,0.0,0,0.155,3.74,0.1032,1,Moderado / Regular,0.38117254263477657,-0.19200407606864633
455,1969,6,115.0,105,41.09,65.66,22.35,0.571,1.742,-0.745,-2.287,3,1.57,0,0.0,0,0.086,1.51,0.0446,1,Moderado / Regular,0.3470047610294212,1.0111803798017724
455,1969,7,109.0,80,19.21,47.54,14.9,0.592,1.386,-0.781,-2.014,1,0.55,0,0.0,0,0.225,0.93,0.0272,1,Moderado / Regular,-0.45404130025661144,-0.965455447500835
455,1969,8,110.0,90,29.57,62.88,19.34,1.026,1.994,-0.984,-1.955,0,0.0,0,0.0,0,0.133,2.21,0.0517,1,Moderado / Regular,1.2738462421541035,-1.2140108908264542
455,1969,9,112.0,89,43.63,76.37,28.87,0.896,2.359,-0.703,-1.993,0,0.0,1,0.54,0,0.191,5.09,0.1278,2,Agressivo / Dinâmico,2.095027579313163,0.22276562791495033
455,1970,0,119.0,117,43.91,63.86,17.31,0.684,1.905,-0.709,-2.366,3,1.51,0,0.0,0,0.0,4.3,0.141,1,Moderado / Regular,0.5284918066799009,0.6488395206958927
455,1972,0,116.0,98,18.73,59.69,22.21,0.405,0.71,-0.542,-2.043,1,0.52,0,0.0,0,0.327,0.22,0.0114,0,Econômico / Suave,-1.3058514169809858,-0.2458818052388656
455,1972,1,60.0,38,32.61,57.92,23.81,0.694,1.507,0.0,0.0,0,0.0,0,0.0,0,0.263,7.37,0.0866,1,Moderado / Regular,0.07856601973966883,-0.30423185815666653
455,1984,0,120.0,119,75.22,86.77,6.87,0.266,0.681,-0.253,-0.561,0,0.0,0,0.0,0,0.0,10.27,0.343,0,Econômico / Suave,-3.1057064374424073,1.407517930724128
455,1984,1,120.0,119,46.12,69.17,19.44,0.483,1.387,-0.473,-1.639,0,0.0,0,0.0,0,0.017,3.5,0.114,0,Econômico / Suave,-0.9331974873526137,0.3774225021231933
455,1984,2,116.0,88,43.13,70.65,28.75,0.246,0.544,-0.704,-2.271,1,0.52,0,0.0,0,0.273,-1.13,-0.0136,0,Econômico / Suave,-1.7999011401858596,1.4894515697989181
455,1984,3,117.0,100,54.26,76.34,20.78,0.62,2.659,-0.262,-0.585,0,0.0,2,1.03,0,0.07,11.89,0.3409,2,Agressivo / Dinâmico,1.6040040266475328,0.7045230947738511
455,1984,4,108.0,83,42.05,72.05,30.13,0.205,0.37,-0.548,-2.596,3,1.67,0,0.0,0,0.289,-0.63,-0.0044,0,Econômico / Suave,-1.6525577733924879,2.234744422407556
455,1984,5,92.0,56,10.38,38.96,13.33,0.678,1.628,-0.607,-1.062,0,0.0,0,0.0,0,0.482,3.43,0.0668,1,Moderado / Regular,-0.14461669403743854,-1.917398315059046
455,1984,6,106.0,76,29.5,60.61,24.41,0.652,1.674,-0.998,-1.502,0,0.0,0,0.0,0,0.289,4.8,0.1165,1,Moderado / Regular,0.19868463920147317,-0.3803634073731605
455,1984,7,120.0,120,59.68,77.26,14.1,0.564,2.164,-0.49,-2.309,3,1.5,1,0.5,0,0.0,9.6,0.3199,2,Agressivo / Dinâmico,0.6003967194891738,1.4338437363151684
455,1984,8,52.0,52,67.45,73.07,3.2,0.223,0.477,-0.258,-0.533,0,0.0,0,0.0,0,0.0,10.64,0.1537,0,Econômico / Suave,-3.5397688323743037,0.927994032705545
455,1997,0,79.0,79,44.08,65.71,12.83,0.717,2.03,-0.671,-2.33,1,0.76,1,0.76,0,0.0,3.81,0.0837,2,Agressivo / Dinâmico,0.9248370058576708,0.10091111975317185
455,1998,0,76.0,59,26.14,50.62,20.28,0.651,1.718,-0.449,-1.236,0,0.0,0,0.0,0,0.271,4.9,0.0823,1,Moderado / Regular,0.07294342754136236,-0.7729834504105442
455,2006,0,80.0,80,56.75,73.65,14.34,0.391,1.048,-0.618,-1.332,0,0.0,0,0.0,0,0.0,4.0,0.0888,0,Econômico / Suave,-1.86949847457257,0.7535517825311252
455,2007,0,120.0,113,51.12,82.17,25.83,0.623,1.354,-0.755,-2.008,1,0.5,0,0.0,0,0.08,7.58,0.2392,1,Moderado / Regular,-0.1783443291986672,1.060418107864662
455,2007,1,120.0,118,66.03,86.51,21.53,0.573,1.321,-0.772,-3.195,4,2.0,0,0.0,0,0.017,13.18,0.4327,0,Econômico / Suave,-0.21304255402547922,2.4124711004784505
455,2007,2,120.0,120,85.99,93.35,6.15,0.219,0.531,-0.364,-1.83,0,0.0,0,0.0,0,0.0,4.88,0.1628,0,Econômico / Suave,-3.5164332475532434,1.9495814489632017
455,2007,3,120.0,114,52.4,78.82,27.71,0.595,2.299,-0.835,-2.602,5,2.5,2,1.0,0,0.053,9.28,0.3051,2,Agressivo / Dinâmico,2.2723914421048566,2.472126473777374
455,2007,4,120.0,119,78.16,90.46,15.21,0.518,2.077,-0.67,-3.305,4,2.0,2,1.0,0,0.0,8.65,0.2879,2,Agressivo / Dinâmico,0.8502221939857219,2.8176410917150267
455,2007,5,120.0,118,48.92,71.16,19.8,0.558,1.562,-0.747,-1.805,0,0.0,0,0.0,0,0.017,5.98,0.1928,1,Moderado / Regular,-0.5603276345387678,0.4013230389218808
455,2007,6,120.0,115,48.33,73.28,20.34,0.604,1.751,-0.889,-2.781,3,1.5,0,0.0,0,0.07,2.27,0.0731,1,Moderado / Regular,0.2603779525764991,1.148066507027359
455,2007,7,41.0,41,61.72,68.42,10.63,0.176,0.302,-0.76,-2.188,1,1.46,0,0.0,0,0.0,-1.38,-0.0157,0,Econômico / Suave,-2.9793924833459924,1.9790338488329955
455,2013,0,120.0,118,51.05,75.11,23.56,0.56,2.028,-0.7,-2.628,3,1.5,1,0.5,0,0.059,6.08,0.1996,2,Agressivo / Dinâmico,0.9799582496960495,1.5914046972276306
455,2013,1,101.0,85,36.93,73.73,27.23,0.654,1.831,-0.917,-1.989,0,0.0,0,0.0,0,0.235,-0.72,-0.0146,1,Moderado / Regular,0.4376988058545372,0.09768358694824172
455,2013,2,124.0,107,27.55,54.51,18.72,0.62,2.026,-0.718,-2.298,1,0.48,1,0.48,0,0.206,3.94,0.1256,1,Moderado / Regular,0.7746963605608554,-0.41955381124998176
455,2013,3,116.0,111,84.21,122.03,35.28,0.705,1.744,-0.479,-1.177,0,0.0,0,0.0,0,0.027,17.52,0.5406,1,Moderado / Regular,0.4493222007610827,2.6805383845998905
455,2013,4,120.0,120,112.43,119.33,4.33,0.243,0.302,-0.3,-0.623,0,0.0,0,0.0,0,0.0,19.19,0.6395,0,Econômico / Suave,-4.01450898606293,3.0690975360567414
455,2013,5,101.0,96,63.39,109.26,31.86,0.75,1.9,-0.816,-2.143,3,1.78,0,0.0,0,0.042,3.03,0.0872,2,Agressivo / Dinâmico,1.309705752524796,2.4298803468598513
455,2014,0,120.0,119,59.68,106.56,24.93,0.633,2.036,-0.752,-2.317,3,1.5,1,0.5,0,0.017,10.37,0.3445,2,Agressivo / Dinâmico,1.170110206908539,1.96756712797516
455,2014,1,120.0,119,102.71,113.79,7.24,0.3,0.877,-0.29,-0.637,0,0.0,0,0.0,0,0.0,8.76,0.2991,0,Econômico / Suave,-3.0376185943995595,2.626702121186758
455,2014,2,120.0,120,52.32,108.66,24.47,0.457,1.11,-0.699,-2.196,2,1.0,0,0.0,0,0.0,4.12,0.1375,0,Econômico / Suave,-0.7897935248568174,1.5755641275495968
455,2014,3,120.0,115,47.64,83.33,26.54,0.51,1.835,-0.747,-2.626,3,1.5,0,0.0,0,0.165,3.85,0.1239,1,Moderado / Regular,0.4049413594823435,1.5811038369249686
455,2014,4,120.0,113,39.01,71.25,23.12,0.71,1.475,-0.743,-2.204,1,0.5,0,0.0,0,0.088,4.58,0.1448,1,Moderado / Regular,0.1542848047224223,0.21302413639228912
455,2014,5,120.0,120,45.95,67.49,14.13,0.5,1.533,-0.727,-2.265,2,1.0,0,0.0,0,0.0,5.23,0.1745,0,Econômico / Suave,-0.6761954199171074,0.5821725891248437
455,2021,0,120.0,112,47.55,63.13,17.72,0.472,2.184,-0.693,-1.881,0,0.0,2,1.0,0,0.071,4.63,0.1515,2,Agressivo / Dinâmico,0.6052952893369528,0.4812923843075243
455,2021,1,120.0,113,26.56,63.07,20.6,0.818,3.389,-0.821,-2.736,4,2.0,3,1.5,0,0.062,4.01,0.126,2,Agressivo / Dinâmico,4.143594030905372,0.261252934491012
455,2021,2,120.0,119,60.07,73.82,14.08,0.438,1.477,-0.781,-2.912,5,2.5,0,0.0,0,0.0,3.05,0.1048,0,Econômico / Suave,-0.5548894179878948,2.156387044059146
455,2021,3,120.0,112,34.61,66.94,20.13,0.926,2.522,-1.058,-2.213,3,1.5,5,2.5,0,0.08,5.83,0.1804,2,Agressivo / Dinâmico,4.103110786381914,0.5324026125806278
455,2021,4,119.0,91,33.11,67.84,25.83,0.823,2.254,-0.907,-1.999,0,0.0,2,1.01,0,0.297,1.96,0.054,2,Agressivo / Dinâmico,2.1305344808805184,-0.21355697784389258
455,2021,5,115.0,101,41.14,74.57,27.9,0.626,2.691,-0.771,-2.275,4,2.09,3,1.57,0,0.158,4.2,0.1207,2,Agressivo / Dinâmico,3.217346161047502,1.7692960513975762
455,2025,0,120.0,120,85.08,114.42,23.75,0.568,1.869,-0.587,-2.309,2,1.0,0,0.0,0,0.0,21.12,0.7041,0,Econômico / Suave,-0.030251459581911288,2.795040585987717
455,2025,1,120.0,120,93.48,132.13,29.09,0.374,1.075,-0.921,-2.814,6,3.0,0,0.0,0,0.0,13.8,0.4601,0,Econômico / Suave,-0.5600593058460775,4.96632693901773
455,2025,2,120.0,120,98.24,107.02,6.45,0.263,0.5,-0.244,-0.422,0,0.0,0,0.0,0,0.0,10.49,0.3497,0,Econômico / Suave,-3.5270829358898497,2.477664655767727
455,2025,3,120.0,120,93.05,110.58,20.1,0.427,1.639,-0.602,-2.523,3,1.5,0,0.0,0,0.0,14.19,0.4728,0,Econômico / Suave,-0.7315301825664301,3.458565030245312
455,2025,4,34.0,33,45.29,72.99,16.53,0.613,1.264,-1.039,-2.162,3,5.29,0,0.0,0,0.0,-0.0,-0.0012,2,Agressivo / Dinâmico,0.8090659975663218,2.950377350165623
455,2038,0,120.0,114,51.55,75.37,24.12,0.531,1.642,-0.714,-1.823,0,0.0,0,0.0,0,0.088,4.37,0.1414,1,Moderado / Regular,-0.36331696542083936,0.7917537732186336
455,2040,0,120.0,107,47.7,82.3,23.47,0.542,2.146,-0.894,-2.269,1,0.5,2,1.0,0,0.121,7.08,0.2125,2,Agressivo / Dinâmico,1.1826393650714824,0.9995755675854894
455,2040,1,120.0,107,18.53,75.31,22.66,0.438,0.834,-0.704,-1.942,0,0.0,0,0.0,0,0.187,1.0,0.0337,1,Moderado / Regular,-1.229223793647286,-0.5801294545685824
455,2040,2,115.0,101,8.34,23.41,7.26,0.374,1.201,-0.382,-1.003,0,0.0,0,0.0,0,0.198,1.04,0.0319,1,Moderado / Regular,-1.6658667401267373,-1.8821884398746649
455,2040,3,111.0,85,9.29,32.96,10.15,0.624,1.332,-0.392,-0.944,0,0.0,0,0.0,0,0.271,2.54,0.064,1,Moderado / Regular,-0.7394058557968386,-2.0327535826990277
455,2051,0,118.0,105,45.2,66.64,21.4,0.477,1.423,-0.313,-0.987,0,0.0,0,0.0,0,0.067,7.08,0.2101,1,Moderado / Regular,-0.8088936561313719,0.44838014534775766
455,2051,1,120.0,120,63.22,75.52,11.48,0.275,0.745,-0.406,-1.679,0,0.0,0,0.0,0,0.0,5.46,0.1822,0,Econômico / Suave,-2.6867070010102116,1.0909569424597199
455,2051,2,120.0,118,37.99,70.5,11.82,0.647,1.633,-0.585,-1.792,0,0.0,0,0.0,0,0.0,5.14,0.1728,1,Moderado / Regular,-0.5388433345073226,-0.6839802137082517
455,2051,3,120.0,120,102.62,125.53,27.3,0.514,1.453,-0.417,-0.974,0,0.0,0,0.0,0,0.0,20.07,0.6691,0,Econômico / Suave,-0.905541565359032,3.3820669414688744
455,2051,4,120.0,120,106.32,124.03,17.05,0.26,0.69,-0.391,-1.057,0,0.0,0,0.0,0,0.0,13.17,0.4391,0,Econômico / Suave,-2.897964066025114,3.42597818810724
455,2051,5,91.0,81,34.22,76.02,30.7,0.87,1.885,-0.935,-2.182,3,1.98,0,0.0,0,0.185,3.47,0.0806,2,Agressivo / Dinâmico,1.8761644788898757,0.9655968246034415
455,2052,0,120.0,117,90.56,123.26,29.64,0.62,2.206,-0.643,-2.308,2,1.0,2,1.0,0,0.0,22.06,0.7333,2,Agressivo / Dinâmico,1.5245673196348193,3.4926225590829274
455,2052,1,120.0,120,117.04,130.93,12.69,0.206,0.476,-0.366,-0.866,0,0.0,0,0.0,0,0.0,18.07,0.6022,0,Econômico / Suave,-3.5687749710914622,3.7791400619591022
455,2052,2,120.0,120,101.31,113.92,10.43,0.337,1.436,-0.35,-0.927,0,0.0,0,0.0,0,0.0,16.9,0.5634,0,Econômico / Suave,-2.190504473903801,2.6142357211209393
455,2052,3,120.0,115,67.21,118.97,42.37,0.725,1.9,-0.794,-2.508,4,2.0,0,0.0,0,0.043,4.6,0.1502,2,Agressivo / Dinâmico,1.7850242877480884,3.354177756210764
455,2052,4,120.0,120,45.1,63.63,15.57,0.425,1.206,-0.679,-1.939,0,0.0,0,0.0,0,0.008,3.71,0.1236,0,Econômico / Suave,-1.452321430105963,0.21602661147654156
455,2052,5,115.0,77,23.52,60.29,23.21,0.645,2.312,-0.957,-2.069,1,0.52,1,0.52,0,0.429,2.72,0.0668,1,Moderado / Regular,1.4369141769712113,-0.39518112074898987
455,2052,6,55.0,33,11.88,39.88,15.56,0.854,1.585,-0.208,-0.292,0,0.0,0,0.0,0,0.576,7.02,0.0695,1,Moderado / Regular,0.36847958520362206,-1.955297392490404
455,2066,0,117.0,102,26.73,45.24,14.97,0.698,1.975,-0.711,-2.179,1,0.51,0,0.0,0,0.108,2.21,0.0611,1,Moderado / Regular,0.3643254570605425,-0.8609055151827619
455,2066,1,115.0,98,23.54,45.52,15.59,0.769,1.863,-0.863,-2.046,1,0.52,0,0.0,0,0.194,2.44,0.0649,1,Moderado / Regular,0.49585720817623796,-1.0488695173890066
455,2066,2,120.0,104,31.49,50.64,20.64,0.435,2.021,-0.575,-2.47,2,1.0,1,0.5,0,0.26,2.98,0.0849,1,Moderado / Regular,0.5191786977896146,0.4154684024652165
455,2066,3,120.0,120,44.02,58.44,11.71,0.613,2.368,-0.483,-1.264,0,0.0,2,1.0,0,0.0,3.63,0.1209,2,Agressivo / Dinâmico,0.9109962063588805,-0.2369588511381743
455,2066,4,37.0,37,25.32,39.07,7.52,0.511,1.176,-0.549,-1.344,0,0.0,0,0.0,0,0.0,2.7,0.0277,0,Econômico / Suave,-1.4690136106272988,-1.264561225133691
455,2071,0,120.0,116,43.63,57.3,14.8,0.545,1.691,-0.427,-1.069,0,0.0,0,0.0,0,0.034,4.34,0.1381,1,Moderado / Regular,-0.6537271213980357,-0.12498786361422799
455,2071,1,118.0,102,41.33,75.16,27.4,0.595,1.592,-0.511,-1.519,0,0.0,0,0.0,0,0.196,2.75,0.0836,1,Moderado / Regular,0.0018139693959652466,0.423767508916829
455,2071,2,113.0,89,30.13,69.51,26.77,0.807,1.917,-0.94,-1.843,0,0.0,0,0.0,0,0.27,0.97,0.0304,1,Moderado / Regular,0.9689739419268452,-0.4621442746533563
455,2071,3,116.0,113,44.71,66.77,14.13,0.651,1.57,-0.745,-1.912,0,0.0,0,0.0,0,0.0,3.53,0.1133,1,Moderado / Regular,-0.5424797597052613,-0.2398531124004055
455,2092,0,120.0,120,64.49,79.16,16.83,0.449,1.826,-0.361,-1.798,0,0.0,0,0.0,0,0.0,9.27,0.3089,0,Econômico / Suave,-0.8532246481542486,1.0657444579243742
455,2092,1,120.0,111,37.41,66.31,25.41,0.387,0.934,-0.508,-1.252,0,0.0,0,0.0,0,0.108,1.12,0.0388,0,Econômico / Suave,-1.2944030176112995,0.5033369927813508
455,2092,2,120.0,102,7.99,20.16,5.06,0.404,0.941,-0.432,-1.263,0,0.0,0,0.0,0,0.167,-0.03,0.0024,0,Econômico / Suave,-1.961036279189848,-2.027060106415825
455,2092,3,120.0,120,31.8,64.91,20.93,0.453,1.406,-0.443,-0.9,0,0.0,0,0.0,0,0.0,3.85,0.1285,1,Moderado / Regular,-0.7936141540628882,-0.16297463776338902
455,2092,4,119.0,103,13.7,60.07,14.54,0.455,1.105,-0.55,-1.838,0,0.0,0,0.0,0,0.233,-2.21,-0.0602,1,Moderado / Regular,-1.2496141451479843,-1.3210830345849207
455,2092,5,103.0,83,8.87,21.97,7.4,0.403,0.984,-0.495,-1.333,0,0.0,0,0.0,0,0.265,1.24,0.0331,0,Econômico / Suave,-1.813922610471036,-1.8592022481519679
455,2092,6,86.0,46,5.63,27.57,9.4,0.802,2.005,-0.774,-1.409,0,0.0,1,0.7,0,0.674,1.73,0.0284,1,Moderado / Regular,1.0104138691918132,-2.417854735253522
455,2092,7,102.0,61,15.75,64.51,23.81,0.741,1.747,0.0,0.0,0,0.0,0,0.0,0,0.623,7.52,0.1337,1,Moderado / Regular,0.6026260745511063,-1.1809246173122112
455,2092,8,115.0,115,58.81,74.21,15.03,0.317,0.644,-0.689,-2.347,3,1.57,0,0.0,0,0.009,3.98,0.1272,0,Econômico / Suave,-1.9784817056351434,1.9147135693890622
455,2092,9,119.0,81,6.45,19.22,6.65,0.743,1.407,-0.531,-1.449,0,0.0,0,0.0,0,0.432,2.0,0.0528,1,Moderado / Regular,-0.49075344460551157,-2.532913787098247
455,2092,10,103.0,80,7.9,24.3,7.3,0.335,1.079,-0.432,-1.016,0,0.0,0,0.0,0,0.338,1.25,0.032,0,Econômico / Suave,-1.8901982581494585,-1.8305573762269851
455,2092,11,93.0,59,8.49,31.62,11.8,0.654,1.235,-0.696,-1.678,0,0.0,0,0.0,0,0.576,1.85,0.0362,1,Moderado / Regular,-0.6750439380166405,-2.004187429341756
455,2092,12,87.0,51,13.36,55.32,18.35,0.915,1.851,-0.464,-0.582,0,0.0,0,0.0,0,0.569,6.0,0.0953,1,Moderado / Regular,0.9281626637467139,-1.8492159533673647
455,2092,13,120.0,120,47.69,77.42,18.47,0.596,1.747,-0.686,-1.904,0,0.0,0,0.0,0,0.0,7.13,0.2376,1,Moderado / Regular,-0.3201559965832609,0.19249603907788163
455,2092,14,120.0,120,38.36,55.06,10.25,0.569,1.969,-0.744,-2.631,5,2.5,0,0.0,0,0.0,3.8,0.1268,1,Moderado / Regular,0.3122916063140821,0.6910527612621395
455,2092,15,107.0,101,25.32,42.87,10.2,0.598,1.364,-0.68,-1.925,0,0.0,0,0.0,0,0.04,0.95,0.0276,1,Moderado / Regular,-0.9143857939615926,-1.2576387338013986
455,2105,0,68.0,67,53.31,67.35,9.66,0.37,0.829,-0.573,-1.751,0,0.0,0,0.0,0,0.0,4.47,0.0796,0,Econômico / Suave,-2.3482872676293223,0.3896738782713538
455,2106,0,120.0,120,68.19,82.68,6.35,0.237,0.819,-0.346,-0.877,0,0.0,0,0.0,0,0.0,6.99,0.2328,0,Econômico / Suave,-3.0007340864511027,1.0733878317266792
455,2111,0,116.0,105,36.2,49.92,16.1,0.42,0.982,-0.539,-1.644,0,0.0,0,0.0,0,0.076,3.77,0.1123,0,Econômico / Suave,-1.5948412079883139,-0.1281162917661574
455,2111,1,119.0,108,37.63,52.66,17.0,0.399,1.09,-0.489,-2.142,1,0.5,0,0.0,0,0.093,2.14,0.066,0,Econômico / Suave,-1.3498359106015387,0.2796494222861752
455,2115,0,120.0,109,40.1,73.44,25.77,0.53,1.319,-0.789,-2.457,3,1.5,0,0.0,0,0.119,2.66,0.0802,1,Moderado / Regular,-0.05117475660077429,1.2330439616483553
455,2115,1,119.0,113,43.11,61.46,17.6,0.708,1.573,-0.622,-1.845,0,0.0,0,0.0,0,0.062,4.66,0.1476,1,Moderado / Regular,-0.2078217995093537,-0.19625226346434305
455,2115,2,44.0,42,24.04,43.52,16.11,0.814,1.476,-1.262,-2.561,2,2.73,0,0.0,0,0.19,3.24,0.0378,1,Moderado / Regular,0.9248780185497069,0.22182659539767474
455,2125,0,120.0,118,29.37,54.59,12.35,0.536,1.383,-0.433,-1.065,0,0.0,0,0.0,0,0.008,1.79,0.0624,1,Moderado / Regular,-0.9903994493692363,-0.8677954668815295
455,2125,1,119.0,102,35.6,55.87,18.97,0.598,1.719,-0.427,-1.683,0,0.0,0,0.0,0,0.157,4.27,0.1249,1,Moderado / Regular,-0.21274628460328,-0.3374132406747652
455,2125,2,115.0,108,26.81,48.87,16.48,0.783,1.628,-0.506,-1.125,0,0.0,0,0.0,0,0.167,4.41,0.1334,1,Moderado / Regular,0.1380180356213399,-1.122559261968238
455,2125,3,119.0,108,33.18,45.69,13.07,0.47,1.73,-0.439,-1.713,0,0.0,0,0.0,0,0.083,0.62,0.0215,1,Moderado / Regular,-0.8012677817956807,-0.6093671417208936
455,2125,4,120.0,120,42.01,58.64,10.99,0.382,1.218,-0.592,-1.984,0,0.0,0,0.0,0,0.0,4.91,0.1636,0,Econômico / Suave,-1.746241380241898,-0.12805024915969904
455,2125,5,120.0,111,23.23,41.42,11.37,0.591,1.469,-0.57,-1.718,0,0.0,0,0.0,0,0.099,2.05,0.0659,1,Moderado / Regular,-0.7483407471204088,-1.293430585646572
455,2125,6,102.0,69,13.13,38.72,12.73,0.732,1.665,-0.844,-2.476,2,1.18,0,0.0,0,0.319,2.05,0.0559,1,Moderado / Regular,0.35350479404458374,-1.2477462870385492
455,2125,7,120.0,119,55.5,78.11,19.49,0.673,2.181,-0.556,-3.274,3,1.5,2,1.0,0,0.0,6.65,0.2211,2,Agressivo / Dinâmico,1.6175688421712318,1.5085048124273728
455,2125,8,115.0,90,21.38,52.68,16.78,0.601,1.528,-0.742,-1.625,0,0.0,0,0.0,0,0.289,-0.21,-0.0015,1,Moderado / Regular,-0.38348235117392865,-1.0961494603990038
455,2128,0,116.0,100,21.72,49.62,17.46,0.651,1.809,-0.745,-1.779,0,0.0,0,0.0,0,0.27,2.01,0.0614,1,Moderado / Regular,0.07138623513527477,-1.1487254981632222
455,2128,1,120.0,115,40.32,64.22,16.11,0.415,1.312,-0.657,-2.167,1,0.5,0,0.0,0,0.035,4.23,0.1368,0,Econômico / Suave,-1.1426315034965482,0.3016460059918431
455,2128,2,120.0,118,19.65,42.79,10.66,0.554,1.26,-0.609,-1.801,0,0.0,0,0.0,0,0.025,3.31,0.1086,1,Moderado / Regular,-1.0664692860260596,-1.4199700997160642
455,2128,3,93.0,89,30.41,46.88,13.27,0.637,1.397,-0.684,-2.435,1,0.65,0,0.0,0,0.067,2.33,0.0586,1,Moderado / Regular,-0.47042559517490373,-0.5462626087959545
455,2131,0,120.0,103,32.77,50.87,19.82,0.207,0.39,-0.501,-1.419,0,0.0,0,0.0,0,0.233,1.25,0.0382,0,Econômico / Suave,-2.5647528571998803,0.2932381990880534
455,2131,1,120.0,115,33.43,46.3,11.84,0.603,1.891,-0.49,-1.38,0,0.0,0,0.0,0,0.035,5.02,0.1641,1,Moderado / Regular,-0.34405645168171983,-0.8696682359624602
455,2131,2,115.0,98,26.96,42.85,14.39,0.411,1.496,-0.515,-1.618,0,0.0,0,0.0,0,0.153,0.97,0.0302,1,Moderado / Regular,-1.0823131609356422,-0.7104468781976099
455,2131,3,93.0,85,26.7,53.7,17.5,0.567,1.263,-0.573,-1.607,0,0.0,0,0.0,0,0.118,1.29,0.0331,1,Moderado / Regular,-0.7622937282618464,-0.7268771994433092
455,2135,0,120.0,116,36.24,52.18,10.75,0.353,0.77,-0.475,-2.166,1,0.5,0,0.0,0,0.0,2.37,0.0787,0,Econômico / Suave,-2.0937486621787564,-0.029947747786931767
455,2135,1,109.0,76,9.33,30.58,10.34,0.725,1.306,-0.587,-1.28,0,0.0,0,0.0,0,0.434,1.87,0.0445,1,Moderado / Regular,-0.4915256208795088,-2.15362952495864
455,2135,2,123.0,118,33.86,45.94,8.77,0.432,1.186,-0.368,-0.643,0,0.0,0,0.0,0,0.017,4.34,0.1449,0,Econômico / Suave,-1.6824149191509326,-0.6934024554788629
455,2135,3,101.0,74,27.46,43.92,16.37,0.527,1.63,-0.849,-2.376,3,1.78,0,0.0,0,0.216,1.47,0.0336,1,Moderado / Regular,0.013056310128201536,0.2357322827618208
455,2135,4,120.0,120,40.75,52.84,9.76,0.369,0.931,-0.491,-1.463,0,0.0,0,0.0,0,0.0,4.0,0.1333,0,Econômico / Suave,-2.128161670288551,-0.1983529311772853
455,2135,5,118.0,104,22.57,43.7,13.79,0.637,1.309,-0.727,-2.165,2,1.02,0,0.0,0,0.115,1.69,0.0512,1,Moderado / Regular,-0.3515201288474295,-0.6622282730053002
455,2135,6,99.0,76,12.87,33.47,11.15,0.686,1.636,-0.53,-1.24,0,0.0,0,0.0,0,0.25,2.02,0.0572,1,Moderado / Regular,-0.24224116869028273,-1.936904362669448
455,2135,7,112.0,106,32.1,61.93,20.92,0.569,1.344,-0.73,-1.896,0,0.0,0,0.0,0,0.075,6.1,0.1898,1,Moderado / Regular,-0.5557140930235699,-0.2984660058904685
455,2135,8,122.0,113,39.5,61.35,21.01,0.672,1.919,-0.85,-2.044,2,0.98,0,0.0,0,0.053,4.8,0.1564,1,Moderado / Regular,0.5623770636040698,0.37348885199405696
455,2135,9,115.0,87,11.92,38.59,13.46,0.605,1.667,-0.896,-2.4,2,1.04,0,0.0,0,0.391,1.96,0.0524,1,Moderado / Regular,0.022764731640790726,-1.1682793377423843
455,2135,10,106.0,68,33.23,71.27,31.16,0.766,2.362,-0.201,-0.296,0,0.0,2,1.13,0,0.426,7.51,0.1476,2,Agressivo / Dinâmico,2.448320515946834,0.1820152336871254
455,2135,11,120.0,117,47.94,64.07,13.86,0.508,2.455,-0.601,-2.344,2,1.0,1,0.5,0,0.026,3.66,0.1179,2,Agressivo / Dinâmico,0.6922326717362693,0.6357782628194146
455,2135,12,37.0,37,47.94,62.93,12.69,0.792,1.558,-0.822,-2.265,2,3.24,0,0.0,0,0.0,-1.17,-0.0121,2,Agressivo / Dinâmico,0.7358271924304478,1.4362073834939573
455,2142,0,111.0,100,33.28,58.29,17.79,0.58,1.099,-0.63,-1.427,0,0.0,0,0.0,0,0.1,1.28,0.0395,1,Moderado / Regular,-0.9436643241061579,-0.4012186396944821
455,2142,1,104.0,98,39.87,53.56,13.84,0.612,1.643,-0.593,-1.56,0,0.0,0,0.0,0,0.02,4.3,0.1233,1,Moderado / Regular,-0.5400838791377741,-0.4372100095397802
455,2142,2,122.0,96,27.11,47.67,16.14,0.645,1.534,-0.638,-2.02,1,0.49,0,0.0,0,0.156,4.7,0.1329,1,Moderado / Regular,-0.18907361213432325,-0.6558395095524217
455,2142,3,120.0,114,36.55,51.42,10.71,0.371,1.043,-0.352,-1.275,0,0.0,0,0.0,0,0.018,1.48,0.0471,0,Econômico / Suave,-1.9229531769808534,-0.35729864127194977
455,2142,4,120.0,118,37.33,45.63,6.9,0.35,1.037,-0.425,-1.435,0,0.0,0,0.0,0,0.0,4.93,0.1678,0,Econômico / Suave,-2.17494302032369,-0.5063882826994682
455,2142,5,102.0,83,16.94,38.18,13.13,0.632,1.76,-0.691,-1.758,0,0.0,0,0.0,0,0.181,-0.37,-0.0061,1,Moderado / Regular,-0.19591637266681866,-1.5810402361181826
455,2142,6,109.0,79,13.03,40.51,12.01,0.74,1.689,-0.536,-1.174,0,0.0,0,0.0,0,0.241,2.86,0.0706,1,Moderado / Regular,-0.004583235587432883,-1.9616523972911202
455,2142,7,120.0,118,50.85,69.71,15.67,0.391,0.99,-0.448,-2.094,1,0.5,0,0.0,0,0.0,2.79,0.0943,0,Econômico / Suave,-1.656678070553013,0.8408942132602089
455,2142,8,118.0,96,12.52,23.73,7.71,0.524,1.468,-0.433,-1.135,0,0.0,0,0.0,0,0.188,2.61,0.0731,1,Moderado / Regular,-1.0071726683842381,-1.9038191894738896
455,2142,9,117.0,99,25.26,48.62,15.58,0.419,1.275,-0.648,-2.803,2,1.03,0,0.0,0,0.212,4.0,0.1089,1,Moderado / Regular,-0.8961933453263106,-0.1310820976643985
455,2142,10,120.0,98,26.8,48.78,18.64,0.568,1.263,-0.875,-2.421,2,1.0,0,0.0,0,0.235,1.04,0.0282,1,Moderado / Regular,-0.39171423700762403,-0.10469841967017433
455,2142,11,112.0,84,23.15,58.56,24.36,0.746,1.544,-0.769,-1.631,0,0.0,0,0.0,0,0.452,6.46,0.1493,1,Moderado / Regular,0.36469599742854847,-0.7864704358255873
455,2142,12,114.0,100,53.84,70.75,20.57,0.316,0.839,-0.561,-1.88,0,0.0,0,0.0,0,0.09,4.84,0.1337,0,Econômico / Suave,-1.95958123341493,1.1002330616100748
455,2154,0,120.0,117,42.56,61.27,12.99,0.628,1.718,-0.72,-1.78,0,0.0,0,0.0,0,0.0,5.07,0.1634,1,Moderado / Regular,-0.4844129263307295,-0.3926867992123217
455,2154,1,51.0,50,48.02,59.67,10.18,0.616,1.522,-0.652,-1.514,0,0.0,0,0.0,0,0.0,1.2,0.0203,1,Moderado / Regular,-0.9044117992293054,-0.25501847966213703
455,2158,0,112.0,92,25.84,49.77,17.46,0.5,1.588,-0.998,-2.325,1,0.54,0,0.0,0,0.217,4.7,0.1249,1,Moderado / Regular,-0.42438613903493433,-0.423289323236363
455,2158,1,120.0,96,27.6,56.19,23.47,0.655,1.916,-0.62,-2.087,2,1.0,0,0.0,0,0.312,4.59,0.1304,1,Moderado / Regular,0.7447681556447497,-0.0038748000162573473
455,2158,2,118.0,111,40.65,56.45,15.01,0.539,1.561,-0.706,-2.469,3,1.53,0,0.0,0,0.045,4.98,0.1581,1,Moderado / Regular,-0.28836838765098627,0.6238111054321022
455,2158,3,118.0,92,12.34,29.51,9.22,0.564,1.251,-0.474,-1.425,0,0.0,0,0.0,0,0.217,2.38,0.0701,1,Moderado / Regular,-1.0539675732789473,-1.851471315486212
455,2158,4,107.0,94,29.67,44.27,12.86,0.524,1.59,-0.528,-1.465,0,0.0,0,0.0,0,0.085,4.8,0.128,1,Moderado / Regular,-0.7840408655911051,-0.8374813589669201
455,2158,5,108.0,75,19.2,39.5,15.12,0.679,1.544,-0.81,-1.906,0,0.0,0,0.0,0,0.293,2.64,0.0614,1,Moderado / Regular,-0.22175799869425597,-1.3984459223486518
455,2158,6,120.0,115,33.4,54.18,16.54,0.503,1.843,-0.705,-1.803,0,0.0,0,0.0,0,0.07,1.09,0.036,1,Moderado / Regular,-0.4311903493316707,-0.464200130828351
455,2158,7,120.0,120,30.11,42.07,8.9,0.382,1.088,-0.501,-1.737,0,0.0,0,0.0,0,0.0,6.96,0.2321,0,Econômico / Suave,-1.8769788473375824,-0.7781926321675033
455,2158,8,117.0,89,16.18,40.77,13.69,0.62,1.563,-0.611,-1.485,0,0.0,0,0.0,0,0.247,0.6,0.0264,1,Moderado / Regular,-0.3994957317081947,-1.541218807725416
455,2158,9,110.0,109,40.75,64.52,19.46,0.524,1.172,-0.592,-1.545,0,0.0,0,0.0,0,0.018,7.45,0.225,1,Moderado / Regular,-1.0009522736173118,0.10420342366368165
455,2158,10,122.0,111,47.43,63.39,15.0,0.598,1.4,-0.385,-0.88,0,0.0,0,0.0,0,0.027,5.83,0.1859,1,Moderado / Regular,-0.8419031282417232,0.03027509838836053
455,2158,11,110.0,51,3.85,34.05,9.45,0.0,0.0,-0.912,-1.517,0,0.0,0,0.0,0,0.824,0.1,0.0125,0,Econômico / Suave,-3.760185852453728,-1.2935983998838576
455,2158,12,120.0,120,58.72,76.89,12.39,0.457,1.664,-0.28,-0.976,0,0.0,0,0.0,0,0.0,7.99,0.2663,0,Econômico / Suave,-1.1638330808484367,0.5604058381672621
455,2158,13,37.0,36,45.86,77.08,27.57,0.972,1.909,-0.898,-2.092,2,3.24,0,0.0,0,0.083,0.72,0.0074,2,Agressivo / Dinâmico,2.311641793568842,1.885076967891799
455,2164,0,118.0,100,25.3,56.11,20.49,0.709,1.828,-1.049,-3.487,5,2.54,0,0.0,0,0.24,5.99,0.171,1,Moderado / Regular,1.1556364048434604,0.5151609572633525
455,2164,1,120.0,119,31.72,55.34,14.31,0.573,1.846,-0.486,-2.158,1,0.5,0,0.0,0,0.025,2.83,0.0934,1,Moderado / Regular,-0.1790368632187862,-0.4854453623957139
455,2164,2,120.0,120,42.21,63.59,11.72,0.27,0.929,-0.456,-1.185,0,0.0,0,0.0,0,0.0,6.22,0.2074,0,Econômico / Suave,-2.309790923791781,0.11408519303599438
455,2164,3,117.0,108,41.94,63.31,17.7,0.489,1.661,-0.594,-1.55,0,0.0,0,0.0,0,0.065,3.03,0.0925,1,Moderado / Regular,-0.6780262268787205,0.04020007669512334
455,2164,4,117.0,108,42.77,65.21,19.07,0.486,1.982,-0.66,-1.488,0,0.0,0,0.0,0,0.065,3.19,0.0972,1,Moderado / Regular,-0.29222987145783713,0.11550978015930566
455,2164,5,34.0,33,43.92,57.4,9.31,0.601,1.428,-0.55,-0.849,0,0.0,0,0.0,0,0.0,4.71,0.048,0,Econômico / Suave,-1.0475856380636723,-0.4603215599969777
455,2170,0,118.0,105,45.68,70.83,24.09,0.625,2.089,-0.91,-3.344,4,2.03,1,0.51,0,0.152,3.4,0.1002,2,Agressivo / Dinâmico,1.4628482874095385,1.5725770948909783
455,2170,1,101.0,67,13.16,60.07,17.48,1.056,3.506,-0.886,-2.435,1,0.59,4,2.38,0,0.448,3.31,0.066,2,Agressivo / Dinâmico,5.1503812920600405,-1.4533356064562026
455,2176,0,119.0,111,35.42,60.99,18.48,0.711,1.681,-0.636,-2.085,1,0.5,0,0.0,0,0.045,6.45,0.2004,1,Moderado / Regular,0.18041894642354772,-0.24400112264847754
455,2176,1,120.0,120,51.9,62.23,8.66,0.297,0.632,-0.431,-1.631,0,0.0,0,0.0,0,0.0,0.03,0.0008,0,Econômico / Suave,-2.782003266849796,0.3943586328966523
455,2176,2,108.0,63,27.67,70.0,31.24,0.973,2.21,-0.454,-1.065,0,0.0,3,1.67,0,0.476,5.18,0.0951,2,Agressivo / Dinâmico,3.337200251892798,-0.20652401819074978
455,2176,3,120.0,111,44.41,69.67,26.87,0.536,1.502,-0.826,-1.722,0,0.0,0,0.0,0,0.171,3.73,0.1158,1,Moderado / Regular,-0.3005137446510231,0.6288399558198297
455,2176,4,76.0,76,42.59,69.17,13.66,0.702,1.376,-0.743,-1.718,0,0.0,0,0.0,0,0.0,2.98,0.063,1,Moderado / Regular,-0.6143880004667189,-0.406794005774586
455,2178,0,120.0,111,26.81,44.08,12.45,0.624,1.619,-0.798,-2.093,1,0.5,0,0.0,0,0.072,6.5,0.2023,1,Moderado / Regular,-0.327562888501673,-0.8551314007622638
455,2178,1,113.0,87,24.35,52.41,19.23,0.616,2.227,-0.671,-1.814,0,0.0,1,0.53,0,0.253,1.9,0.0496,1,Moderado / Regular,0.9177969442526992,-0.8159462631587631
455,2178,2,120.0,119,40.9,55.97,10.05,0.452,2.116,-0.579,-2.281,1,0.5,1,0.5,0,0.0,5.72,0.1896,1,Moderado / Regular,-0.08721866676422593,-0.05897445498663274
455,2178,3,117.0,101,27.49,51.37,16.7,0.73,1.767,-0.756,-2.175,1,0.51,0,0.0,0,0.109,1.54,0.0496,1,Moderado / Regular,0.30808934738649235,-0.7430837304103083
455,2178,4,122.0,103,24.46,67.19,24.47,0.664,2.358,-0.624,-1.217,0,0.0,1,0.49,0,0.262,6.41,0.1906,1,Moderado / Regular,1.3991661038088938,-0.6082386729749402
455,2178,5,119.0,105,39.36,66.54,24.78,0.82,1.908,-0.736,-2.517,5,2.52,0,0.0,0,0.105,7.2,0.2209,2,Agressivo / Dinâmico,1.607246358458342,1.2342870513929671
455,2178,6,113.0,93,39.39,63.34,22.77,0.654,1.845,-0.667,-1.753,0,0.0,0,0.0,0,0.172,5.23,0.1371,1,Moderado / Regular,0.21573599065617122,-0.04153678609142422
455,2178,7,120.0,114,52.76,72.78,23.36,0.577,1.894,-0.637,-1.744,0,0.0,0,0.0,0,0.088,5.52,0.1755,1,Moderado / Regular,-0.026322510532312975,0.7077802027122518
455,2178,8,66.0,66,49.39,71.31,15.71,0.838,1.947,-0.755,-2.463,3,2.73,0,0.0,0,0.0,4.17,0.0765,2,Agressivo / Dinâmico,1.2356069842804969,1.2743175066001353
455,2188,0,104.0,74,27.04,53.04,20.33,0.549,1.319,-0.576,-1.356,0,0.0,0,0.0,0,0.27,1.12,0.0246,1,Moderado / Regular,-0.6180341925170326,-0.5351442370364489
455,2188,1,120.0,114,32.76,43.89,10.52,0.406,1.523,-0.505,-1.753,0,0.0,0,0.0,0,0.044,2.99,0.097,0,Econômico / Suave,-1.3051172692701982,-0.6569771404792171
455,2188,2,120.0,94,22.99,44.02,15.22,0.597,1.506,-0.649,-1.741,0,0.0,0,0.0,0,0.191,1.97,0.0536,1,Moderado / Regular,-0.5063940029455593,-1.1010401715022413
455,2188,3,109.0,102,29.0,42.28,12.12,0.528,1.17,-0.608,-2.104,1,0.55,0,0.0,0,0.078,3.45,0.0972,1,Moderado / Regular,-1.0689699416139153,-0.5525231696721826
455,2188,4,119.0,93,18.67,43.31,16.27,0.65,1.431,-0.481,-1.509,0,0.0,0,0.0,0,0.28,2.09,0.0596,1,Moderado / Regular,-0.3560900978991255,-1.3032973329241082
455,2188,5,120.0,116,35.76,52.08,12.68,0.489,1.768,-0.484,-1.305,0,0.0,0,0.0,0,0.034,3.44,0.1114,1,Moderado / Regular,-0.7531899198628325,-0.5430027367241663
455,2188,6,113.0,102,28.7,49.56,15.98,0.574,1.728,-0.624,-1.976,0,0.0,0,0.0,0,0.078,3.79,0.1095,1,Moderado / Regular,-0.34934559452698283,-0.7935679797992381
455,2188,7,120.0,92,14.24,41.64,14.68,0.52,1.53,-0.73,-1.6,0,0.0,0,0.0,0,0.348,-0.31,-0.0022,1,Moderado / Regular,-0.6326545644454028,-1.435016162851597
455,2188,8,112.0,82,34.3,70.15,30.6,0.625,1.694,-0.23,-0.244,0,0.0,0,0.0,0,0.366,9.91,0.2354,1,Moderado / Regular,0.4038404816233457,0.22398354635385498
455,2188,9,117.0,115,45.59,69.99,21.92,0.41,1.083,-0.529,-1.913,0,0.0,0,0.0,0,0.043,4.33,0.1385,0,Econômico / Suave,-1.3188647627809367,0.6334728701885274
455,2188,10,123.0,117,41.43,67.26,19.25,0.529,1.214,-0.786,-1.76,0,0.0,0,0.0,0,0.026,3.97,0.134,1,Moderado / Regular,-0.9600731423541995,0.11125861211709195
455,2188,11,119.0,68,16.59,58.27,23.7,1.036,2.234,-0.509,-1.248,0,0.0,1,0.5,0,0.618,4.31,0.0805,2,Agressivo / Dinâmico,2.2913621584819395,-1.5008263200074334
455,2188,12,98.0,85,46.33,76.14,23.29,0.815,2.317,-0.742,-2.454,2,1.22,1,0.61,0,0.071,3.47,0.0822,2,Agressivo / Dinâmico,1.9862118791431567,0.8420427120520843
455,2189,0,114.0,105,48.09,80.85,24.21,0.658,1.875,-0.776,-2.346,4,2.11,0,0.0,0,0.067,5.75,0.1689,2,Agressivo / Dinâmico,0.9121392211627787,1.602858589089827
455,2196,0,111.0,90,8.55,24.29,7.75,0.425,1.256,-0.425,-1.015,0,0.0,0,0.0,0,0.278,1.63,0.0443,1,Moderado / Regular,-1.452287751424959,-1.921659038077804
455,2196,1,101.0,64,13.24,38.65,14.61,0.573,1.13,-0.667,-1.291,0,0.0,0,0.0,0,0.469,2.04,0.0399,1,Moderado / Regular,-0.9050226617713731,-1.5019359728540673
455,2196,2,114.0,85,30.35,54.63,17.24,0.594,1.54,-0.374,-0.606,0,0.0,0,0.0,0,0.188,3.57,0.0857,1,Moderado / Regular,-0.4468626808782459,-0.6475192212593812
455,2196,3,117.0,111,33.55,52.98,16.15,0.741,1.83,-0.612,-2.577,2,1.03,0,0.0,0,0.09,4.26,0.1323,1,Moderado / Regular,0.4858400153322054,-0.22889825174357095
455,2196,4,113.0,107,33.62,50.8,12.88,0.556,1.881,-0.592,-1.593,0,0.0,0,0.0,0,0.047,3.22,0.1001,1,Moderado / Regular,-0.4299954874393062,-0.7371983926918317
455,2196,5,98.0,78,36.7,54.96,15.91,0.651,2.04,-0.621,-1.91,0,0.0,1,0.61,0,0.103,3.57,0.0847,1,Moderado / Regular,0.6118583950284755,-0.43493411984990765
455,2196,6,114.0,96,24.47,57.95,17.92,0.738,1.473,-0.475,-1.225,0,0.0,0,0.0,0,0.167,2.63,0.0722,1,Moderado / Regular,-0.052308251434379546,-1.0673071415561708
455,2196,7,118.0,90,31.67,63.93,24.76,0.593,1.255,-0.438,-1.33,0,0.0,0,0.0,0,0.233,3.55,0.0921,1,Moderado / Regular,-0.3966525256310367,-0.12246554367905167
455,2196,8,98.0,85,24.06,53.97,17.64,0.87,1.692,-1.139,-2.637,2,1.22,0,0.0,0,0.129,6.34,0.1509,1,Moderado / Regular,0.8974225343474364,-0.6345231158677751
455,2196,9,120.0,118,43.3,60.49,14.19,0.682,2.11,-0.524,-1.73,0,0.0,1,0.5,0,0.008,2.97,0.1011,1,Moderado / Regular,0.5338519109099874,-0.30344515462877075
455,2196,10,116.0,101,31.66,55.34,15.5,0.771,1.524,-0.605,-1.808,0,0.0,0,0.0,0,0.069,2.14,0.0601,1,Moderado / Regular,-0.0924112117318827,-0.9227758209221882
455,2202,0,70.0,62,32.21,64.63,18.99,0.706,2.266,-0.706,-1.995,0,0.0,1,0.86,0,0.161,0.97,0.017,2,Agressivo / Dinâmico,1.3886562419599218,-0.5176154903361208
455,2207,0,120.0,109,44.17,78.58,29.6,0.656,1.473,-0.593,-2.114,2,1.0,0,0.0,0,0.211,5.22,0.1598,1,Moderado / Regular,0.4330425352205018,1.1673751425594558
455,2207,1,120.0,119,61.15,78.08,10.61,0.451,1.057,-0.401,-1.181,0,0.0,0,0.0,0,0.0,7.5,0.2495,0,Econômico / Suave,-1.920592528005961,0.6644569145574022
455,2207,2,120.0,112,39.59,65.88,22.59,0.561,1.881,-0.561,-1.494,0,0.0,0,0.0,0,0.179,1.53,0.048,1,Moderado / Regular,-0.002265758259770863,0.07877158637511208
455,2207,3,120.0,114,44.14,66.02,19.02,0.49,1.605,-0.48,-1.225,0,0.0,0,0.0,0,0.079,0.8,0.026,1,Moderado / Regular,-0.6898177903224699,0.2226337547163717
455,2207,4,120.0,117,39.12,56.76,14.48,0.509,1.435,-0.461,-1.468,0,0.0,0,0.0,0,0.026,3.77,0.1227,1,Moderado / Regular,-0.9912533547603442,-0.2674624263679605
455,2207,5,37.0,37,32.22,44.34,12.39,0.763,1.451,-0.654,-1.139,0,0.0,0,0.0,0,0.0,8.67,0.0891,1,Moderado / Regular,-0.3444209889242885,-1.0510289239826112
455,2208,0,120.0,116,23.98,42.46,11.49,0.772,1.556,-0.652,-1.46,0,0.0,0,0.0,0,0.026,4.07,0.1319,1,Moderado / Regular,-0.1812918032234456,-1.509513780907098
455,2208,1,118.0,107,19.19,37.51,10.66,0.563,1.553,-0.486,-1.207,0,0.0,0,0.0,0,0.112,2.68,0.0831,1,Moderado / Regular,-0.732788659573962,-1.493867142882378
455,2208,2,116.0,85,8.95,33.85,10.45,0.502,1.193,-0.606,-1.24,0,0.0,0,0.0,0,0.388,1.18,0.0301,1,Moderado / Regular,-1.1886354798087702,-1.8469251263666655
455,2208,3,115.0,96,26.96,68.82,27.11,0.748,2.599,-0.677,-1.384,0,0.0,3,1.57,0,0.26,2.4,0.0686,2,Agressivo / Dinâmico,2.8745547648594276,-0.24325231766264266
455,2208,4,120.0,97,35.81,63.62,24.43,0.677,1.77,-0.502,-1.593,0,0.0,0,0.0,0,0.196,4.49,0.1223,1,Moderado / Regular,0.3097658740987183,-0.13453126259430198
455,2208,5,81.0,81,29.48,52.49,14.03,0.73,1.613,-1.169,-2.909,4,2.96,0,0.0,0,0.0,2.59,0.0584,1,Moderado / Regular,0.7702574495524979,0.5789940307858422
455,2214,0,77.0,71,43.0,65.17,22.01,0.64,1.721,-0.797,-2.344,3,2.34,0,0.0,0,0.085,1.88,0.0379,1,Moderado / Regular,0.7153744675004858,1.416826792835652
455,2220,0,102.0,94,47.04,77.18,30.25,0.604,1.534,-0.647,-1.786,0,0.0,0,0.0,0,0.17,6.74,0.1774,1,Moderado / Regular,0.051540937394688915,0.8441053252538452
455,2233,0,119.0,107,67.85,119.14,37.66,0.713,2.093,-0.734,-2.416,2,1.01,1,0.5,0,0.103,18.62,0.553,2,Agressivo / Dinâmico,1.8270960448197635,2.673883944049892
455,2233,1,120.0,120,114.6,123.31,4.22,0.148,0.303,-0.21,-0.338,0,0.0,0,0.0,0,0.0,21.1,0.7033,0,Econômico / Suave,-4.288432992766092,3.2920063748465083
455,2233,2,120.0,119,99.47,112.86,13.08,0.223,0.376,-0.361,-1.23,0,0.0,0,0.0,0,0.0,2.92,0.0912,0,Econômico / Suave,-3.453653883531138,2.979151785203679
455,2233,3,120.0,106,50.01,73.86,26.37,0.681,2.546,-0.875,-3.807,4,2.0,3,1.5,0,0.17,2.52,0.0735,2,Agressivo / Dinâmico,2.972142062337595,1.972830041857337
455,2233,4,45.0,36,40.07,62.79,24.08,1.192,1.816,-0.933,-2.291,3,4.0,0,0.0,0,0.167,6.52,0.0644,2,Agressivo / Dinâmico,2.916397644287718,1.5567930201869686
455,2237,0,120.0,102,22.25,45.66,13.65,0.598,1.479,-0.593,-1.239,0,0.0,0,0.0,0,0.186,4.84,0.1401,1,Moderado / Regular,-0.6009719626490359,-1.2212826099849527
455,2237,1,120.0,116,32.08,44.54,10.74,0.576,1.812,-0.471,-1.561,0,0.0,0,0.0,0,0.043,1.94,0.0633,1,Moderado / Regular,-0.5386817965153841,-0.9465124682506052
455,2237,2,120.0,105,27.34,52.6,19.26,0.593,1.496,-0.716,-1.922,0,0.0,0,0.0,0,0.2,0.12,0.0072,1,Moderado / Regular,-0.3714577113247573,-0.6656024631752093
455,2237,3,118.0,107,28.5,43.27,13.01,0.357,0.739,-0.392,-1.094,0,0.0,0,0.0,0,0.112,6.32,0.1926,0,Econômico / Suave,-2.0950305397551015,-0.5392423238734589
455,2237,4,121.0,87,8.38,29.66,11.05,0.533,1.28,-0.504,-1.511,0,0.0,0,0.0,0,0.586,0.36,0.0133,1,Moderado / Regular,-0.9821504301234447,-1.8935643663569726
455,2237,5,120.0,81,2.84,21.11,5.94,0.629,1.303,-0.515,-0.876,0,0.0,0,0.0,0,0.79,0.9,0.0252,1,Moderado / Regular,-0.901968762603841,-2.5708712586613114
455,2237,6,117.0,67,0.0,0.0,0.0,0.0,0.0,0.0,0.0,0,0.0,0,0.0,0,1.0,0.45,0.0149,0,Econômico / Suave,-4.181031131438371,-2.00365689244464
455,2237,7,121.0,86,1.5,19.59,4.6,0.511,0.71,0.0,0.0,0,0.0,0,0.0,0,0.884,1.34,0.0383,1,Moderado / Regular,-1.8846947337350122,-2.4664277078447587
455,2237,8,120.0,120,25.89,39.48,7.55,0.361,1.276,-0.415,-1.237,0,0.0,0,0.0,0,0.0,1.88,0.0627,0,Econômico / Suave,-1.763623514874318,-1.04682298037904
455,2237,9,120.0,120,33.78,48.37,10.41,0.445,1.205,-0.54,-1.588,0,0.0,0,0.0,0,0.0,3.51,0.1171,0,Econômico / Suave,-1.548637816345605,-0.6250351346901881
455,2237,10,111.0,100,13.07,37.78,9.2,0.384,0.839,-0.393,-0.934,0,0.0,0,0.0,0,0.09,3.41,0.0971,0,Econômico / Suave,-1.9659810516808942,-1.5178346010641632
455,2237,11,120.0,106,23.38,50.68,18.79,0.534,1.577,-0.519,-0.894,0,0.0,0,0.0,0,0.311,2.92,0.0883,1,Moderado / Regular,-0.42990549012684315,-0.8063623248962428
455,2237,12,119.0,94,21.45,45.7,15.46,0.572,1.325,-0.706,-1.393,0,0.0,0,0.0,0,0.213,1.82,0.0521,1,Moderado / Regular,-0.7360230982210394,-1.0998828105204244
455,2237,13,120.0,109,27.38,50.97,16.32,0.488,1.489,-0.587,-1.576,0,0.0,0,0.0,0,0.128,3.15,0.0991,1,Moderado / Regular,-0.7974527249794641,-0.6858583578467558
455,2237,14,120.0,109,34.84,62.98,22.37,0.515,1.392,-0.565,-1.7,0,0.0,0,0.0,0,0.229,4.52,0.1383,1,Moderado / Regular,-0.6024449080396337,-0.023472904098944786
455,2237,15,120.0,115,41.97,66.22,23.27,0.532,1.565,-0.75,-2.905,4,2.0,0,0.0,0,0.148,3.52,0.1104,1,Moderado / Regular,0.23090801705060676,1.4195267915703629
455,2237,16,120.0,109,42.79,77.02,25.29,0.732,1.755,-0.74,-2.131,1,0.5,0,0.0,0,0.101,4.75,0.144,1,Moderado / Regular,0.5755174915994291,0.4415593412439006
455,2241,0,120.0,115,51.9,69.4,18.97,0.522,1.461,-0.932,-2.4,4,2.0,0,0.0,0,0.035,5.1,0.1633,0,Econômico / Suave,-0.19918834212660785,1.6646676991470704
455,2241,1,117.0,117,51.67,72.34,17.46,0.602,2.824,-0.563,-1.537,0,0.0,1,0.51,0,0.0,5.49,0.1783,2,Agressivo / Dinâmico,1.1598299554790221,0.28011875108970735
455,2247,0,120.0,118,57.27,73.54,15.17,0.573,2.35,-0.698,-2.699,3,1.5,2,1.0,0,0.008,4.57,0.1517,2,Agressivo / Dinâmico,1.3066879945414809,1.4595240096767537
455,2247,1,112.0,74,36.7,68.4,30.07,0.722,2.006,-0.461,-0.857,0,0.0,1,0.54,0,0.351,4.32,0.106,1,Moderado / Regular,1.3871437642062934,0.2545027861248727
455,2247,2,98.0,87,45.49,70.63,25.18,0.737,1.78,-0.923,-2.615,5,3.06,0,0.0,0,0.115,3.31,0.0827,2,Agressivo / Dinâmico,1.3892259643897844,1.970140628627562
455,2247,3,31.0,31,38.85,45.7,7.05,0.97,1.737,-0.418,-1.26,0,0.0,0,0.0,0,0.0,5.87,0.0506,1,Moderado / Regular,0.183828168339078,-1.3652251694427544
455,2273,0,117.0,106,27.98,47.24,13.49,0.619,1.732,-0.554,-1.586,0,0.0,0,0.0,0,0.085,4.13,0.1241,1,Moderado / Regular,-0.3400552674733613,-1.0286385469405162
455,2273,1,117.0,96,17.05,43.67,14.87,0.764,1.419,-0.751,-1.888,0,0.0,0,0.0,0,0.25,1.06,0.0296,1,Moderado / Regular,-0.12115339737584634,-1.61002793667654
455,2273,2,116.0,99,36.95,58.06,19.78,0.488,1.712,-0.674,-1.693,0,0.0,0,0.0,0,0.162,5.38,0.152,1,Moderado / Regular,-0.48298618908061997,-0.07919030926443024
455,2273,3,120.0,105,29.08,53.84,20.58,0.711,2.038,-0.597,-1.856,0,0.0,1,0.5,0,0.248,4.75,0.1423,1,Moderado / Regular,0.9690015117353573,-0.6308575499227989
455,2273,4,85.0,85,38.64,55.28,10.3,0.554,1.219,-0.612,-1.744,0,0.0,0,0.0,0,0.0,2.82,0.0666,0,Econômico / Suave,-1.295132680514105,-0.556226415344741
455,2277,0,120.0,119,48.84,70.72,17.39,0.686,2.21,-0.621,-2.559,1,0.5,1,0.5,0,0.017,2.27,0.0793,1,Moderado / Regular,0.9106733045160524,0.39109031725180166
455,2277,1,120.0,116,34.18,61.17,16.28,0.587,1.604,-0.617,-2.19,1,0.5,0,0.0,0,0.043,2.64,0.0884,1,Moderado / Regular,-0.3217446886557793,-0.24637519323324802
455,2277,2,120.0,91,13.89,36.6,13.59,0.686,1.684,-0.833,-2.345,1,0.5,0,0.0,0,0.407,2.15,0.0593,1,Moderado / Regular,0.07327096631723702,-1.4816205554918531
455,2277,3,120.0,100,22.88,45.74,17.86,0.881,1.979,-0.822,-2.005,1,0.5,0,0.0,0,0.28,4.14,0.125,1,Moderado / Regular,1.0210566873658569,-1.1306321122110548
455,2277,4,119.0,97,10.31,38.51,12.47,0.784,2.324,-0.879,-2.371,2,1.01,1,0.5,0,0.454,2.15,0.0624,1,Moderado / Regular,1.5531555395127334,-1.5337746685924067
455,2277,5,119.0,91,19.66,48.53,18.47,0.854,2.147,-1.05,-2.324,1,0.5,1,0.5,0,0.297,4.44,0.119,1,Moderado / Regular,1.5987030454316604,-1.1169954578961512
455,2277,6,117.0,95,21.54,48.77,17.98,0.964,2.316,-1.03,-2.187,4,2.05,1,0.51,0,0.274,3.24,0.0912,2,Agressivo / Dinâmico,2.5197222165788236,-0.36801520976464924
455,2277,7,123.0,117,28.92,47.96,12.41,0.759,1.433,-0.819,-2.201,1,0.49,0,0.0,0,0.026,4.0,0.1315,1,Moderado / Regular,-0.18967571157722346,-0.922811229237652
455,2277,8,120.0,108,19.89,68.21,21.7,0.71,2.351,-0.618,-1.281,0,0.0,1,0.5,0,0.287,6.01,0.1831,1,Moderado / Regular,1.428603973484833,-1.0346915958208953
455,2277,9,120.0,106,39.57,69.49,21.31,0.564,1.982,-0.835,-2.219,3,1.5,0,0.0,0,0.085,2.52,0.0852,1,Moderado / Regular,0.5205372973814926,0.8198912002291339
455,2277,10,77.0,76,39.05,62.29,12.43,0.648,1.489,-1.018,-2.253,3,2.34,0,0.0,0,0.0,3.01,0.0672,1,Moderado / Regular,0.0680502070187032,0.7159709490818535
455,2279,0,112.0,86,14.96,41.67,12.46,0.468,0.894,-0.569,-1.537,0,0.0,0,0.0,0,0.279,1.47,0.0412,1,Moderado / Regular,-1.5469515275083734,-1.3684286865803352
455,2279,1,121.0,110,24.76,37.73,12.28,0.521,1.473,-0.379,-1.117,0,0.0,0,0.0,0,0.155,3.16,0.1035,1,Moderado / Regular,-0.8984424200127265,-1.077030354314546
455,2279,2,116.0,99,27.08,43.11,12.43,0.287,0.708,-0.367,-0.969,0,0.0,0,0.0,0,0.131,2.28,0.0699,0,Econômico / Suave,-2.327232895809514,-0.5383413990447309
455,2279,3,120.0,115,36.31,51.53,11.39,0.481,2.002,-0.222,-0.581,0,0.0,1,0.5,0,0.043,6.52,0.219,1,Moderado / Regular,-0.18150174101026048,-0.4968264241207668
455,2279,4,120.0,119,46.63,66.26,7.08,0.281,0.666,-0.321,-0.769,0,0.0,0,0.0,0,0.0,3.02,0.1014,0,Econômico / Suave,-2.817991372294861,0.07867208716276128
455,2279,5,117.0,110,33.93,65.88,22.46,0.667,1.556,-0.53,-1.838,0,0.0,0,0.0,0,0.091,3.22,0.1009,1,Moderado / Regular,-0.01816723629948062,-0.28930702749245807
455,2279,6,112.0,85,21.61,43.34,15.47,0.617,1.41,-0.735,-1.762,0,0.0,0,0.0,0,0.259,4.8,0.124,1,Moderado / Regular,-0.5296094706103996,-1.16468604374711
455,2279,7,120.0,114,27.94,45.46,12.01,0.709,1.997,-0.708,-1.776,0,0.0,0,0.0,0,0.061,1.57,0.0478,1,Moderado / Regular,0.10291711124370174,-1.272440725835461
455,2279,8,119.0,57,0.06,3.55,0.47,0.0,0.0,-0.646,-1.253,0,0.0,0,0.0,0,0.982,0.92,0.0292,0,Econômico / Suave,-4.158933361328951,-1.9744232983853482
455,2279,9,119.0,102,35.13,57.32,16.5,0.724,1.723,-0.465,-1.376,0,0.0,0,0.0,0,0.078,5.56,0.1627,1,Moderado / Regular,0.008799021696124969,-0.669672279061935
455,2280,0,115.0,112,27.14,53.28,16.6,0.844,1.844,-1.047,-2.539,6,3.13,0,0.0,0,0.125,5.4,0.1688,2,Agressivo / Dinâmico,1.5097849193365407,0.5232390196381314
455,2280,1,124.0,100,46.67,85.42,27.67,0.819,2.327,-0.711,-1.486,0,0.0,2,0.97,0,0.14,8.83,0.2549,2,Agressivo / Dinâmico,2.1312154267152934,0.5033981135428791
455,2280,2,118.0,95,37.9,72.42,26.64,0.632,1.293,-0.567,-1.152,0,0.0,0,0.0,0,0.189,3.8,0.1037,1,Moderado / Regular,-0.21894888631470028,0.213382340058474
455,2280,3,98.0,97,36.63,63.82,15.64,0.689,1.995,-0.699,-2.108,1,0.61,0,0.0,0,0.01,2.2,0.0612,1,Moderado / Regular,0.33727689776478414,-0.30035458388617464
455,2281,0,115.0,86,37.82,76.32,32.02,0.816,2.013,-1.239,-2.726,5,2.61,2,1.04,0,0.349,7.79,0.1891,2,Agressivo / Dinâmico,2.9610532031029266,1.8502382823456165
455,2281,1,78.0,71,51.88,75.47,21.9,0.666,2.103,-0.711,-2.019,2,1.54,2,1.54,0,0.056,6.35,0.1261,2,Agressivo / Dinâmico,2.1271396503186333,1.6431407292926261
455,2287,0,120.0,119,41.67,53.47,9.37,0.209,0.456,-0.331,-0.65,0,0.0,0,0.0,0,0.0,3.96,0.1327,0,Econômico / Suave,-3.0727262682318885,0.10480193152564085
455,2287,1,118.0,98,15.7,46.09,17.37,0.682,1.828,-0.924,-2.482,3,1.53,0,0.0,0,0.459,5.0,0.1459,1,Moderado / Regular,0.7023556719893636,-0.6281673963408508
455,2287,2,120.0,109,22.73,45.49,16.03,0.688,1.854,-0.75,-1.965,0,0.0,0,0.0,0,0.193,4.09,0.1336,1,Moderado / Regular,0.1380761288428306,-1.2389081078782966
455,2287,3,120.0,104,16.58,38.93,15.13,0.514,1.755,-0.538,-1.326,0,0.0,0,0.0,0,0.385,3.54,0.1118,1,Moderado / Regular,-0.4126825063610174,-1.3243442190712171
455,2287,4,120.0,108,25.81,53.23,22.04,0.559,1.806,-0.452,-1.455,0,0.0,0,0.0,0,0.352,1.16,0.0407,1,Moderado / Regular,0.009976044099432218,-0.5765068353632827
455,2287,5,120.0,117,32.21,49.31,15.45,0.389,1.055,-0.73,-1.764,0,0.0,0,0.0,0,0.137,8.09,0.2641,0,Econômico / Suave,-1.5962350414043815,-0.3172757943726056
455,2287,6,120.0,102,3.78,42.11,8.1,0.895,1.807,-0.567,-0.851,0,0.0,0,0.0,0,0.745,2.58,0.0805,1,Moderado / Regular,0.42099696524890545,-2.836143822372019
455,2287,7,120.0,110,15.13,43.69,14.42,0.729,1.581,-0.809,-2.509,2,1.0,0,0.0,0,0.291,1.95,0.0646,1,Moderado / Regular,0.265020024687604,-1.1442986140850435
455,2287,8,120.0,120,59.8,74.06,14.35,0.57,2.144,-0.642,-2.906,5,2.5,3,1.5,0,0.0,13.07,0.4358,2,Agressivo / Dinâmico,1.7512207273902798,2.232379059184237
455,2287,9,120.0,116,45.74,69.4,22.54,0.483,1.731,-0.531,-1.58,0,0.0,0,0.0,0,0.069,5.93,0.1923,1,Moderado / Regular,-0.42144589057099857,0.4869129781403572
455,2287,10,120.0,103,49.72,76.43,25.02,0.649,2.398,-0.805,-2.568,1,0.5,3,1.5,0,0.136,5.95,0.1748,2,Agressivo / Dinâmico,2.199949715720699,1.115138863100777
455,2289,0,65.0,56,32.91,77.35,30.59,1.081,1.798,-0.739,-1.71,0,0.0,0,0.0,0,0.286,3.24,0.0521,1,Moderado / Regular,1.7262503464281203,-0.47378694703483437
455,2290,0,120.0,119,73.64,91.02,15.83,0.435,1.742,-0.377,-0.931,0,0.0,0,0.0,0,0.0,11.28,0.3771,0,Econômico / Suave,-1.107170545115967,1.4632467947448113
455,2290,1,120.0,119,51.14,74.75,24.91,0.276,0.704,-0.471,-2.408,1,0.5,0,0.0,0,0.0,2.0,0.0616,0,Econômico / Suave,-1.8160504365034122,1.5699138357109506
455,2290,2,117.0,115,44.86,63.24,19.29,0.431,0.961,-0.59,-3.307,3,1.54,0,0.0,0,0.052,2.66,0.0849,0,Econômico / Suave,-1.0275571016681657,1.2942841690470728
455,2290,3,121.0,84,35.05,69.46,29.04,0.613,1.726,-0.273,-0.545,0,0.0,0,0.0,0,0.321,7.8,0.1871,1,Moderado / Regular,0.32384633833898485,0.18271900708726843
455,2290,4,120.0,114,47.56,79.21,30.7,0.445,2.667,-0.594,-2.746,3,1.5,2,1.0,0,0.175,5.16,0.1706,2,Agressivo / Dinâmico,2.134151064897433,2.0145665942944446
455,2290,5,119.0,81,14.29,55.16,19.37,1.174,2.339,-0.595,-1.348,0,0.0,1,0.5,0,0.58,1.66,0.042,2,Agressivo / Dinâmico,2.5766592491548796,-2.0526455033237054
455,2290,6,120.0,119,46.0,69.12,19.66,0.469,0.979,-0.653,-1.816,0,0.0,0,0.0,0,0.0,5.85,0.1906,0,Econômico / Suave,-1.3843709523623053,0.4595211181251138
455,2290,7,119.0,107,54.39,73.3,24.16,0.555,2.714,-0.641,-2.68,5,2.52,3,1.51,0,0.112,6.59,0.209,2,Agressivo / Dinâmico,2.8416746056081728,2.489516963723291
455,2290,8,83.0,66,33.35,64.49,21.93,0.923,1.959,-0.815,-1.555,0,0.0,0,0.0,0,0.182,5.07,0.0942,1,Moderado / Regular,1.056968344235127,-0.748821497610213
455,2298,0,119.0,111,56.33,78.52,23.05,0.456,1.662,-0.585,-1.427,0,0.0,0,0.0,0,0.036,6.77,0.2131,0,Econômico / Suave,-0.6340734955526115,1.0515908423837586
455,2298,1,115.0,87,26.75,73.57,23.4,0.926,2.708,-1.078,-2.938,5,2.61,2,1.04,0,0.356,0.29,0.0134,2,Agressivo / Dinâmico,3.6597385307710417,0.6078796092036997
455,2300,0,120.0,118,46.39,59.89,10.49,0.52,1.414,-0.616,-2.037,1,0.5,0,0.0,0,0.0,7.98,0.2609,0,Econômico / Suave,-1.0838449530236909,0.10952794771885488
455,2300,1,119.0,101,35.96,71.15,25.05,1.088,2.752,-1.051,-2.536,6,3.03,11,5.55,0,0.188,7.2,0.2055,2,Agressivo / Dinâmico,8.00995374949642,2.1692296105307887
455,2300,2,120.0,119,53.87,67.1,11.61,0.587,1.612,-0.606,-1.267,0,0.0,0,0.0,0,0.0,6.99,0.2358,0,Econômico / Suave,-0.8699616038661673,0.12299155485276861
455,2300,3,64.0,64,51.79,72.86,17.3,0.581,1.862,-0.875,-1.802,0,0.0,0,0.0,0,0.0,8.87,0.1577,1,Moderado / Regular,-0.33236228202330736,0.3207575392927936
455,2305,0,120.0,99,20.86,62.08,18.27,0.711,1.254,-0.762,-1.76,0,0.0,0,0.0,0,0.263,3.43,0.0963,1,Moderado / Regular,-0.30321221079423827,-1.147748079902004
455,2305,1,120.0,100,18.69,38.02,12.65,0.693,1.93,-0.536,-1.716,0,0.0,0,0.0,0,0.21,2.2,0.0669,1,Moderado / Regular,0.10370344979591613,-1.6333124038834093
455,2305,2,119.0,112,26.08,51.23,16.03,0.688,1.66,-0.763,-1.582,0,0.0,0,0.0,0,0.134,3.1,0.101,1,Moderado / Regular,-0.09417835552928559,-1.0572014532293366
455,2305,3,121.0,99,33.56,53.1,19.29,0.377,1.658,-0.252,-0.526,0,0.0,0,0.0,0,0.202,4.45,0.1246,1,Moderado / Regular,-0.825456144065907,-0.1055529804266791
455,2305,4,119.0,94,32.23,57.67,20.95,0.484,1.944,-0.51,-1.194,0,0.0,0,0.0,0,0.191,3.29,0.0889,1,Moderado / Regular,-0.15311263824993712,-0.2582148928756801
455,2305,5,63.0,63,40.47,58.46,12.8,0.426,1.065,-0.305,-0.606,0,0.0,0,0.0,0,0.0,5.39,0.0943,0,Econômico / Suave,-1.6891660359981007,-0.13597207243689613
455,2310,0,120.0,120,69.51,86.08,13.73,0.384,1.642,-0.478,-1.266,0,0.0,0,0.0,0,0.0,8.68,0.2894,0,Econômico / Suave,-1.4104592412100114,1.2369760593962478
455,2310,1,120.0,111,34.86,75.42,24.75,0.407,1.199,-0.512,-1.491,0,0.0,0,0.0,0,0.036,-0.06,-0.0011,1,Moderado / Regular,-0.9741882889875264,0.2845559279915557
455,2310,2,120.0,113,13.4,25.38,6.72,0.334,0.854,-0.395,-1.065,0,0.0,0,0.0,0,0.071,0.79,0.0273,0,Econômico / Suave,-2.2044578672616417,-1.5764242080207274
455,2310,3,118.0,107,10.08,20.24,5.27,0.364,1.201,-0.497,-1.136,0,0.0,0,0.0,0,0.131,0.03,0.0026,0,Econômico / Suave,-1.8034852355805202,-1.9001680335936084
455,2310,4,120.0,112,45.51,70.78,24.28,0.466,1.931,-0.79,-2.273,2,1.0,0,0.0,0,0.107,3.04,0.0968,1,Moderado / Regular,0.14229341674097584,1.1244371933727422
455,2310,5,100.0,74,30.0,68.72,29.67,0.684,2.195,-0.319,-0.478,0,0.0,1,0.6,0,0.392,8.84,0.1842,1,Moderado / Regular,1.5743415190049286,-0.038660348706346506
455,2310,6,120.0,119,46.82,84.37,28.93,0.332,1.0,-0.537,-2.159,3,1.5,0,0.0,0,0.0,4.46,0.1596,0,Econômico / Suave,-0.8135918358700036,2.034346015160591
455,2310,7,114.0,98,12.9,32.15,10.13,0.458,1.31,-0.56,-1.225,0,0.0,0,0.0,0,0.184,1.34,0.0382,1,Moderado / Regular,-1.232937738011936,-1.638688295635577
455,2310,8,116.0,84,30.62,67.82,27.48,0.765,2.687,-0.741,-2.092,1,0.52,3,1.55,0,0.286,5.24,0.1236,2,Agressivo / Dinâmico,3.143196547981082,0.1955371831680263
455,2310,9,114.0,93,34.2,58.29,21.12,0.459,1.34,-0.657,-1.958,0,0.0,0,0.0,0,0.183,4.2,0.1097,1,Moderado / Regular,-0.8588492634539523,-0.040306290852492904
455,2310,10,124.0,113,44.85,72.17,24.46,0.576,1.908,-0.354,-0.757,0,0.0,0,0.0,0,0.106,8.13,0.2566,1,Moderado / Regular,0.10881894592419546,0.4032641234449028
455,2310,11,56.0,52,49.19,68.67,20.62,0.671,2.288,-1.07,-2.702,3,3.21,1,1.07,0,0.038,7.68,0.1116,2,Agressivo / Dinâmico,2.4294128041130727,2.2328774773658333
455,2314,0,120.0,119,33.46,59.74,13.01,0.868,1.749,-0.828,-2.756,2,1.0,0,0.0,0,0.0,3.28,0.1127,1,Moderado / Regular,0.5762355207412666,-0.587573202556764
455,2314,1,60.0,60,32.63,44.11,10.15,0.657,1.529,-0.789,-1.89,0,0.0,0,0.0,0,0.0,4.63,0.0772,1,Moderado / Regular,-0.6538958604665003,-1.0251319446032725
455,2316,0,72.0,65,30.13,50.69,15.53,0.842,1.702,-0.928,-2.326,3,2.5,0,0.0,0,0.077,2.83,0.0562,1,Moderado / Regular,1.0804358628963322,0.27411773112659316
455,2323,0,119.0,115,39.66,64.17,19.13,0.57,2.369,-1.01,-2.934,5,2.52,3,1.51,0,0.052,7.36,0.2359,2,Agressivo / Dinâmico,2.4095842940520678,1.552277393521114
455,2323,1,116.0,77,16.35,53.83,17.59,0.683,1.386,-0.535,-1.146,0,0.0,0,0.0,0,0.429,4.71,0.1101,1,Moderado / Regular,-0.23193539181497583,-1.3748553286777945
455,2323,2,120.0,120,42.44,59.15,12.42,0.578,1.81,-0.539,-1.527,0,0.0,0,0.0,0,0.008,4.11,0.1369,1,Moderado / Regular,-0.5465472160327328,-0.3751883012510411
455,2323,3,108.0,91,24.47,46.35,13.34,0.638,1.449,-0.839,-2.06,1,0.56,0,0.0,0,0.11,4.89,0.1331,1,Moderado / Regular,-0.3856739741849486,-0.8755227037097967
455,2323,4,112.0,85,22.94,45.39,17.56,0.449,1.216,-0.793,-1.78,0,0.0,0,0.0,0,0.259,2.14,0.0556,1,Moderado / Regular,-1.0861418379849772,-0.7308616072798066
455,2323,5,112.0,96,39.56,64.42,21.84,0.497,1.399,-0.88,-2.091,1,0.54,0,0.0,0,0.146,1.59,0.0488,1,Moderado / Regular,-0.5404633358931659,0.4880160990209684
455,2323,6,90.0,75,34.12,52.36,16.44,0.698,2.206,-0.511,-2.035,1,0.67,2,1.33,0,0.067,9.46,0.2041,2,Agressivo / Dinâmico,1.766098834166258,-0.07413039233918187
455,2323,7,109.0,90,20.33,49.32,15.87,0.649,1.65,-0.934,-1.965,0,0.0,0,0.0,0,0.222,4.09,0.1125,1,Moderado / Regular,-0.16409435463922822,-1.2778830949915367
455,2323,8,120.0,120,44.05,55.24,10.17,0.624,1.694,-0.486,-2.21,2,1.0,0,0.0,0,0.0,9.88,0.3292,1,Moderado / Regular,-0.3550751924752666,0.0809512248702772
455,2323,9,120.0,119,59.58,72.53,9.62,0.392,1.711,-0.418,-1.745,0,0.0,0,0.0,0,0.0,8.53,0.2857,0,Econômico / Suave,-1.4271096284758085,0.5259393828992716
455,2323,10,120.0,119,48.3,66.84,17.62,0.589,1.743,-0.635,-1.813,0,0.0,0,0.0,0,0.008,7.04,0.2364,1,Moderado / Regular,-0.38912382083048586,0.18290774043399974
455,2323,11,120.0,119,58.52,68.75,6.02,0.308,0.834,-0.321,-0.897,0,0.0,0,0.0,0,0.0,4.34,0.1429,0,Econômico / Suave,-2.7279959479803426,0.5091574517751258
455,2323,12,114.0,65,4.76,49.91,12.49,0.0,0.0,-1.118,-1.924,0,0.0,0,0.0,0,0.831,-0.99,-0.0083,0,Econômico / Suave,-3.621887362120024,-1.0803726123730086
455,2323,13,117.0,109,45.38,76.82,24.74,0.767,2.448,-0.599,-1.445,0,0.0,3,1.54,0,0.119,8.32,0.2637,2,Agressivo / Dinâmico,2.4644893930869323,0.46348618108377787
455,2329,0,115.0,95,17.98,38.74,12.95,0.754,1.685,-0.692,-1.719,0,0.0,0,0.0,0,0.189,3.06,0.084,1,Moderado / Regular,0.029475463218944415,-1.6982201133872101
455,2329,1,95.0,40,0.0,0.0,0.0,0.0,0.0,0.0,0.0,0,0.0,0,0.0,0,1.0,0.31,0.0092,0,Econômico / Suave,-4.181031131438371,-2.00365689244464
455,2329,2,104.0,40,0.0,0.0,0.0,0.0,0.0,0.0,0.0,0,0.0,0,0.0,0,1.0,0.31,0.0098,0,Econômico / Suave,-4.181031131438371,-2.00365689244464
455,2329,3,103.0,49,0.0,0.0,0.0,0.0,0.0,0.0,0.0,0,0.0,0,0.0,0,1.0,0.23,0.0068,0,Econômico / Suave,-4.181031131438371,-2.00365689244464
455,2329,4,107.0,51,0.0,0.0,0.0,0.0,0.0,0.0,0.0,0,0.0,0,0.0,0,1.0,0.23,0.0069,0,Econômico / Suave,-4.181031131438371,-2.00365689244464
455,2329,5,117.0,60,1.67,10.9,3.4,0.256,0.494,0.0,0.0,0,0.0,0,0.0,0,0.783,0.52,0.0107,0,Econômico / Suave,-2.841637265509594,-2.1504148827422025
455,2329,6,43.0,36,8.38,14.98,5.36,0.428,1.251,-0.412,-1.016,0,0.0,0,0.0,0,0.25,0.62,0.0071,1,Moderado / Regular,-1.56316818100087,-2.0674457502859327
455,2335,0,120.0,115,35.81,52.25,13.49,0.405,1.231,-0.549,-1.422,0,0.0,0,0.0,0,0.052,5.08,0.1623,0,Econômico / Suave,-1.496647724172299,-0.30707901411096017
455,2335,1,119.0,111,31.39,52.54,16.48,0.697,1.837,-0.612,-1.694,0,0.0,0,0.0,0,0.081,2.85,0.0888,1,Moderado / Regular,0.08886604928099369,-0.8228838572910674
455,2335,2,107.0,91,34.18,49.26,17.34,0.407,1.539,-0.332,-0.943,0,0.0,0,0.0,0,0.143,3.91,0.1019,1,Moderado / Regular,-0.9700008646877166,-0.21093240733628946
455,2335,3,103.0,83,27.49,46.85,16.02,0.463,1.229,-0.593,-1.413,0,0.0,0,0.0,0,0.169,2.72,0.0654,1,Moderado / Regular,-1.1501969532584295,-0.6278856342156137
455,2335,4,49.0,49,33.03,43.41,6.7,0.492,0.993,-0.347,-0.641,0,0.0,0,0.0,0,0.0,3.68,0.0501,0,Econômico / Suave,-1.818043131389896,-0.9030939262628691
455,2339,0,120.0,116,40.3,55.86,18.25,0.389,1.097,-0.519,-1.401,0,0.0,0,0.0,0,0.086,6.42,0.2095,0,Econômico / Suave,-1.4893662414173177,0.20874695756203465
455,2339,1,120.0,107,25.73,57.73,22.27,0.425,1.39,-0.63,-1.528,0,0.0,0,0.0,0,0.308,3.71,0.117,1,Moderado / Regular,-0.7657344890049427,-0.3281098947457257
455,2339,2,120.0,111,24.76,49.14,17.23,0.66,1.845,-0.653,-1.775,0,0.0,0,0.0,0,0.234,5.87,0.1849,1,Moderado / Regular,0.09463848960587708,-1.0382363525553615
455,2339,3,120.0,113,27.12,54.73,15.93,0.667,2.156,-0.744,-2.619,3,1.5,2,1.0,0,0.15,3.2,0.1079,2,Agressivo / Dinâmico,1.6561027770902137,0.007008281444471959
455,2339,4,120.0,111,31.2,53.89,19.78,0.539,1.891,-0.406,-0.824,0,0.0,0,0.0,0,0.234,4.8,0.1633,1,Moderado / Regular,-0.11065925594807417,-0.43901889012742684
455,2339,5,120.0,113,26.23,48.28,17.58,0.523,2.009,-0.59,-1.772,0,0.0,1,0.5,0,0.168,6.55,0.2117,1,Moderado / Regular,0.3240158057170229,-0.6725387430320782
455,2339,6,120.0,112,35.34,67.27,23.01,0.642,1.534,-0.699,-1.649,0,0.0,0,0.0,0,0.125,7.33,0.2355,1,Moderado / Regular,-0.09306323263939174,-0.15618037990875727
455,2339,7,120.0,110,38.35,66.91,27.33,0.581,1.595,-0.648,-1.419,0,0.0,0,0.0,0,0.264,7.58,0.2342,1,Moderado / Regular,-0.008881537133499802,0.30056878251688923
455,2339,8,120.0,119,62.04,77.14,6.74,0.272,0.609,-0.32,-0.781,0,0.0,0,0.0,0,0.0,8.06,0.2707,0,Econômico / Suave,-3.0543473076681074,0.7923693995692093
455,2339,9,116.0,112,42.27,68.15,20.23,0.668,1.893,-0.747,-1.816,0,0.0,0,0.0,0,0.08,4.41,0.1454,1,Moderado / Regular,0.15488990296836846,-0.07692600420819698
455,2344,0,119.0,110,43.35,67.19,26.92,0.222,0.508,-0.552,-2.05,1,0.5,0,0.0,0,0.245,4.54,0.1426,0,Econômico / Suave,-1.9970901713403872,1.423035497446943
455,2344,1,84.0,83,55.89,66.95,14.3,0.63,2.157,-0.557,-2.108,1,0.71,2,1.43,0,0.0,8.06,0.1865,2,Agressivo / Dinâmico,1.3351181375583323,0.9564856310152259
455,2355,0,120.0,119,73.18,84.83,11.62,0.386,1.46,-0.228,-0.496,0,0.0,0,0.0,0,0.0,10.3,0.3435,0,Econômico / Suave,-1.7293497688108919,1.310334483002444
455,2355,1,120.0,117,46.0,73.65,25.76,0.337,1.174,-0.485,-1.556,0,0.0,0,0.0,0,0.06,0.51,0.016,0,Econômico / Suave,-1.2350338911664036,0.9550819542560095
455,2355,2,120.0,111,29.93,62.65,24.39,0.485,1.344,-0.573,-1.477,0,0.0,0,0.0,0,0.126,4.73,0.1476,1,Moderado / Regular,-0.5907961106384076,-0.08954723586477539
455,2355,3,117.0,87,22.35,66.68,25.21,0.577,1.3,-0.853,-2.158,1,0.51,0,0.0,0,0.425,-2.06,-0.0493,1,Moderado / Regular,-0.12736216784275914,-0.2298039265574025
455,2355,4,121.0,68,4.05,29.92,8.94,1.154,2.031,-0.888,-1.586,0,0.0,1,0.5,0,0.794,0.73,0.0147,1,Moderado / Regular,1.7910832478021266,-3.0438217335393394
455,2355,5,119.0,104,46.18,77.11,26.12,0.499,1.65,-0.243,-0.329,0,0.0,0,0.0,0,0.183,10.39,0.3037,1,Moderado / Regular,-0.2953599886925882,0.6982662015032942
455,2355,6,120.0,88,37.14,78.42,34.39,0.237,0.372,-0.591,-1.827,0,0.0,0,0.0,0,0.375,-1.1,-0.0255,0,Econômico / Suave,-1.8417100800815023,1.2773631820703808
455,2355,7,119.0,95,9.46,26.07,9.37,0.433,1.03,-0.464,-1.123,0,0.0,0,0.0,0,0.4,0.94,0.0275,1,Moderado / Regular,-1.5972048460413772,-1.7680526052336982
455,2355,8,121.0,80,6.12,43.32,12.59,0.931,1.601,-0.879,-2.203,1,0.5,0,0.0,0,0.725,0.96,0.0221,1,Moderado / Regular,0.6532334760031989,-2.218203579763609
455,2355,9,120.0,88,27.45,60.9,25.05,0.899,2.116,-0.699,-1.752,0,0.0,2,1.0,0,0.364,4.72,0.1165,2,Agressivo / Dinâmico,2.1911652046593466,-0.605618900362843
455,2355,10,120.0,120,53.91,76.59,17.99,0.554,2.003,-0.481,-1.441,0,0.0,1,0.5,0,0.008,8.3,0.2768,1,Moderado / Regular,0.17355943156957584,0.5896156214646414
455,2355,11,59.0,59,65.2,70.51,3.06,0.261,0.585,-0.249,-0.479,0,0.0,0,0.0,0,0.0,9.59,0.1571,0,Econômico / Suave,-3.3136307990989056,0.749598947940271
455,2356,0,120.0,101,27.12,62.59,27.24,0.684,1.863,-0.78,-2.686,4,2.0,0,0.0,0,0.436,3.16,0.0963,1,Moderado / Regular,1.2656051947996896,0.7088588210442207
455,2356,1,120.0,112,29.22,55.87,18.22,0.738,2.316,-0.634,-1.62,0,0.0,1,0.5,0,0.152,5.62,0.1816,1,Moderado / Regular,1.215512366205598,-0.8322057332568573
455,2356,2,120.0,117,35.84,53.33,13.91,1.15,2.219,-1.056,-2.68,8,4.0,3,1.5,0,0.017,8.57,0.2804,2,Agressivo / Dinâmico,4.0207176713967545,1.1343528190719927
455,2356,3,120.0,111,25.98,58.23,22.75,0.71,2.192,-0.992,-2.887,3,1.5,2,1.0,0,0.342,6.21,0.1975,2,Agressivo / Dinâmico,2.1455261174025373,0.2749118147268414
455,2356,4,58.0,58,30.74,48.07,10.96,0.638,1.703,-0.591,-1.438,0,0.0,0,0.0,0,0.0,2.94,0.0474,1,Moderado / Regular,-0.466558756536233,-1.0651776636190768
455,2357,0,119.0,105,28.69,56.65,19.79,0.719,1.758,-0.931,-2.223,2,1.01,0,0.0,0,0.219,2.59,0.0812,1,Moderado / Regular,0.5648012578866581,-0.22009956132312908
455,2357,1,121.0,117,40.55,59.29,15.75,0.59,2.052,-0.759,-2.266,3,1.49,1,0.5,0,0.068,7.47,0.245,2,Agressivo / Dinâmico,0.7980871378558135,0.616530020395166
455,2357,2,120.0,120,36.01,62.59,19.61,0.875,2.241,-1.151,-2.76,6,3.0,3,1.5,0,0.125,4.96,0.1652,2,Agressivo / Dinâmico,3.2778052005028298,1.278367270356919
455,2360,0,120.0,103,28.46,66.7,23.72,0.66,2.113,-0.754,-2.201,2,1.0,1,0.5,0,0.204,4.12,0.1216,2,Agressivo / Dinâmico,1.3834966754197133,0.13080202461039903
455,2360,1,120.0,101,20.06,55.34,18.75,1.028,3.042,-0.652,-1.911,0,0.0,4,2.0,0,0.287,0.87,0.027,2,Agressivo / Dinâmico,4.091106337512096,-1.3752381217202128
455,2360,2,120.0,106,36.27,63.04,21.75,0.642,2.158,-0.484,-2.18,1,0.5,1,0.5,0,0.16,6.03,0.1799,1,Moderado / Regular,1.0618921525174296,0.12198571811626252
455,2360,3,120.0,117,60.41,78.12,20.05,0.251,0.445,-0.589,-1.643,0,0.0,0,0.0,0,0.06,7.08,0.2304,0,Econômico / Suave,-2.625573567582099,1.5173613518629812
455,2360,4,118.0,91,30.73,65.03,27.76,1.05,2.095,-0.676,-1.3,0,0.0,1,0.51,0,0.363,1.56,0.0422,2,Agressivo / Dinâmico,2.2614675198438805,-0.6157700193581515
455,2360,5,117.0,89,26.05,59.4,24.85,0.756,1.537,-0.697,-1.521,0,0.0,0,0.0,0,0.393,2.48,0.0655,1,Moderado / Regular,0.3816047385873264,-0.6373505747718307
455,2360,6,120.0,108,38.86,69.21,26.73,0.63,1.897,-0.531,-1.297,0,0.0,0,0.0,0,0.241,6.8,0.2056,1,Moderado / Regular,0.40213391280622407,0.18225908678856187
455,2360,7,119.0,81,23.32,66.04,27.35,0.667,1.588,-0.321,-0.62,0,0.0,0,0.0,0,0.531,7.01,0.161,1,Moderado / Regular,0.34484886449071456,-0.5091909393669143
455,2360,8,119.0,81,11.83,58.43,19.79,1.09,1.849,-1.197,-2.467,3,1.51,0,0.0,0,0.679,1.76,0.0437,1,Moderado / Regular,1.9443268393156854,-1.2383854592717445
455,2360,9,119.0,88,11.61,56.29,16.79,0.378,0.619,-0.594,-1.495,0,0.0,0,0.0,0,0.568,-0.36,-0.0059,0,Econômico / Suave,-1.833052602152755,-1.1196076566654372
455,2360,10,113.0,46,0.0,0.0,0.0,0.0,0.0,0.0,0.0,0,0.0,0,0.0,0,1.0,0.46,0.0143,0,Econômico / Suave,-4.181031131438371,-2.00365689244464
455,2360,11,119.0,84,8.35,24.53,7.74,0.442,0.767,-0.45,-0.962,0,0.0,0,0.0,0,0.357,1.84,0.0477,0,Econômico / Suave,-1.9166709598242253,-1.8870885450320383
455,2360,12,120.0,108,21.42,55.43,17.84,0.816,1.788,-0.894,-2.412,5,2.5,0,0.0,0,0.185,2.96,0.0905,1,Moderado / Regular,1.2902032725449424,0.02469742174799345
455,2360,13,120.0,116,39.72,74.77,22.51,0.87,2.959,-0.74,-1.969,0,0.0,5,2.5,0,0.052,2.51,0.0902,2,Agressivo / Dinâmico,4.010036755180869,0.08632953046104948
455,2360,14,120.0,120,47.88,68.89,14.92,0.709,1.866,-0.775,-2.729,4,2.0,0,0.0,0,0.0,6.2,0.2066,1,Moderado / Regular,0.5571981145655576,0.94120836386444
455,2377,0,120.0,114,44.75,66.94,18.34,0.574,2.142,-0.736,-2.038,1,0.5,1,0.5,0,0.035,7.56,0.2405,1,Moderado / Regular,0.6264996425236503,0.4167015963804241
455,2377,1,120.0,106,37.44,76.73,28.46,0.511,1.279,-0.899,-1.674,0,0.0,0,0.0,0,0.198,1.49,0.0451,1,Moderado / Regular,-0.460797742125083,0.4606308690648137
455,2377,2,118.0,81,18.48,57.9,22.29,0.732,1.705,-0.816,-1.923,0,0.0,0,0.0,0,0.531,-0.19,0.0016,1,Moderado / Regular,0.43764238578071574,-1.1222185228756374
455,2377,3,119.0,77,23.92,67.64,29.25,0.797,1.969,0.0,0.0,0,0.0,0,0.0,0,0.545,6.03,0.1337,1,Moderado / Regular,1.1714212687889247,-0.6033754978168282
455,2377,4,120.0,118,63.22,74.14,14.84,0.207,0.554,-0.57,-1.919,0,0.0,0,0.0,0,0.025,5.27,0.1754,0,Econômico / Suave,-2.9035611922854767,1.3986927803075395
455,2377,5,120.0,116,59.38,76.06,15.67,0.684,2.17,-0.371,-1.017,0,0.0,2,1.0,0,0.017,12.05,0.3928,2,Agressivo / Dinâmico,0.9458055722516574,0.6274179015311789
455,2377,6,60.0,41,27.95,71.43,26.75,1.15,2.205,-0.97,-2.454,2,2.0,1,1.0,0,0.341,3.92,0.0427,2,Agressivo / Dinâmico,3.6509934427557003,0.2699163753288363
541,672,0,117.0,106,41.58,56.13,19.57,0.63,2.575,-0.561,-1.396,0,0.0,2,1.03,0,0.104,5.02,0.1509,2,Agressivo / Dinâmico,1.596940896728692,0.04793238062335684
541,672,1,120.0,120,49.2,65.9,14.18,0.315,1.228,-0.451,-1.069,0,0.0,0,0.0,0,0.0,6.86,0.2285,0,Econômico / Suave,-1.8226208787981462,0.47359924394160163
541,672,2,100.0,89,25.62,66.33,23.36,0.71,1.735,-0.739,-2.083,1,0.6,0,0.0,0,0.292,-0.42,-0.0091,1,Moderado / Regular,0.5874900029710544,-0.37318699529381033
541,673,0,120.0,117,40.46,59.7,17.32,0.629,1.449,-0.509,-1.376,0,0.0,0,0.0,0,0.068,8.54,0.2808,1,Moderado / Regular,-0.5354735878507351,-0.21031928440313913
541,673,1,120.0,115,40.27,63.64,21.63,0.478,1.603,-0.528,-1.878,0,0.0,0,0.0,0,0.148,5.74,0.1865,1,Moderado / Regular,-0.5635222354391403,0.20711503341859738
541,673,2,120.0,120,62.04,73.59,12.0,0.443,1.832,-0.503,-1.485,0,0.0,0,0.0,0,0.0,5.99,0.1995,0,Econômico / Suave,-1.073595786089503,0.6878327337605586
541,673,3,46.0,40,26.97,68.8,22.04,0.868,1.821,-1.127,-2.04,1,1.3,0,0.0,0,0.225,10.22,0.1173,1,Moderado / Regular,1.2379670197746897,-0.22293025938409536
541,693,0,120.0,117,49.96,67.74,17.54,0.358,1.657,-0.474,-1.792,0,0.0,0,0.0,0,0.034,5.36,0.1768,0,Econômico / Suave,-1.1063872312510494,0.580401597154408
541,693,1,120.0,95,48.31,72.43,27.83,0.538,1.675,-0.72,-1.945,0,0.0,0,0.0,0,0.189,3.46,0.0931,1,Moderado / Regular,-0.1030272845881892,0.8366975184358229
541,693,2,89.0,81,34.15,62.49,21.53,0.837,2.029,-0.628,-1.495,0,0.0,1,0.67,0,0.086,6.25,0.1412,1,Moderado / Regular,1.433747237445348,-0.473527204888457
541,834,0,120.0,117,49.13,82.31,30.9,0.577,2.41,-0.886,-2.586,5,2.5,3,1.5,0,0.162,8.19,0.2677,2,Agressivo / Dinâmico,2.938925848574889,2.624343114713494
541,845,0,62.0,61,57.01,78.95,19.36,0.913,2.094,-0.706,-1.704,0,0.0,1,0.97,0,0.0,13.63,0.2291,2,Agressivo / Dinâmico,1.6438698056493275,0.4184769305689632
541,1072,0,120.0,119,70.31,85.71,18.8,0.669,1.56,-0.559,-1.644,0,0.0,0,0.0,0,0.0,17.58,0.5926,0,Econômico / Suave,-0.507803265400309,1.1840945443522413
541,1072,1,120.0,117,68.13,82.87,12.74,0.417,1.557,-0.549,-1.926,0,0.0,0,0.0,0,0.0,5.59,0.1882,0,Econômico / Suave,-1.4476295361717566,1.0843732301201456
541,1072,2,110.0,92,44.75,74.23,24.39,0.449,0.77,-0.74,-2.185,1,0.55,0,0.0,0,0.141,0.91,0.0291,0,Econômico / Suave,-1.2437659674183352,1.0290371511349257
541,1073,0,118.0,105,23.8,50.5,19.35,0.406,1.346,-0.636,-2.066,1,0.51,0,0.0,0,0.324,4.03,0.1243,1,Moderado / Regular,-0.8251094413131796,-0.2670020214335362
541,1073,1,117.0,111,51.16,63.37,15.1,0.231,0.587,-0.584,-1.782,0,0.0,0,0.0,0,0.045,7.88,0.2485,0,Econômico / Suave,-2.6863025998986765,0.8184037327445356
541,1073,2,122.0,112,46.6,83.98,38.24,0.826,2.131,-0.332,-0.912,0,0.0,2,0.98,0,0.366,15.71,0.4922,2,Agressivo / Dinâmico,2.462925089759515,1.1150255772038382
541,1073,3,120.0,120,65.21,82.09,15.56,0.451,1.832,-0.607,-2.145,2,1.0,0,0.0,0,0.0,6.51,0.2171,0,Econômico / Suave,-0.5952879900927059,1.5787468013328958
541,1073,4,120.0,118,46.47,73.76,23.23,0.628,1.718,-0.536,-2.121,2,1.0,0,0.0,0,0.119,6.51,0.2142,1,Moderado / Regular,0.28787858342231065,0.9193537967441261
541,1148,0,120.0,117,41.18,70.7,25.26,0.868,2.64,-0.999,-2.503,3,1.5,3,1.5,0,0.094,4.45,0.1447,2,Agressivo / Dinâmico,3.431138381162826,0.9579240464677963
541,1148,1,57.0,44,8.89,35.35,10.13,0.654,2.085,-1.037,-1.82,0,0.0,1,1.05,0,0.25,2.04,0.0291,1,Moderado / Regular,1.0008700042867602,-1.9558977439251426
541,1151,0,109.0,81,29.48,66.94,26.42,0.602,1.308,-0.721,-2.45,3,1.65,0,0.0,0,0.395,1.21,0.0298,1,Moderado / Regular,0.29976522863557614,0.7654809117957115
541,1151,1,71.0,64,57.88,72.64,18.75,0.672,2.344,-0.205,-0.292,0,0.0,2,1.69,0,0.031,13.31,0.2445,2,Agressivo / Dinâmico,1.830804585871623,0.8820985590752659
541,1153,0,112.0,96,48.2,77.41,29.69,0.609,2.111,-0.995,-3.015,4,2.14,2,1.07,0,0.208,5.94,0.1604,2,Agressivo / Dinâmico,2.190792128289379,2.212627771815182
